file,thumb,provenance,cluster,filename_name,pred_name,pred_conf,confident_name,fa2_x,fa2_y
1_E_1.jpg,1_E_1.jpg,scraped,0,,pcb,0.666667,pcb,921.561740,130.206176
1_E_2.jpg,1_E_2.jpg,scraped,1,,pcb,1.000000,pcb,1910.161658,-2442.286567
1_E_3.jpg,1_E_3.jpg,scraped,2,,Keyboard,0.933333,Keyboard,5447.239977,267.791593
1_E_4.jpg,1_E_4.jpg,scraped,0,,Washing_Machine,0.400000,,124.373785,525.316078
1_E_5.jpg,1_E_5.jpg,scraped,0,,pcb,1.000000,pcb,1031.904039,-961.059344
1_E_6.jpg,1_E_6.jpg,scraped,0,,Keyboard,0.533333,,2063.410152,397.048768
1_E_7.jpg,1_E_7.jpg,scraped,3,,Mobile,1.000000,Mobile,4522.604100,1849.166374
1_E_8.jpg,1_E_8.jpg,scraped,0,,pcb,0.466667,,953.780812,106.243047
1_E_9.jpeg,1_E_9.jpg,scraped,4,,Player,0.533333,,1032.626335,-184.052132
1_E_10.jpg,1_E_10.jpg,scraped,2,,Mobile,1.000000,Mobile,5053.292910,1296.260195
1_E_11.jpg,1_E_11.jpg,scraped,1,,pcb,1.000000,pcb,1626.534287,-1267.563953
1_E_12.jpg,1_E_12.jpg,scraped,6,,Keyboard,1.000000,Keyboard,1156.432300,1051.125048
1_E_13.jpg,1_E_13.jpg,scraped,0,,pcb,0.933333,pcb,579.138418,668.047322
1_E_14.jpg,1_E_14.jpg,scraped,1,,pcb,1.000000,pcb,1453.655040,-1977.962720
1_E_15.jpg,1_E_15.jpg,scraped,0,,Printer,0.400000,,-278.009249,376.924473
1_E_16.png,1_E_16.jpg,scraped,1,,pcb,0.800000,pcb,1356.546644,-1474.662854
1_E_17.jpg,1_E_17.jpg,scraped,6,,Television,1.000000,Television,1179.157192,2705.584551
1_E_18.png,1_E_18.jpg,scraped,0,,battery,0.533333,,1681.776648,-147.891983
1_E_19.jpg,1_E_19.jpg,scraped,0,,Printer,0.333333,,365.579629,389.862197
1_E_20.jpg,1_E_20.jpg,scraped,0,,Mobile,0.600000,Mobile,2307.361304,184.795588
1_E_21.jpg,1_E_21.jpg,scraped,6,,Television,1.000000,Television,-931.010544,4003.616465
1_E_22.jpeg,1_E_22.jpg,scraped,7,,Keyboard,0.933333,Keyboard,3922.446376,1082.561255
1_E_23.jpeg,1_E_23.jpg,scraped,2,,Keyboard,0.666667,Keyboard,6047.387412,22.386618
1_E_24.jpeg,1_E_24.jpg,scraped,6,,Television,1.000000,Television,-173.119616,2988.216029
1_E_25.jpg,1_E_25.jpg,scraped,6,,Television,1.000000,Television,302.969313,1560.876080
1_E_26.jpg,1_E_26.jpg,scraped,6,,Television,1.000000,Television,308.652310,3008.368810
1_E_27.jpg,1_E_27.jpg,scraped,0,,pcb,0.866667,pcb,140.091985,213.897222
1_E_28.jpg,1_E_28.jpg,scraped,1,,pcb,0.866667,pcb,1225.711717,-1504.588192
1_E_29.jpg,1_E_29.jpg,scraped,0,,Mobile,0.866667,Mobile,1049.476475,294.612057
1_E_30.jpg,1_E_30.jpg,scraped,8,,battery,0.600000,battery,325.298333,-2205.974948
1_E_31.jpg,1_E_31.jpg,scraped,2,,Keyboard,0.600000,Keyboard,5473.437144,217.031838
1_E_32.jpg,1_E_32.jpg,scraped,1,,pcb,1.000000,pcb,1920.928975,-1131.108045
1_E_33.jpg,1_E_33.jpg,scraped,1,,pcb,1.000000,pcb,2134.818254,-3162.021850
1_E_34.jpg,1_E_34.jpg,scraped,0,,pcb,0.733333,pcb,168.446095,196.578300
1_E_35.jpg,1_E_35.jpg,scraped,1,,pcb,1.000000,pcb,1597.383818,-1644.674787
1_E_36.jpg,1_E_36.jpg,scraped,6,,Television,0.800000,Television,517.522417,2301.371705
1_E_38.jpeg,1_E_38.jpg,scraped,9,,Keyboard,1.000000,Keyboard,4899.464418,-1539.954143
1_E_39.jpg,1_E_39.jpg,scraped,0,,pcb,0.400000,,593.323113,414.588332
1_E_40.jpeg,1_E_40.jpg,scraped,0,,battery,0.400000,,1765.397248,208.420706
1_E_41.jpg,1_E_41.jpg,scraped,0,,Keyboard,0.533333,,1440.210459,-183.071806
1_E_42.jpg,1_E_42.jpg,scraped,6,,Television,0.933333,Television,140.398127,3302.016142
1_E_43.jpg,1_E_43.jpg,scraped,6,,Television,1.000000,Television,-54.693025,2622.018369
1_E_44.jpg,1_E_44.jpg,scraped,1,,pcb,0.533333,,1441.103275,-1549.584460
1_E_45.jpg,1_E_45.jpg,scraped,0,,pcb,1.000000,pcb,1140.380357,-869.643432
1_E_46.jpg,1_E_46.jpg,scraped,1,,pcb,0.333333,,1421.513100,-1085.994656
1_E_47.jpg,1_E_47.jpg,scraped,0,,pcb,0.600000,pcb,690.349113,233.097390
1_E_48.jpg,1_E_48.jpg,scraped,0,,Mobile,0.866667,Mobile,798.486828,-93.733763
1_E_49.jpg,1_E_49.jpg,scraped,10,,Printer,1.000000,Printer,-2083.962532,1103.350669
1_E_50.jpg,1_E_50.jpg,scraped,0,,Mouse,0.400000,,407.873092,-15.158140
1_E_51.png,1_E_51.jpg,scraped,1,,pcb,1.000000,pcb,2123.964378,-3011.306255
1_E_52.jpg,1_E_52.jpg,scraped,0,,pcb,0.666667,pcb,599.148165,378.616747
1_E_53.jpg,1_E_53.jpg,scraped,0,,Mobile,0.666667,Mobile,520.642803,700.422863
1_E_54.jpg,1_E_54.jpg,scraped,0,,Television,0.733333,Television,206.407180,984.498848
1_E_55.jpg,1_E_55.jpg,scraped,1,,pcb,1.000000,pcb,1661.191187,-1823.214021
1_E_56.jpeg,1_E_56.jpg,scraped,9,,Keyboard,1.000000,Keyboard,4914.623542,-1604.649598
1_E_57.jpg,1_E_57.jpg,scraped,0,,pcb,0.933333,pcb,873.041123,59.359129
1_E_58.jpg,1_E_58.jpg,scraped,6,,Television,1.000000,Television,-44.847870,2217.546335
1_E_59.jpg,1_E_59.jpg,scraped,1,,pcb,1.000000,pcb,1704.328192,-1638.718682
1_E_60.jpg,1_E_60.jpg,scraped,0,,pcb,1.000000,pcb,1482.673339,-726.666347
1_E_61.jpg,1_E_61.jpg,scraped,6,,Keyboard,0.666667,Keyboard,473.342865,1593.325931
1_E_62.png,1_E_62.jpg,scraped,1,,pcb,1.000000,pcb,1971.323762,-2183.882522
1_E_63.png,1_E_63.jpg,scraped,0,,Television,0.866667,Television,481.293689,862.354444
1_E_64.jpg,1_E_64.jpg,scraped,0,,pcb,0.933333,pcb,599.196902,-114.769749
1_E_65.jpg,1_E_65.jpg,scraped,6,,Television,1.000000,Television,-272.655493,2328.194792
1_E_66.jpg,1_E_66.jpg,scraped,2,,Television,0.666667,Television,5877.442327,905.347135
1_E_67.jpg,1_E_67.jpg,scraped,0,,Television,0.466667,,-452.840501,671.582424
1_E_68.jpg,1_E_68.jpg,scraped,0,,pcb,0.933333,pcb,470.277918,-92.663716
1_E_69.jpg,1_E_69.jpg,scraped,0,,pcb,0.466667,,689.455448,439.937313
1_E_70.jpeg,1_E_70.jpg,scraped,0,,Television,0.333333,,74.375026,1046.562930
1_E_71.jpg,1_E_71.jpg,scraped,0,,Printer,0.933333,Printer,-714.559363,994.914990
1_E_72.jpg,1_E_72.jpg,scraped,1,,pcb,1.000000,pcb,1663.475838,-2026.180192
1_E_73.jpg,1_E_73.jpg,scraped,0,,Printer,0.733333,Printer,-136.267728,943.236170
1_E_74.jpg,1_E_74.jpg,scraped,0,,pcb,0.600000,pcb,205.150884,530.699582
1_E_75.jpg,1_E_75.jpg,scraped,0,,pcb,1.000000,pcb,966.512649,-691.931731
1_E_76.jpg,1_E_76.jpg,scraped,6,,Television,1.000000,Television,-104.960060,2483.892363
1_E_77.jpg,1_E_77.jpg,scraped,1,,pcb,1.000000,pcb,1432.219213,-1610.915279
1_E_78.jpg,1_E_78.jpg,scraped,1,,pcb,0.866667,pcb,2655.707431,-1272.650487
1_E_79.jpg,1_E_79.jpg,scraped,3,,Mobile,1.000000,Mobile,4910.204325,1767.638634
1_E_80.jpg,1_E_80.jpg,scraped,0,,Printer,1.000000,Printer,-677.306670,748.533098
1_E_81.jpeg,1_E_81.jpg,scraped,1,,pcb,1.000000,pcb,1395.585334,-1373.269571
1_E_83.png,1_E_83.jpg,scraped,0,,Mouse,0.533333,,487.646674,-398.252522
1_E_84.jpeg,1_E_84.jpg,scraped,6,,Television,1.000000,Television,-49.698056,2370.166441
1_E_86.jpeg,1_E_86.jpg,scraped,9,,Keyboard,1.000000,Keyboard,4840.810294,-1340.743492
1_E_87.jpg,1_E_87.jpg,scraped,1,,pcb,1.000000,pcb,2343.289755,-3560.248810
1_E_88.jpg,1_E_88.jpg,scraped,7,,Television,1.000000,Television,3765.145126,2502.673152
1_E_89.jpg,1_E_89.jpg,scraped,0,,pcb,0.666667,pcb,97.089388,466.451321
1_E_90.jpg,1_E_90.jpg,scraped,0,,pcb,0.666667,pcb,474.658532,265.616457
1_E_91.jpg,1_E_91.jpg,scraped,1,,pcb,0.466667,,2332.224405,-1264.157634
1_E_92.jpg,1_E_92.jpg,scraped,0,,battery,0.733333,battery,1711.048317,93.128740
1_E_93.jpg,1_E_93.jpg,scraped,0,,pcb,0.400000,,586.172505,265.810971
1_E_94.png,1_E_94.jpg,scraped,1,,pcb,1.000000,pcb,2420.634114,-3606.062865
1_E_95.jpg,1_E_95.jpg,scraped,6,,Television,1.000000,Television,-59.485270,1920.276231
1_E_96.jpg,1_E_96.jpg,scraped,2,,Keyboard,1.000000,Keyboard,6088.147937,91.772734
1_E_97.jpg,1_E_97.jpg,scraped,0,,pcb,1.000000,pcb,21.966052,-72.029520
1_E_98.jpg,1_E_98.jpg,scraped,6,,Television,0.933333,Television,-227.473532,2931.762525
1_E_99.jpeg,1_E_99.jpg,scraped,9,,Keyboard,1.000000,Keyboard,5001.444428,-1932.618203
1_E_100.jpg,1_E_100.jpg,scraped,1,,pcb,1.000000,pcb,2196.183649,-2065.844530
1_E_101.jpg,1_E_101.jpg,scraped,0,,battery,0.666667,battery,880.643748,197.465155
1_E_102.jpg,1_E_102.jpg,scraped,3,,Mobile,1.000000,Mobile,5359.517059,2196.517117
1_E_103.jpg,1_E_103.jpg,scraped,0,,Television,0.600000,Television,540.862816,813.903912
1_E_104.jpg,1_E_104.jpg,scraped,2,,Keyboard,1.000000,Keyboard,6159.298959,23.433754
1_E_105.jpg,1_E_105.jpg,scraped,0,,pcb,0.600000,pcb,789.066296,147.916264
1_E_106.jpg,1_E_106.jpg,scraped,1,,pcb,1.000000,pcb,1744.188746,-1785.964121
1_E_107.jpg,1_E_107.jpg,scraped,1,,pcb,1.000000,pcb,1200.197869,-1060.924115
1_E_108.png,1_E_108.jpg,scraped,1,,pcb,1.000000,pcb,1406.564440,-1819.671713
1_E_109.jpg,1_E_109.jpg,scraped,0,,pcb,0.933333,pcb,572.514824,190.934836
1_E_110.png,1_E_110.jpg,scraped,2,,Keyboard,0.866667,Keyboard,5250.746673,1037.570812
1_E_111.png,1_E_111.jpg,scraped,0,,Printer,0.733333,Printer,-74.271501,776.941131
1_E_112.jpeg,1_E_112.jpg,scraped,11,,Washing_Machine,1.000000,Washing_Machine,-6083.039165,849.605271
1_E_113.jpg,1_E_113.jpg,scraped,1,,pcb,1.000000,pcb,2445.004938,-3716.187026
1_E_114.jpg,1_E_114.jpg,scraped,1,,pcb,0.666667,pcb,1191.541486,-1632.978377
1_E_115.jpg,1_E_115.jpg,scraped,0,,Mobile,1.000000,Mobile,3013.345147,1020.150105
1_E_116.jpg,1_E_116.jpg,scraped,0,,pcb,0.666667,pcb,459.544211,526.910460
1_E_117.jpg,1_E_117.jpg,scraped,6,,Television,1.000000,Television,-16.700522,1811.519363
1_E_118.jpg,1_E_118.jpg,scraped,0,,pcb,0.533333,,373.969747,477.864400
1_E_119.jpg,1_E_119.jpg,scraped,0,,Television,0.533333,,693.863752,585.414403
1_E_120.jpeg,1_E_120.jpg,scraped,9,,Keyboard,1.000000,Keyboard,4210.124548,-1234.395344
1_E_121.jpg,1_E_121.jpg,scraped,3,,Mobile,1.000000,Mobile,5206.284060,2003.171293
1_E_122.jpg,1_E_122.jpg,scraped,2,,Keyboard,0.466667,,5693.088812,100.370200
1_E_123.jpg,1_E_123.jpg,scraped,0,,pcb,0.400000,,693.922519,485.131981
1_E_124.jpg,1_E_124.jpg,scraped,0,,pcb,0.466667,,325.816528,527.137998
1_E_125.jpeg,1_E_125.jpg,scraped,4,,Mobile,0.266667,,5276.375851,173.688409
1_E_126.jpeg,1_E_126.jpg,scraped,4,,Mobile,0.666667,Mobile,5070.818520,53.723460
1_E_127.jpg,1_E_127.jpg,scraped,4,,Mobile,0.600000,Mobile,5009.642954,342.874410
1_E_128.jpg,1_E_128.jpg,scraped,2,,Keyboard,0.933333,Keyboard,6108.723942,-231.731755
1_E_129.jpg,1_E_129.jpg,scraped,2,,Keyboard,0.733333,Keyboard,5959.801241,-186.265229
1_E_130.jpg,1_E_130.jpg,scraped,2,,Keyboard,0.466667,,5574.597171,-244.594074
1_E_131.jpg,1_E_131.jpg,scraped,4,,Printer,0.266667,,3129.961364,50.118335
1_E_132.jpg,1_E_132.jpg,scraped,4,,Player,0.666667,Player,1421.894063,59.267985
1_E_133.jpg,1_E_133.jpg,scraped,4,,battery,0.600000,battery,1371.511526,-28.952781
1_E_134.jpg,1_E_134.jpg,scraped,0,,pcb,0.866667,pcb,537.013198,11.434265
1_E_135.jpg,1_E_135.jpg,scraped,6,,Television,0.866667,Television,233.150732,1788.223599
1_E_136.jpg,1_E_136.jpg,scraped,0,,Mobile,0.333333,,721.103165,474.077793
1_E_137.jpg,1_E_137.jpg,scraped,0,,Mobile,0.866667,Mobile,1593.619031,454.053221
1_E_138.jpg,1_E_138.jpg,scraped,0,,pcb,0.800000,pcb,834.866893,322.599650
1_E_139.png,1_E_139.jpg,scraped,0,,pcb,0.600000,pcb,734.821647,246.515168
1_E_140.jpg,1_E_140.jpg,scraped,6,,Printer,0.600000,Printer,-72.875540,1539.690075
1_E_141.jpg,1_E_141.jpg,scraped,1,,pcb,1.000000,pcb,1859.590211,-2331.751569
1_E_142.jpg,1_E_142.jpg,scraped,0,,battery,0.600000,battery,-530.470364,248.189121
1_E_143.jpg,1_E_143.jpg,scraped,6,,Television,1.000000,Television,-33.330295,2103.363930
1_E_144.jpg,1_E_144.jpg,scraped,6,,Television,0.733333,Television,52.890554,1637.205044
1_E_145.jpg,1_E_145.jpg,scraped,1,,pcb,1.000000,pcb,1913.076079,-2499.999122
1_E_146.jpg,1_E_146.jpg,scraped,0,,Mobile,0.533333,,815.182725,718.890926
1_E_147.jpg,1_E_147.jpg,scraped,0,,pcb,0.933333,pcb,898.336521,-266.867027
1_E_148.jpg,1_E_148.jpg,scraped,0,,Player,0.866667,Player,-835.454193,695.458352
1_E_149.jpeg,1_E_149.jpg,scraped,9,,Keyboard,1.000000,Keyboard,4777.585670,-1689.138113
1_E_150.jpeg,1_E_150.jpg,scraped,0,,pcb,1.000000,pcb,892.099016,-551.806888
1_E_151.jpg,1_E_151.jpg,scraped,1,,pcb,1.000000,pcb,1543.803810,-1719.488817
1_E_152.jpg,1_E_152.jpg,scraped,6,,Television,1.000000,Television,-151.938461,2872.262927
1_E_153.jpg,1_E_153.jpg,scraped,2,,Keyboard,0.866667,Keyboard,6446.618334,-0.084024
1_E_154.png,1_E_154.jpg,scraped,0,,pcb,0.933333,pcb,778.845049,-208.063775
1_E_155.jpg,1_E_155.jpg,scraped,11,,Washing_Machine,1.000000,Washing_Machine,-4523.085899,475.336807
1_E_156.jpg,1_E_156.jpg,scraped,0,,pcb,0.866667,pcb,653.132871,199.840782
1_E_157.jpg,1_E_157.jpg,scraped,1,,battery,0.733333,battery,2213.200754,-732.820204
1_E_158.jpg,1_E_158.jpg,scraped,4,,Player,0.600000,Player,1844.351964,-27.073292
1_E_159.jpg,1_E_159.jpg,scraped,4,,battery,0.466667,,4172.349332,325.205087
1_E_160.jpg,1_E_160.jpg,scraped,4,,Mobile,0.533333,,4618.540043,351.566895
1_E_161.jpeg,1_E_161.jpg,scraped,2,,Keyboard,0.933333,Keyboard,6438.797594,227.394016
1_E_162.jpg,1_E_162.jpg,scraped,4,,Mobile,0.800000,Mobile,4729.193192,-64.742824
1_E_163.jpeg,1_E_163.jpg,scraped,2,,Keyboard,0.733333,Keyboard,6549.955590,224.722677
1_E_164.jpg,1_E_164.jpg,scraped,2,,Keyboard,0.933333,Keyboard,5862.150489,-486.604904
1_E_165.jpeg,1_E_165.jpg,scraped,2,,Keyboard,0.666667,Keyboard,6486.258861,207.676577
1_E_166.jpg,1_E_166.jpg,scraped,2,,Keyboard,0.800000,Keyboard,5811.221522,-501.267823
1_E_167.jpg,1_E_167.jpg,scraped,0,,Mobile,0.466667,,313.960900,246.634706
1_E_168.jpg,1_E_168.jpg,scraped,1,,pcb,1.000000,pcb,1647.442543,-1496.102457
1_E_169.jpg,1_E_169.jpg,scraped,0,,pcb,0.866667,pcb,846.705962,-15.634412
1_E_170.jpg,1_E_170.jpg,scraped,0,,Mobile,1.000000,Mobile,1090.194321,-60.745629
1_E_171.png,1_E_171.jpg,scraped,1,,pcb,0.800000,pcb,2975.565258,-1223.767967
1_E_172.jpg,1_E_172.jpg,scraped,6,,Television,0.666667,Television,487.337996,1454.770355
1_E_173.jpg,1_E_173.jpg,scraped,2,,Keyboard,0.800000,Keyboard,5305.453011,-531.398080
1_E_174.jpg,1_E_174.jpg,scraped,7,,Television,1.000000,Television,3550.352140,2590.459845
1_E_176.png,1_E_176.jpg,scraped,1,,pcb,1.000000,pcb,1672.071222,-1924.867142
1_E_177.jpg,1_E_177.jpg,scraped,0,,pcb,1.000000,pcb,733.809465,43.101099
1_E_178.jpg,1_E_178.jpg,scraped,0,,pcb,0.666667,pcb,358.892002,112.823140
1_E_179.jpeg,1_E_179.jpg,scraped,9,,Keyboard,0.800000,Keyboard,3924.960770,-1418.953067
1_E_180.jpg,1_E_180.jpg,scraped,0,,pcb,0.800000,pcb,845.655536,-63.031131
1_E_181.jpg,1_E_181.jpg,scraped,0,,Mobile,0.533333,,635.595528,344.780054
1_E_182.jpg,1_E_182.jpg,scraped,1,,pcb,0.933333,pcb,1134.347753,-732.516995
1_E_184.jpg,1_E_184.jpg,scraped,1,,pcb,1.000000,pcb,1281.370542,-1181.146135
1_E_185.jpg,1_E_185.jpg,scraped,0,,Television,0.600000,Television,325.410573,1090.408934
1_E_186.jpg,1_E_186.jpg,scraped,0,,pcb,0.400000,,406.019143,459.488665
1_E_187.jpg,1_E_187.jpg,scraped,1,,Printer,0.533333,,-337.980721,-1090.603642
1_E_188.jpg,1_E_188.jpg,scraped,0,,Television,0.600000,Television,451.484250,1221.882190
1_E_189.jpg,1_E_189.jpg,scraped,6,,Television,1.000000,Television,-470.770050,3443.080266
1_E_190.jpg,1_E_190.jpg,scraped,2,,Keyboard,0.933333,Keyboard,5162.306065,-370.174307
1_E_191.jpg,1_E_191.jpg,scraped,0,,Television,0.466667,,290.670644,813.485183
1_E_192.jpeg,1_E_192.jpg,scraped,2,,Keyboard,1.000000,Keyboard,6473.725705,86.856406
1_E_193.jpg,1_E_193.jpg,scraped,2,,Keyboard,0.466667,,6376.044135,228.893202
1_E_194.jpeg,1_E_194.jpg,scraped,2,,Television,0.866667,Television,6518.032849,276.078354
1_E_195.jpg,1_E_195.jpg,scraped,2,,Keyboard,0.666667,Keyboard,6456.766260,185.450248
1_E_196.jpeg,1_E_196.jpg,scraped,12,,Television,0.466667,,3931.443196,2770.537730
1_E_197.jpg,1_E_197.jpg,scraped,4,,Keyboard,0.866667,Keyboard,5613.720792,88.393788
1_E_198.jpeg,1_E_198.jpg,scraped,2,,Keyboard,0.800000,Keyboard,6219.683058,929.340817
1_E_199.jpg,1_E_199.jpg,scraped,4,,Keyboard,0.600000,Keyboard,5517.310432,165.093842
1_E_200.jpeg,1_E_200.jpg,scraped,2,,Keyboard,1.000000,Keyboard,6187.885272,889.438164
1_E_201.jpg,1_E_201.jpg,scraped,4,,Mobile,0.400000,,5233.382879,258.063494
1_E_202.jpg,1_E_202.jpg,scraped,0,,pcb,0.733333,pcb,662.605104,-27.573762
1_E_203.jpg,1_E_203.jpg,scraped,0,,pcb,0.733333,pcb,441.122924,119.457468
1_E_204.jpg,1_E_204.jpg,scraped,0,,pcb,0.933333,pcb,919.682638,-42.944232
1_E_205.jpg,1_E_205.jpg,scraped,1,,pcb,1.000000,pcb,1571.199005,-1590.452745
1_E_206.jpg,1_E_206.jpg,scraped,0,,pcb,0.800000,pcb,539.079198,257.337291
1_E_207.png,1_E_207.jpg,scraped,1,,pcb,0.933333,pcb,1869.345542,-1960.364786
1_E_208.jpg,1_E_208.jpg,scraped,0,,Printer,0.600000,Printer,-271.875054,1181.705408
1_E_209.jpg,1_E_209.jpg,scraped,1,,pcb,1.000000,pcb,1433.417663,-1409.630426
1_E_210.jpg,1_E_210.jpg,scraped,1,,pcb,1.000000,pcb,1831.706654,-2409.201590
1_E_211.jpg,1_E_211.jpg,scraped,0,,Mobile,0.666667,Mobile,1154.215037,213.079233
1_E_212.jpg,1_E_212.jpg,scraped,7,,Television,1.000000,Television,2114.114266,3349.299207
1_E_213.jpg,1_E_213.jpg,scraped,0,,Player,0.466667,,-1246.015100,669.671358
1_E_214.jpg,1_E_214.jpg,scraped,0,,pcb,0.800000,pcb,823.478652,180.400727
1_E_215.jpeg,1_E_215.jpg,scraped,9,,Keyboard,1.000000,Keyboard,4615.295287,-1261.780451
1_E_216.png,1_E_216.jpg,scraped,7,,Television,0.400000,,2004.344016,883.833760
1_E_217.jpg,1_E_217.jpg,scraped,6,,Television,1.000000,Television,-662.043134,3820.097283
1_E_218.jpg,1_E_218.jpg,scraped,0,,pcb,0.600000,pcb,305.630088,207.207642
1_E_219.jpeg,1_E_219.jpg,scraped,6,,Television,1.000000,Television,-168.405231,2933.325731
1_E_220.jpg,1_E_220.jpg,scraped,1,,pcb,1.000000,pcb,1727.523951,-1932.767744
1_E_221.jpg,1_E_221.jpg,scraped,0,,battery,0.466667,,2962.176765,154.458236
1_E_222.jpg,1_E_222.jpg,scraped,0,,pcb,0.800000,pcb,925.828387,-353.332522
1_E_223.jpg,1_E_223.jpg,scraped,9,,Keyboard,1.000000,Keyboard,4791.529417,-1657.311532
1_E_224.jpg,1_E_224.jpg,scraped,1,,pcb,1.000000,pcb,1994.774130,-2034.433267
1_E_225.jpg,1_E_225.jpg,scraped,1,,pcb,1.000000,pcb,1993.011395,-1874.381384
1_E_226.jpg,1_E_226.jpg,scraped,6,,Television,1.000000,Television,-778.737507,3574.205009
1_E_227.jpg,1_E_227.jpg,scraped,4,,Mobile,0.333333,,5115.904464,254.390619
1_E_228.jpeg,1_E_228.jpg,scraped,2,,Keyboard,1.000000,Keyboard,6270.270123,79.192406
1_E_229.jpeg,1_E_229.jpg,scraped,2,,Keyboard,1.000000,Keyboard,6227.614637,-76.745373
1_E_230.jpeg,1_E_230.jpg,scraped,2,,Keyboard,0.866667,Keyboard,6089.899329,501.449350
1_E_231.jpeg,1_E_231.jpg,scraped,2,,Mobile,0.600000,Mobile,6303.951604,876.187311
1_E_232.jpeg,1_E_232.jpg,scraped,2,,Keyboard,0.733333,Keyboard,6585.248738,173.727041
1_E_233.jpeg,1_E_233.jpg,scraped,2,,Mobile,0.933333,Mobile,6699.720764,317.838107
1_E_234.jpeg,1_E_234.jpg,scraped,2,,Keyboard,0.866667,Keyboard,6562.871015,307.119493
1_E_235.jpeg,1_E_235.jpg,scraped,2,,Mobile,0.866667,Mobile,6728.316000,250.195283
1_E_236.jpeg,1_E_236.jpg,scraped,2,,Keyboard,0.666667,Keyboard,6622.788062,28.896458
1_E_237.jpeg,1_E_237.jpg,scraped,0,,Mobile,0.266667,,810.079412,220.132859
1_E_238.jpg,1_E_238.jpg,scraped,0,,pcb,0.733333,pcb,-177.587927,177.733446
1_E_239.jpg,1_E_239.jpg,scraped,1,,pcb,1.000000,pcb,2178.211169,-3067.600392
1_E_241.jpeg,1_E_241.jpg,scraped,9,,Keyboard,1.000000,Keyboard,4428.107837,-1362.375727
1_E_242.jpg,1_E_242.jpg,scraped,0,,pcb,0.533333,,32.414594,603.560961
1_E_243.png,1_E_243.jpg,scraped,0,,battery,0.400000,,1074.273178,396.372716
1_E_244.jpg,1_E_244.jpg,scraped,7,,Keyboard,0.466667,,4368.580209,1967.416977
1_E_245.jpg,1_E_245.jpg,scraped,1,,pcb,1.000000,pcb,1777.172026,-2325.727727
1_E_246.jpg,1_E_246.jpg,scraped,9,,Keyboard,1.000000,Keyboard,4577.666937,-1033.249121
1_E_247.jpg,1_E_247.jpg,scraped,0,,Mobile,0.333333,,729.025590,553.009955
1_E_248.jpg,1_E_248.jpg,scraped,0,,Television,0.400000,,720.594128,579.817030
1_E_249.jpeg,1_E_249.jpg,scraped,2,,Keyboard,0.933333,Keyboard,6762.078564,180.923854
1_E_250.jpeg,1_E_250.jpg,scraped,4,,Mobile,0.400000,,4838.180581,222.002509
1_E_251.jpeg,1_E_251.jpg,scraped,2,,Keyboard,0.733333,Keyboard,6683.349230,86.192520
1_E_252.jpeg,1_E_252.jpg,scraped,2,,Keyboard,0.466667,,6744.576532,118.096909
1_E_253.jpeg,1_E_253.jpg,scraped,2,,Keyboard,0.733333,Keyboard,6710.559347,146.115083
1_E_254.jpeg,1_E_254.jpg,scraped,2,,Keyboard,1.000000,Keyboard,6426.069543,104.766385
1_E_255.jpeg,1_E_255.jpg,scraped,2,,Keyboard,0.866667,Keyboard,6619.770428,167.244257
1_E_256.jpeg,1_E_256.jpg,scraped,12,,Television,0.933333,Television,4765.633007,2060.224040
1_E_257.jpeg,1_E_257.jpg,scraped,12,,Television,0.733333,Television,4738.827664,2039.396627
1_E_258.jpeg,1_E_258.jpg,scraped,2,,Keyboard,1.000000,Keyboard,6578.025215,78.137553
1_E_259.jpg,1_E_259.jpg,scraped,2,,Television,0.600000,Television,5118.854792,1600.041330
1_E_260.jpg,1_E_260.jpg,scraped,0,,Television,0.800000,Television,-318.834179,1217.894109
1_E_261.jpg,1_E_261.jpg,scraped,1,,pcb,1.000000,pcb,1971.255984,-2375.716521
1_E_262.jpg,1_E_262.jpg,scraped,6,,Television,0.866667,Television,148.335797,2461.814299
1_E_263.jpg,1_E_263.jpg,scraped,6,,Television,1.000000,Television,29.264052,3394.094230
1_E_264.jpg,1_E_264.jpg,scraped,0,,Printer,0.600000,Printer,-1407.828604,849.985441
1_E_265.jpg,1_E_265.jpg,scraped,1,,pcb,1.000000,pcb,1929.986964,-2335.966612
1_E_266.jpg,1_E_266.jpg,scraped,0,,pcb,0.600000,pcb,806.298653,-10.947764
1_E_267.jpg,1_E_267.jpg,scraped,0,,pcb,0.533333,,527.617640,531.911018
1_E_268.jpg,1_E_268.jpg,scraped,0,,Printer,0.933333,Printer,-72.522176,1156.634386
1_E_269.jpg,1_E_269.jpg,scraped,0,,Television,0.866667,Television,175.141929,1279.832762
1_E_270.jpg,1_E_270.jpg,scraped,6,,Television,1.000000,Television,-357.836838,3279.192397
1_E_271.jpg,1_E_271.jpg,scraped,7,,Television,0.733333,Television,3994.880160,2402.443696
1_E_272.jpg,1_E_272.jpg,scraped,1,,pcb,1.000000,pcb,2050.946214,-2903.347916
1_E_273.jpg,1_E_273.jpg,scraped,0,,pcb,0.533333,,836.595510,52.012902
1_E_274.jpg,1_E_274.jpg,scraped,1,,pcb,1.000000,pcb,1899.961284,-2700.286479
1_E_275.jpeg,1_E_275.jpg,scraped,9,,Keyboard,1.000000,Keyboard,4460.332860,-1334.201957
1_E_276.jpg,1_E_276.jpg,scraped,0,,Washing_Machine,0.400000,,156.902195,798.332405
1_E_277.jpg,1_E_277.jpg,scraped,0,,Printer,0.866667,Printer,-310.001069,1259.069843
1_E_278.png,1_E_278.jpg,scraped,0,,Television,0.800000,Television,130.666939,1333.029024
1_E_279.jpg,1_E_279.jpg,scraped,11,,Printer,0.400000,,-2150.742445,-287.375099
1_E_280.jpg,1_E_280.jpg,scraped,1,,Mobile,0.866667,Mobile,3109.967712,-404.418596
1_E_281.jpg,1_E_281.jpg,scraped,6,,Television,1.000000,Television,153.492664,1887.361020
1_E_282.jpg,1_E_282.jpg,scraped,1,,pcb,1.000000,pcb,1064.233544,-1200.679551
1_E_283.jpg,1_E_283.jpg,scraped,0,,pcb,1.000000,pcb,897.696490,-515.456953
1_E_284.jpg,1_E_284.jpg,scraped,1,,pcb,1.000000,pcb,1384.032974,-1341.130632
1_E_285.jpg,1_E_285.jpg,scraped,1,,pcb,1.000000,pcb,1776.151171,-2068.151045
1_E_286.jpeg,1_E_286.jpg,scraped,0,,Printer,0.400000,,-121.565165,747.044497
1_E_287.jpeg,1_E_287.jpg,scraped,9,,Keyboard,1.000000,Keyboard,4657.268291,-1501.594402
1_E_288.jpg,1_E_288.jpg,scraped,1,,pcb,1.000000,pcb,1215.951622,-972.778457
1_E_289.jpg,1_E_289.jpg,scraped,0,,Television,0.933333,Television,-156.195107,1583.864371
1_E_290.jpg,1_E_290.jpg,scraped,6,,Television,1.000000,Television,-307.103879,2617.630121
1_E_292.jpeg,1_E_292.jpg,scraped,2,,Keyboard,0.666667,Keyboard,6649.687890,233.674714
1_E_293.jpeg,1_E_293.jpg,scraped,2,,Keyboard,0.600000,Keyboard,6657.663564,153.533619
1_E_294.jpeg,1_E_294.jpg,scraped,2,,Keyboard,0.800000,Keyboard,6290.513150,836.549739
1_E_295.jpeg,1_E_295.jpg,scraped,2,,Television,0.933333,Television,5479.707068,1275.380722
1_E_296.jpeg,1_E_296.jpg,scraped,2,,Keyboard,1.000000,Keyboard,6149.602836,888.474497
1_E_297.jpeg,1_E_297.jpg,scraped,2,,Keyboard,0.800000,Keyboard,6026.182550,1084.044137
1_E_298.jpeg,1_E_298.jpg,scraped,4,,Mobile,0.733333,Mobile,5051.711629,81.564241
1_E_299.jpeg,1_E_299.jpg,scraped,4,,Keyboard,0.666667,Keyboard,5546.796509,46.418582
1_E_300.jpeg,1_E_300.jpg,scraped,2,,Keyboard,1.000000,Keyboard,6314.344347,668.799922
1_E_301.png,1_E_301.jpg,scraped,7,,Mobile,0.533333,,4636.262657,1821.570269
1_E_302.jpg,1_E_302.jpg,scraped,1,,pcb,1.000000,pcb,1639.255843,-1613.755053
1_E_303.jpeg,1_E_303.jpg,scraped,7,,Keyboard,0.933333,Keyboard,3624.191304,412.415343
1_E_304.jpg,1_E_304.jpg,scraped,1,,pcb,1.000000,pcb,1371.284220,-1401.767855
1_E_305.jpg,1_E_305.jpg,scraped,1,,pcb,0.800000,pcb,2255.491886,-1695.549985
1_E_306.jpg,1_E_306.jpg,scraped,2,,Keyboard,0.800000,Keyboard,6545.238070,181.401610
1_E_307.jpg,1_E_307.jpg,scraped,4,,Mobile,0.666667,Mobile,5237.063172,198.922415
1_E_308.jpeg,1_E_308.jpg,scraped,2,,Keyboard,0.933333,Keyboard,6127.173087,-60.430668
1_E_309.jpeg,1_E_309.jpg,scraped,2,,Keyboard,0.666667,Keyboard,6244.106026,744.574568
1_E_310.jpeg,1_E_310.jpg,scraped,2,,Keyboard,0.866667,Keyboard,6235.486371,904.306176
1_E_311.jpeg,1_E_311.jpg,scraped,2,,Keyboard,0.866667,Keyboard,6288.233302,911.473729
1_E_312.jpeg,1_E_312.jpg,scraped,4,,Mobile,0.800000,Mobile,4891.707745,187.236145
1_E_313.jpeg,1_E_313.jpg,scraped,2,,Keyboard,0.800000,Keyboard,6559.700522,1.782493
1_E_314.jpeg,1_E_314.jpg,scraped,7,,Keyboard,0.933333,Keyboard,3849.726413,497.904418
1_E_315.jpg,1_E_315.jpg,scraped,6,,Television,1.000000,Television,482.314896,3267.867411
1_E_316.jpg,1_E_316.jpg,scraped,1,,pcb,1.000000,pcb,1877.015618,-2383.994350
1_E_317.jpg,1_E_317.jpg,scraped,3,,Mobile,1.000000,Mobile,5120.814545,1930.268897
1_E_318.jpg,1_E_318.jpg,scraped,0,,pcb,0.866667,pcb,402.019222,306.053440
1_E_319.jpg,1_E_319.jpg,scraped,1,,battery,0.800000,battery,1413.843694,-556.856231
1_E_320.png,1_E_320.jpg,scraped,0,,Television,0.666667,Television,290.274310,1349.995407
1_E_321.jpeg,1_E_321.jpg,scraped,9,,Keyboard,1.000000,Keyboard,4386.832846,-838.547151
1_E_322.jpg,1_E_322.jpg,scraped,7,,Mobile,0.466667,,4417.233483,2180.072884
1_E_323.jpg,1_E_323.jpg,scraped,6,,Television,1.000000,Television,28.165130,2099.914900
1_E_324.jpeg,1_E_324.jpg,scraped,2,,Television,0.866667,Television,5572.407444,1225.474627
1_E_325.jpeg,1_E_325.jpg,scraped,2,,Keyboard,0.933333,Keyboard,6588.880285,217.729320
1_E_326.jpeg,1_E_326.jpg,scraped,4,,Mobile,0.800000,Mobile,5307.337604,168.731794
1_E_327.jpeg,1_E_327.jpg,scraped,2,,Keyboard,0.733333,Keyboard,6515.877749,148.788057
1_E_328.jpeg,1_E_328.jpg,scraped,2,,Keyboard,1.000000,Keyboard,6436.337234,49.316558
1_E_329.jpeg,1_E_329.jpg,scraped,2,,Television,0.800000,Television,5546.184115,1315.686759
1_E_330.jpeg,1_E_330.jpg,scraped,2,,Keyboard,0.933333,Keyboard,6364.092560,173.853925
1_E_331.jpeg,1_E_331.jpg,scraped,2,,Keyboard,0.533333,,6481.822497,374.667820
1_E_332.jpeg,1_E_332.jpg,scraped,2,,Mobile,0.666667,Mobile,6683.029041,180.695409
1_E_333.jpg,1_E_333.jpg,scraped,6,,Television,1.000000,Television,189.496298,2451.740407
1_E_334.jpg,1_E_334.jpg,scraped,6,,Television,1.000000,Television,-334.340221,3201.842491
1_E_335.jpg,1_E_335.jpg,scraped,0,,pcb,0.933333,pcb,932.240924,48.872041
1_E_336.jpg,1_E_336.jpg,scraped,1,,pcb,1.000000,pcb,1775.656450,-1944.070853
1_E_337.jpg,1_E_337.jpg,scraped,0,,pcb,0.466667,,566.992457,351.921651
1_E_338.jpg,1_E_338.jpg,scraped,0,,Washing_Machine,0.666667,Washing_Machine,-1616.920365,1024.548301
1_E_339.jpg,1_E_339.jpg,scraped,6,,Television,0.866667,Television,170.857982,1599.249597
1_E_340.jpg,1_E_340.jpg,scraped,0,,pcb,0.533333,,817.099092,282.826445
1_E_341.jpeg,1_E_341.jpg,scraped,9,,Keyboard,1.000000,Keyboard,4788.010395,-1614.717786
1_E_342.jpg,1_E_342.jpg,scraped,2,,Mobile,0.800000,Mobile,5620.983157,406.966451
1_E_343.jpg,1_E_343.jpg,scraped,2,,Keyboard,1.000000,Keyboard,5867.456703,-302.344764
1_E_344.jpg,1_E_344.jpg,scraped,0,,Printer,0.666667,Printer,160.956281,575.023491
1_E_345.jpg,1_E_345.jpg,scraped,6,,Television,1.000000,Television,-11.018950,2371.352101
1_E_346.png,1_E_346.jpg,scraped,1,,pcb,1.000000,pcb,1805.831344,-1276.910687
1_E_347.jpg,1_E_347.jpg,scraped,0,,pcb,0.933333,pcb,895.794762,-784.738415
1_E_348.jpeg,1_E_348.jpg,scraped,4,,Mobile,0.533333,,5232.309142,177.452159
1_E_349.jpeg,1_E_349.jpg,scraped,2,,Keyboard,1.000000,Keyboard,6070.022207,-170.332819
1_E_350.jpeg,1_E_350.jpg,scraped,4,,Mobile,1.000000,Mobile,5036.676426,134.560112
1_E_351.jpeg,1_E_351.jpg,scraped,2,,Keyboard,1.000000,Keyboard,6338.958760,-123.402537
1_E_352.jpg,1_E_352.jpg,scraped,4,,Mobile,0.933333,Mobile,5133.854999,190.945582
1_E_353.jpg,1_E_353.jpg,scraped,2,,Television,0.600000,Television,6730.185475,225.314815
1_E_354.jpg,1_E_354.jpg,scraped,4,,Mobile,1.000000,Mobile,5275.869361,118.356409
1_E_355.jpg,1_E_355.jpg,scraped,4,,Mobile,0.933333,Mobile,4992.260524,222.903412
1_E_356.jpg,1_E_356.jpg,scraped,4,,Mobile,0.800000,Mobile,4702.041919,285.294003
1_E_357.jpg,1_E_357.jpg,scraped,4,,Mobile,0.733333,Mobile,3886.336328,13.982998
1_E_358.jpg,1_E_358.jpg,scraped,6,,Television,1.000000,Television,123.693168,1910.534155
1_E_359.jpg,1_E_359.jpg,scraped,1,,pcb,1.000000,pcb,1245.543719,-1542.128230
1_E_360.jpg,1_E_360.jpg,scraped,0,,Television,0.733333,Television,366.316133,860.502182
1_E_361.jpg,1_E_361.jpg,scraped,2,,Keyboard,0.866667,Keyboard,5786.937128,301.316068
1_E_362.jpg,1_E_362.jpg,scraped,6,,Television,1.000000,Television,270.124443,2781.577571
1_E_363.jpg,1_E_363.jpg,scraped,0,,pcb,0.466667,,769.450457,271.278392
1_E_364.jpeg,1_E_364.jpg,scraped,7,,Keyboard,1.000000,Keyboard,4069.071909,213.488910
1_E_365.jpg,1_E_365.jpg,scraped,7,,Television,1.000000,Television,3704.088452,2650.047930
1_E_366.jpg,1_E_366.jpg,scraped,6,,Television,0.933333,Television,764.115125,2096.125403
1_E_367.jpeg,1_E_367.jpg,scraped,2,,Keyboard,0.800000,Keyboard,6078.276480,1084.625371
1_E_368.jpeg,1_E_368.jpg,scraped,2,,Keyboard,0.866667,Keyboard,6147.128011,1014.828134
1_E_369.jpeg,1_E_369.jpg,scraped,2,,Keyboard,1.000000,Keyboard,6092.411924,-28.410139
1_E_370.jpeg,1_E_370.jpg,scraped,2,,Keyboard,0.866667,Keyboard,5928.977923,-8.095680
1_E_371.jpeg,1_E_371.jpg,scraped,2,,Keyboard,0.933333,Keyboard,6060.199108,1010.536060
1_E_372.jpeg,1_E_372.jpg,scraped,2,,Keyboard,0.866667,Keyboard,6003.586089,1051.127441
1_E_373.jpeg,1_E_373.jpg,scraped,2,,Keyboard,0.666667,Keyboard,6183.157250,950.896608
1_E_374.jpeg,1_E_374.jpg,scraped,2,,Keyboard,0.933333,Keyboard,6283.704724,-31.314190
1_E_375.jpeg,1_E_375.jpg,scraped,4,,Mobile,0.666667,Mobile,5122.282148,89.202363
1_E_376.jpeg,1_E_376.jpg,scraped,2,,Keyboard,0.733333,Keyboard,6226.598771,849.410577
1_E_377.jpg,1_E_377.jpg,scraped,6,,Television,1.000000,Television,-638.327837,3599.354671
1_E_378.jpg,1_E_378.jpg,scraped,0,,battery,0.933333,battery,1218.424877,-147.523986
1_E_379.jpg,1_E_379.jpg,scraped,6,,Television,0.933333,Television,296.002969,1665.621364
1_E_380.jpg,1_E_380.jpg,scraped,1,,pcb,0.933333,pcb,2080.564455,-1640.934711
1_E_381.jpg,1_E_381.jpg,scraped,0,,Mobile,0.800000,Mobile,1625.787709,-206.459200
1_E_382.jpeg,1_E_382.jpg,scraped,9,,Keyboard,1.000000,Keyboard,4241.118243,-1163.198922
1_E_383.jpeg,1_E_383.jpg,scraped,2,,Keyboard,1.000000,Keyboard,5726.219266,934.702887
1_E_384.jpeg,1_E_384.jpg,scraped,4,,battery,0.466667,,4719.319784,-29.160568
1_E_385.jpeg,1_E_385.jpg,scraped,2,,Keyboard,1.000000,Keyboard,6032.063880,-253.350755
1_E_386.jpeg,1_E_386.jpg,scraped,2,,Keyboard,0.666667,Keyboard,6170.870240,913.719306
1_E_387.jpeg,1_E_387.jpg,scraped,4,,Mobile,0.600000,Mobile,5056.914733,243.535779
1_E_389.jpeg,1_E_389.jpg,scraped,2,,Keyboard,1.000000,Keyboard,6091.480731,840.433950
1_E_390.jpeg,1_E_390.jpg,scraped,2,,Keyboard,1.000000,Keyboard,5584.629382,-49.418566
1_E_391.jpeg,1_E_391.jpg,scraped,2,,Keyboard,0.466667,,6665.471893,60.616783
1_E_392.jpeg,1_E_392.jpg,scraped,9,,Keyboard,1.000000,Keyboard,4614.523575,-1465.268296
1_E_394.jpeg,1_E_394.jpg,scraped,9,,Keyboard,1.000000,Keyboard,4513.118497,-1352.895911
1_E_395.jpeg,1_E_395.jpg,scraped,9,,Keyboard,1.000000,Keyboard,4733.898221,-1588.521759
1_E_396.jpg,1_E_396.jpg,scraped,7,,Mobile,0.466667,,3845.826216,2618.539729
1_E_397.jpg,1_E_397.jpg,scraped,1,,pcb,1.000000,pcb,1640.640919,-2053.830173
1_E_398.jpg,1_E_398.jpg,scraped,1,,pcb,1.000000,pcb,1745.272090,-2290.309560
1_E_399.jpg,1_E_399.jpg,scraped,3,,Mobile,1.000000,Mobile,5282.179528,2643.796775
1_E_400.jpeg,1_E_400.jpg,scraped,9,,Keyboard,1.000000,Keyboard,4674.542725,-1350.886798
1_E_401.jpg,1_E_401.jpg,scraped,0,,Printer,0.533333,,1.347268,1099.861579
1_E_402.jpeg,1_E_402.jpg,scraped,7,,Television,0.933333,Television,1955.729541,1776.258904
1_E_403.jpg,1_E_403.jpg,scraped,11,,Printer,0.333333,,-2949.863553,32.892966
1_E_404.jpg,1_E_404.jpg,scraped,1,,pcb,0.933333,pcb,1222.255173,-1734.298091
1_E_405.jpg,1_E_405.jpg,scraped,0,,Mobile,0.733333,Mobile,1817.677008,155.874454
1_E_406.jpg,1_E_406.jpg,scraped,5,,Player,1.000000,Player,-2266.948336,221.775447
1_E_407.jpeg,1_E_407.jpg,scraped,7,,Keyboard,1.000000,Keyboard,3918.039247,400.993145
1_E_408.jpeg,1_E_408.jpg,scraped,14,,Mouse,1.000000,Mouse,-765.447335,-6116.164753
1_E_409.jpeg,1_E_409.jpg,scraped,2,,Keyboard,0.600000,Keyboard,6611.052607,129.773753
1_E_410.jpeg,1_E_410.jpg,scraped,12,,Television,0.933333,Television,4665.997861,2172.226996
1_E_411.jpeg,1_E_411.jpg,scraped,4,,Mobile,0.866667,Mobile,5025.324947,96.324403
1_E_412.jpg,1_E_412.jpg,scraped,7,,Keyboard,1.000000,Keyboard,3887.356858,256.282730
1_E_413.jpg,1_E_413.jpg,scraped,2,,Keyboard,0.933333,Keyboard,5903.269280,-466.728161
1_E_414.jpg,1_E_414.jpg,scraped,2,,Keyboard,1.000000,Keyboard,5076.034012,-898.087508
1_E_415.jpeg,1_E_415.jpg,scraped,9,,Keyboard,1.000000,Keyboard,4394.722574,-1162.965878
1_E_416.jpeg,1_E_416.jpg,scraped,9,,Keyboard,1.000000,Keyboard,4056.616783,-657.389665
1_E_417.jpeg,1_E_417.jpg,scraped,9,,Keyboard,1.000000,Keyboard,4353.448721,-1249.656290
1_E_418.jpeg,1_E_418.jpg,scraped,9,,Keyboard,1.000000,Keyboard,3898.754762,-478.318684
1_E_419.jpeg,1_E_419.jpg,scraped,7,,Television,0.666667,Television,3187.996018,1598.382665
1_E_420.jpeg,1_E_420.jpg,scraped,2,,Keyboard,1.000000,Keyboard,6136.649986,932.377176
1_E_421.jpeg,1_E_421.jpg,scraped,7,,Television,0.866667,Television,4080.879652,2079.820029
1_E_422.jpeg,1_E_422.jpg,scraped,9,,Keyboard,1.000000,Keyboard,4459.943307,-1245.623845
1_E_423.jpeg,1_E_423.jpg,scraped,12,,Television,0.800000,Television,3918.637742,2514.735098
1_E_424.jpeg,1_E_424.jpg,scraped,12,,Television,0.800000,Television,3864.693593,2437.874851
1_E_425.jpeg,1_E_425.jpg,scraped,12,,Television,1.000000,Television,4282.367683,2414.711817
1_E_426.jpeg,1_E_426.jpg,scraped,9,,Keyboard,1.000000,Keyboard,4157.305391,-724.585755
1_E_427.jpeg,1_E_427.jpg,scraped,7,,Keyboard,1.000000,Keyboard,4122.945349,332.480745
1_E_428.jpeg,1_E_428.jpg,scraped,7,,Television,0.933333,Television,2804.262850,2050.341238
1_E_429.jpeg,1_E_429.jpg,scraped,7,,Television,0.933333,Television,2860.783147,2234.474781
1_E_430.jpeg,1_E_430.jpg,scraped,7,,Television,0.933333,Television,2819.518490,2254.053782
1_E_431.jpeg,1_E_431.jpg,scraped,7,,Television,0.933333,Television,2723.460101,2290.579199
1_E_432.jpeg,1_E_432.jpg,scraped,9,,Keyboard,0.933333,Keyboard,4193.925571,-957.683069
1_E_433.jpeg,1_E_433.jpg,scraped,7,,Television,0.933333,Television,3085.328329,2151.697689
1_E_434.jpeg,1_E_434.jpg,scraped,7,,Television,0.666667,Television,3476.792816,1227.119717
1_E_435.jpeg,1_E_435.jpg,scraped,9,,Keyboard,1.000000,Keyboard,4316.727806,-766.283053
1_E_436.jpeg,1_E_436.jpg,scraped,7,,Television,0.666667,Television,3097.355232,1539.281771
1_E_437.jpeg,1_E_437.jpg,scraped,7,,Keyboard,0.866667,Keyboard,3203.038173,1391.303849
1_E_438.jpeg,1_E_438.jpg,scraped,9,,Keyboard,1.000000,Keyboard,4840.292809,-1728.136931
1_E_439.jpeg,1_E_439.jpg,scraped,9,,Keyboard,1.000000,Keyboard,4667.113689,-1646.088405
1_E_440.jpeg,1_E_440.jpg,scraped,7,,Keyboard,0.866667,Keyboard,3978.196405,1241.967071
1_E_441.jpeg,1_E_441.jpg,scraped,7,,Keyboard,1.000000,Keyboard,3988.381380,770.467333
1_E_442.jpeg,1_E_442.jpg,scraped,7,,Television,0.933333,Television,2959.984926,2068.370323
1_E_443.jpeg,1_E_443.jpg,scraped,7,,Television,0.866667,Television,3815.232836,1889.893171
1_E_444.jpeg,1_E_444.jpg,scraped,9,,Keyboard,1.000000,Keyboard,4221.179199,-886.486113
1_E_445.jpeg,1_E_445.jpg,scraped,7,,Television,0.733333,Television,3360.171779,1464.445573
1_E_446.jpeg,1_E_446.jpg,scraped,7,,Keyboard,0.533333,,3224.278002,1604.262104
1_E_447.jpeg,1_E_447.jpg,scraped,7,,Keyboard,0.533333,,2844.019416,1541.334887
1_E_448.jpeg,1_E_448.jpg,scraped,7,,Television,0.533333,,3320.957350,1602.013337
1_E_449.png,1_E_449.jpg,scraped,0,,Television,0.933333,Television,47.692491,1335.796792
1_E_450.jpeg,1_E_450.jpg,scraped,9,,Keyboard,1.000000,Keyboard,4846.442323,-1644.464399
1_E_451.jpeg,1_E_451.jpg,scraped,7,,Keyboard,1.000000,Keyboard,4041.296641,27.999287
1_E_452.jpeg,1_E_452.jpg,scraped,7,,Television,0.733333,Television,3375.759100,1434.537430
1_E_453.jpeg,1_E_453.jpg,scraped,7,,Keyboard,0.800000,Keyboard,3968.308830,1108.692423
1_E_454.jpeg,1_E_454.jpg,scraped,7,,Television,0.800000,Television,3078.241105,1693.854514
1_E_455.jpeg,1_E_455.jpg,scraped,7,,Keyboard,0.866667,Keyboard,4256.840623,1194.802925
1_E_456.jpeg,1_E_456.jpg,scraped,7,,Keyboard,0.866667,Keyboard,3538.642074,1109.991796
1_E_457.jpeg,1_E_457.jpg,scraped,9,,Keyboard,0.933333,Keyboard,4617.238662,-1837.056110
1_E_458.jpg,1_E_458.jpg,scraped,0,,Printer,0.533333,,488.592514,336.481690
1_E_459.jpg,1_E_459.jpg,scraped,0,,pcb,0.466667,,736.799814,-199.474576
1_E_460.jpg,1_E_460.jpg,scraped,0,,Printer,1.000000,Printer,-184.762537,617.709476
1_E_461.png,1_E_461.jpg,scraped,0,,pcb,0.666667,pcb,794.322589,297.519323
1_E_462.jpeg,1_E_462.jpg,scraped,9,,Keyboard,1.000000,Keyboard,4522.708799,-1462.121433
1_E_464.jpg,1_E_464.jpg,scraped,6,,Television,1.000000,Television,1467.324204,3173.984452
1_E_465.jpg,1_E_465.jpg,scraped,6,,Television,0.933333,Television,-160.136921,2266.624539
1_E_466.jpg,1_E_466.jpg,scraped,7,,Television,0.866667,Television,4287.164098,2096.009085
1_E_467.jpg,1_E_467.jpg,scraped,11,,Washing_Machine,1.000000,Washing_Machine,-7052.349923,1141.188777
1_E_468.jpg,1_E_468.jpg,scraped,0,,Television,0.666667,Television,400.918281,1055.259472
1_E_469.jpg,1_E_469.jpg,scraped,3,,Mobile,1.000000,Mobile,4876.565532,1901.495867
1_E_470.jpg,1_E_470.jpg,scraped,0,,Printer,0.866667,Printer,-212.854251,1075.704107
1_E_471.jpg,1_E_471.jpg,scraped,0,,Television,0.400000,,644.893839,373.069814
1_E_472.jpg,1_E_472.jpg,scraped,2,,Television,0.666667,Television,6519.383272,88.511364
1_E_473.jpeg,1_E_473.jpg,scraped,3,,Mobile,1.000000,Mobile,5293.150794,2057.606219
1_E_474.jpg,1_E_474.jpg,scraped,0,,battery,0.400000,,1182.640170,-98.517493
1_E_475.png,1_E_475.jpg,scraped,0,,Printer,0.266667,,118.292465,716.774513
1_E_476.jpg,1_E_476.jpg,scraped,7,,Television,0.800000,Television,4167.445837,2350.602072
1_E_477.jpeg,1_E_477.jpg,scraped,6,,Television,1.000000,Television,-133.954625,2604.507811
1_E_478.jpg,1_E_478.jpg,scraped,15,,Washing_Machine,1.000000,Washing_Machine,-4813.135410,379.652388
1_E_479.jpg,1_E_479.jpg,scraped,0,,Mobile,0.400000,,767.887473,-69.456486
1_E_480.jpeg,1_E_480.jpg,scraped,6,,Television,1.000000,Television,269.721859,1620.679970
1_E_481.jpg,1_E_481.jpg,scraped,1,,pcb,1.000000,pcb,1923.743490,-1894.699484
1_E_482.jpeg,1_E_482.jpg,scraped,9,,Keyboard,1.000000,Keyboard,4879.744986,-1691.213579
1_E_483.jpg,1_E_483.jpg,scraped,6,,pcb,1.000000,pcb,1035.252237,-312.989661
1_E_484.jpg,1_E_484.jpg,scraped,0,,pcb,0.933333,pcb,639.549013,656.325894
1_E_485.jpg,1_E_485.jpg,scraped,1,,pcb,1.000000,pcb,2124.578050,-3646.727838
1_E_486.jpg,1_E_486.jpg,scraped,1,,pcb,1.000000,pcb,1526.826735,-2109.307055
1_E_487.jpeg,1_E_487.jpg,scraped,0,,pcb,0.866667,pcb,551.464041,-447.564337
1_E_488.jpg,1_E_488.jpg,scraped,7,,Mobile,0.533333,,3846.584705,2411.058399
1_E_489.jpg,1_E_489.jpg,scraped,1,,pcb,1.000000,pcb,1774.181821,-1821.396552
1_E_490.jpg,1_E_490.jpg,scraped,0,,pcb,0.600000,pcb,416.909537,141.645963
1_E_491.jpg,1_E_491.jpg,scraped,1,,pcb,1.000000,pcb,1952.659472,-1372.645764
1_E_492.jpg,1_E_492.jpg,scraped,1,,pcb,1.000000,pcb,2314.380362,-1851.989002
1_E_493.jpg,1_E_493.jpg,scraped,7,,Television,0.933333,Television,2049.206860,1819.046130
1_E_494.jpg,1_E_494.jpg,scraped,6,,Mobile,0.400000,,407.480096,1594.658955
1_E_495.jpg,1_E_495.jpg,scraped,6,,Television,1.000000,Television,-426.984046,3394.995915
1_E_496.jpg,1_E_496.jpg,scraped,2,,Mobile,0.866667,Mobile,5202.458827,722.883622
1_E_497.jpg,1_E_497.jpg,scraped,6,,Television,1.000000,Television,556.378782,2763.452195
1_E_498.jpeg,1_E_498.jpg,scraped,1,,pcb,1.000000,pcb,1062.715061,-889.106716
1_E_499.jpg,1_E_499.jpg,scraped,0,,Mouse,0.533333,,1127.933509,-896.836967
1_E_500.jpg,1_E_500.jpg,scraped,1,,pcb,1.000000,pcb,1861.375195,-1780.047978
1_E_502.jpeg,1_E_502.jpg,scraped,3,,Mobile,1.000000,Mobile,5654.447473,2410.439229
1_E_503.jpeg,1_E_503.jpg,scraped,3,,Mobile,1.000000,Mobile,5653.297263,2511.587620
1_E_504.jpeg,1_E_504.jpg,scraped,3,,Mobile,1.000000,Mobile,5453.757262,2560.335008
1_E_505.jpeg,1_E_505.jpg,scraped,3,,Mobile,1.000000,Mobile,5057.747141,2180.408478
1_E_506.jpeg,1_E_506.jpg,scraped,3,,Mobile,1.000000,Mobile,5473.663960,2334.364842
1_E_507.jpeg,1_E_507.jpg,scraped,3,,Mobile,1.000000,Mobile,5412.750113,2514.384148
1_E_508.jpeg,1_E_508.jpg,scraped,3,,Mobile,1.000000,Mobile,5056.462863,2059.966441
1_E_509.jpeg,1_E_509.jpg,scraped,3,,Mobile,1.000000,Mobile,4398.051519,851.124702
1_E_510.jpeg,1_E_510.jpg,scraped,3,,Mobile,1.000000,Mobile,4985.680205,2154.222584
1_E_511.jpeg,1_E_511.jpg,scraped,3,,Mobile,1.000000,Mobile,5570.792686,2468.726499
1_E_512.jpeg,1_E_512.jpg,scraped,3,,Mobile,1.000000,Mobile,4719.291310,2128.503657
1_E_513.jpeg,1_E_513.jpg,scraped,3,,Mobile,1.000000,Mobile,5601.266797,2140.606906
1_E_514.jpeg,1_E_514.jpg,scraped,3,,Mobile,1.000000,Mobile,5239.699415,2088.509702
1_E_515.jpeg,1_E_515.jpg,scraped,16,,Mobile,1.000000,Mobile,3154.498834,1319.056282
1_E_516.jpeg,1_E_516.jpg,scraped,3,,Mobile,1.000000,Mobile,5601.198279,2542.846176
1_E_517.jpeg,1_E_517.jpg,scraped,3,,Mobile,1.000000,Mobile,5266.064078,2237.083757
1_E_518.jpeg,1_E_518.jpg,scraped,3,,Mobile,1.000000,Mobile,5403.221811,2316.506773
1_E_519.jpeg,1_E_519.jpg,scraped,3,,Mobile,1.000000,Mobile,5469.432250,2489.697809
1_E_520.png,1_E_520.jpg,scraped,2,,Mobile,1.000000,Mobile,4969.670166,1449.869594
1_E_521.jpeg,1_E_521.jpg,scraped,16,,Mobile,1.000000,Mobile,2974.585284,1231.182002
1_E_522.jpeg,1_E_522.jpg,scraped,3,,Mobile,1.000000,Mobile,5297.438317,2431.312601
1_E_523.jpeg,1_E_523.jpg,scraped,3,,Mobile,1.000000,Mobile,5491.973868,2040.449465
1_E_524.jpg,1_E_524.jpg,scraped,3,,Mobile,1.000000,Mobile,5370.915778,1990.153808
1_E_525.jpg,1_E_525.jpg,scraped,3,,Mobile,1.000000,Mobile,4511.244674,998.611561
1_E_526.jpg,1_E_526.jpg,scraped,3,,Mobile,1.000000,Mobile,5555.519119,1923.375025
1_E_527.jpg,1_E_527.jpg,scraped,3,,Mobile,1.000000,Mobile,5531.999482,1814.484064
1_E_528.jpg,1_E_528.jpg,scraped,3,,Mobile,1.000000,Mobile,5542.140966,2044.563053
1_E_529.jpg,1_E_529.jpg,scraped,3,,Mobile,1.000000,Mobile,5690.254970,2070.526447
1_E_530.jpg,1_E_530.jpg,scraped,3,,Mobile,1.000000,Mobile,5631.825230,1937.181945
1_E_531.jpg,1_E_531.jpg,scraped,1,,pcb,0.666667,pcb,3379.369001,-1065.718356
1_E_532.jpg,1_E_532.jpg,scraped,3,,Mobile,1.000000,Mobile,4747.377549,1253.054154
1_E_533.jpg,1_E_533.jpg,scraped,3,,Mobile,0.933333,Mobile,4359.013786,863.242391
1_E_534.jpg,1_E_534.jpg,scraped,3,,Mobile,1.000000,Mobile,5587.602906,2618.020774
1_E_535.jpg,1_E_535.jpg,scraped,3,,Mobile,1.000000,Mobile,5751.246951,2484.945667
1_E_536.jpg,1_E_536.jpg,scraped,3,,Mobile,1.000000,Mobile,5629.604309,2591.942489
1_E_537.jpg,1_E_537.jpg,scraped,3,,battery,0.600000,battery,4222.197704,677.382602
1_E_538.jpg,1_E_538.jpg,scraped,3,,Mobile,1.000000,Mobile,4557.830795,1704.853760
1_E_539.jpeg,1_E_539.jpg,scraped,3,,Mobile,0.933333,Mobile,4662.308385,1612.183598
1_E_540.jpeg,1_E_540.jpg,scraped,3,,Mobile,1.000000,Mobile,5195.469446,2202.490502
1_E_541.jpeg,1_E_541.jpg,scraped,3,,Mobile,1.000000,Mobile,5469.709379,2645.668915
1_E_542.jpeg,1_E_542.jpg,scraped,3,,Mobile,1.000000,Mobile,5265.298625,1551.225815
1_E_543.jpeg,1_E_543.jpg,scraped,3,,Mobile,1.000000,Mobile,5314.321956,2021.028391
1_E_544.jpeg,1_E_544.jpg,scraped,3,,Mobile,1.000000,Mobile,5390.904790,2118.412223
1_E_545.jpeg,1_E_545.jpg,scraped,9,,Keyboard,0.866667,Keyboard,4004.687550,-992.128787
1_E_546.jpeg,1_E_546.jpg,scraped,9,,Keyboard,0.933333,Keyboard,3823.772104,-1095.566514
1_E_547.jpeg,1_E_547.jpg,scraped,3,,Mobile,1.000000,Mobile,5666.903199,2192.783862
1_E_548.jpeg,1_E_548.jpg,scraped,3,,Mobile,1.000000,Mobile,5327.340706,1570.922168
1_E_549.jpeg,1_E_549.jpg,scraped,3,,Mobile,1.000000,Mobile,5754.587891,2159.676750
1_E_550.jpeg,1_E_550.jpg,scraped,3,,Mobile,1.000000,Mobile,5429.729027,2695.960546
1_E_551.jpeg,1_E_551.jpg,scraped,3,,Mobile,1.000000,Mobile,4703.671319,1293.007886
1_E_552.jpeg,1_E_552.jpg,scraped,16,,Mobile,0.866667,Mobile,2556.774440,943.352315
1_E_553.jpeg,1_E_553.jpg,scraped,6,,Television,0.933333,Television,520.979895,2828.409992
1_E_554.jpg,1_E_554.jpg,scraped,7,,Television,1.000000,Television,4390.575140,1996.771691
1_E_556.jpg,1_E_556.jpg,scraped,1,,pcb,1.000000,pcb,1754.614658,-4230.122494
1_E_557.png,1_E_557.jpg,scraped,0,,Television,0.466667,,-379.539443,1062.588560
1_E_558.jpg,1_E_558.jpg,scraped,1,,pcb,0.933333,pcb,1602.906700,-1869.616424
1_E_559.jpg,1_E_559.jpg,scraped,2,,Keyboard,0.866667,Keyboard,6259.180936,-44.727816
1_E_560.jpg,1_E_560.jpg,scraped,0,,Keyboard,0.333333,,-529.647015,370.365946
1_E_561.jpg,1_E_561.jpg,scraped,1,,pcb,1.000000,pcb,1892.983788,-2618.806593
1_E_562.jpg,1_E_562.jpg,scraped,2,,Mobile,0.466667,,5772.837976,371.394468
1_E_563.jpg,1_E_563.jpg,scraped,0,,pcb,0.866667,pcb,90.588926,510.893266
1_E_564.jpg,1_E_564.jpg,scraped,0,,pcb,0.866667,pcb,725.048060,134.333419
1_E_565.jpg,1_E_565.jpg,scraped,9,,Keyboard,1.000000,Keyboard,4323.686049,-961.765399
1_E_566.jpg,1_E_566.jpg,scraped,1,,pcb,1.000000,pcb,1044.767658,-1118.411006
1_E_567.jpg,1_E_567.jpg,scraped,1,,pcb,1.000000,pcb,2167.525630,-3317.931725
1_E_569.jpg,1_E_569.jpg,scraped,7,,Television,1.000000,Television,3588.300261,2622.335234
1_E_570.jpg,1_E_570.jpg,scraped,1,,battery,0.600000,battery,1457.917416,-1105.423777
1_E_571.jpg,1_E_571.jpg,scraped,0,,Television,0.533333,,-56.072111,1225.097303
1_E_572.jpg,1_E_572.jpg,scraped,12,,Television,0.933333,Television,1717.926288,3752.099397
1_E_573.jpeg,1_E_573.jpg,scraped,3,,Mobile,1.000000,Mobile,5596.723557,2191.720392
1_E_574.jpeg,1_E_574.jpg,scraped,12,,Television,0.733333,Television,4203.496489,2546.535857
1_E_575.jpeg,1_E_575.jpg,scraped,3,,Mobile,1.000000,Mobile,5442.392976,2521.158373
1_E_576.jpeg,1_E_576.jpg,scraped,3,,Mobile,0.933333,Mobile,5193.531908,2526.410707
1_E_577.jpeg,1_E_577.jpg,scraped,3,,Mobile,1.000000,Mobile,5532.321592,2236.649212
1_E_578.jpeg,1_E_578.jpg,scraped,3,,Mobile,1.000000,Mobile,5484.097408,2596.777214
1_E_579.jpeg,1_E_579.jpg,scraped,3,,Mobile,1.000000,Mobile,5286.611509,2385.344571
1_E_581.jpeg,1_E_581.jpg,scraped,3,,Mobile,1.000000,Mobile,5122.338025,2452.063110
1_E_582.jpeg,1_E_582.jpg,scraped,3,,Mobile,1.000000,Mobile,4000.917864,173.522916
1_E_583.jpeg,1_E_583.jpg,scraped,3,,Mobile,1.000000,Mobile,5653.947452,1893.828167
1_E_584.jpeg,1_E_584.jpg,scraped,3,,Mobile,1.000000,Mobile,5269.780763,2328.757857
1_E_585.jpeg,1_E_585.jpg,scraped,16,,Mobile,1.000000,Mobile,2937.570692,1184.489793
1_E_586.jpg,1_E_586.jpg,scraped,3,,Mobile,1.000000,Mobile,5675.429436,2158.229578
1_E_587.jpg,1_E_587.jpg,scraped,3,,Mobile,1.000000,Mobile,5511.501785,2419.011207
1_E_588.jpg,1_E_588.jpg,scraped,3,,Mobile,0.733333,Mobile,4176.294642,731.923607
1_E_589.jpg,1_E_589.jpg,scraped,3,,Mobile,1.000000,Mobile,5417.868045,1604.920035
1_E_590.jpg,1_E_590.jpg,scraped,3,,Mobile,0.933333,Mobile,4766.217888,1084.047431
1_E_591.jpg,1_E_591.jpg,scraped,3,,Mobile,1.000000,Mobile,5385.553718,1625.708073
1_E_592.jpeg,1_E_592.jpg,scraped,3,,Mobile,1.000000,Mobile,5324.304330,2296.690188
1_E_593.jpeg,1_E_593.jpg,scraped,3,,Mobile,1.000000,Mobile,5594.806900,2083.876028
1_E_594.jpeg,1_E_594.jpg,scraped,3,,Mobile,1.000000,Mobile,5518.222129,2557.543508
1_E_595.jpeg,1_E_595.jpg,scraped,3,,Mobile,1.000000,Mobile,5345.278087,2402.446059
1_E_596.jpg,1_E_596.jpg,scraped,7,,Television,0.933333,Television,3533.290877,2556.477974
1_E_597.jpeg,1_E_597.jpg,scraped,3,,Mobile,1.000000,Mobile,5573.574486,2332.335289
1_E_598.jpeg,1_E_598.jpg,scraped,16,,Mobile,0.933333,Mobile,2952.464756,1158.327243
1_E_599.jpeg,1_E_599.jpg,scraped,3,,Mobile,1.000000,Mobile,5548.428395,1989.156141
1_E_600.jpeg,1_E_600.jpg,scraped,3,,Mobile,0.933333,Mobile,4270.245588,891.441715
1_E_601.jpeg,1_E_601.jpg,scraped,3,,Mobile,1.000000,Mobile,5405.785176,2090.520765
1_E_602.jpeg,1_E_602.jpg,scraped,3,,Mobile,1.000000,Mobile,5098.399154,1890.661787
1_E_603.jpeg,1_E_603.jpg,scraped,3,,Mobile,1.000000,Mobile,5137.222803,2032.342301
1_E_604.jpeg,1_E_604.jpg,scraped,3,,Mobile,1.000000,Mobile,4837.914115,2362.407756
1_E_605.jpeg,1_E_605.jpg,scraped,3,,battery,0.600000,battery,3026.414165,73.395742
1_E_606.jpeg,1_E_606.jpg,scraped,3,,Mobile,1.000000,Mobile,5129.494271,2376.879385
1_E_607.jpeg,1_E_607.jpg,scraped,3,,Mobile,1.000000,Mobile,5425.513092,2672.110222
1_E_608.jpeg,1_E_608.jpg,scraped,3,,Mobile,1.000000,Mobile,4613.909706,1834.820494
1_E_609.jpeg,1_E_609.jpg,scraped,3,,Mobile,1.000000,Mobile,5223.352469,2275.472119
1_E_610.jpeg,1_E_610.jpg,scraped,3,,Mobile,1.000000,Mobile,5176.868084,2107.133347
1_E_611.jpeg,1_E_611.jpg,scraped,3,,Mobile,1.000000,Mobile,5172.713471,2146.938468
1_E_612.jpeg,1_E_612.jpg,scraped,3,,Mobile,1.000000,Mobile,4711.394045,2308.763538
1_E_613.jpeg,1_E_613.jpg,scraped,3,,Mobile,1.000000,Mobile,5361.174788,2042.730043
1_E_614.jpeg,1_E_614.jpg,scraped,3,,Mobile,1.000000,Mobile,5148.795817,2330.258201
1_E_615.jpeg,1_E_615.jpg,scraped,3,,Mobile,0.933333,Mobile,5816.757284,2429.345048
1_E_616.jpeg,1_E_616.jpg,scraped,3,,Mobile,1.000000,Mobile,5405.141931,2191.057549
1_E_617.jpeg,1_E_617.jpg,scraped,3,,Mobile,1.000000,Mobile,5637.778540,2192.606891
1_E_618.jpeg,1_E_618.jpg,scraped,3,,Mobile,1.000000,Mobile,5474.687207,2109.396261
1_E_619.jpeg,1_E_619.jpg,scraped,3,,Mobile,1.000000,Mobile,5179.567869,2284.304979
1_E_620.jpeg,1_E_620.jpg,scraped,3,,Mobile,1.000000,Mobile,5386.014282,2377.790124
1_E_621.jpeg,1_E_621.jpg,scraped,3,,Mobile,1.000000,Mobile,5269.534704,2274.973997
1_E_622.jpeg,1_E_622.jpg,scraped,3,,Mobile,1.000000,Mobile,5293.954390,2488.157817
1_E_623.jpg,1_E_623.jpg,scraped,3,,Mobile,1.000000,Mobile,5352.162382,1854.497845
1_E_624.jpg,1_E_624.jpg,scraped,3,,Mobile,1.000000,Mobile,5427.584611,1786.607740
1_E_625.jpg,1_E_625.jpg,scraped,3,,Mobile,1.000000,Mobile,5484.422494,1798.174489
1_E_626.jpg,1_E_626.jpg,scraped,3,,Mobile,1.000000,Mobile,4733.808283,1171.910603
1_E_627.jpg,1_E_627.jpg,scraped,3,,Mobile,0.866667,Mobile,4535.240549,916.391036
1_E_628.jpg,1_E_628.jpg,scraped,3,,Mobile,0.933333,Mobile,5039.510592,1413.349241
1_E_629.jpg,1_E_629.jpg,scraped,3,,Mobile,1.000000,Mobile,4864.269180,1251.288979
1_E_630.jpg,1_E_630.jpg,scraped,3,,Mobile,1.000000,Mobile,5390.466255,1888.779577
1_E_631.jpg,1_E_631.jpg,scraped,3,,Mobile,1.000000,Mobile,5663.335701,2452.622768
1_E_632.jpg,1_E_632.jpg,scraped,3,,Mobile,1.000000,Mobile,5757.664201,2312.892349
1_E_633.jpg,1_E_633.jpg,scraped,3,,Mobile,1.000000,Mobile,5755.777541,2275.221589
1_E_634.jpg,1_E_634.jpg,scraped,3,,Mobile,0.533333,,4343.637836,687.855712
1_E_635.jpg,1_E_635.jpg,scraped,3,,Mobile,0.800000,Mobile,4420.958696,841.392580
1_E_636.jpg,1_E_636.jpg,scraped,3,,Mobile,0.800000,Mobile,4116.218069,664.072503
1_E_637.jpg,1_E_637.jpg,scraped,3,,Mobile,0.800000,Mobile,4291.953444,714.977093
1_E_638.jpg,1_E_638.jpg,scraped,3,,Mobile,1.000000,Mobile,5408.371728,2043.549475
1_E_639.jpg,1_E_639.jpg,scraped,3,,Mobile,1.000000,Mobile,5711.708469,2461.137769
1_E_640.jpg,1_E_640.jpg,scraped,3,,Mobile,1.000000,Mobile,5690.608205,2241.767470
1_E_641.jpg,1_E_641.jpg,scraped,3,,Mobile,1.000000,Mobile,5647.149173,2251.354807
1_E_642.jpg,1_E_642.jpg,scraped,3,,Mobile,0.800000,Mobile,4446.938426,839.782897
1_E_643.jpg,1_E_643.jpg,scraped,3,,Mobile,0.733333,Mobile,4672.293487,1025.313698
1_E_644.jpg,1_E_644.jpg,scraped,3,,Mobile,1.000000,Mobile,5599.488909,1760.802010
1_E_645.jpg,1_E_645.jpg,scraped,3,,Mobile,1.000000,Mobile,5455.112001,1688.574547
1_E_646.jpg,1_E_646.jpg,scraped,3,,Mobile,1.000000,Mobile,5406.373021,1691.176787
1_E_647.jpeg,1_E_647.jpg,scraped,3,,Mobile,1.000000,Mobile,5165.199223,1783.167141
1_E_648.jpeg,1_E_648.jpg,scraped,3,,Mobile,1.000000,Mobile,5607.315824,2468.222542
1_E_649.jpeg,1_E_649.jpg,scraped,3,,Mobile,1.000000,Mobile,5538.249608,2456.049704
1_E_650.jpg,1_E_650.jpg,scraped,2,,Keyboard,0.533333,,5737.900321,424.087726
1_E_651.jpeg,1_E_651.jpg,scraped,3,,Mobile,0.933333,Mobile,5841.199919,2310.061684
1_E_652.jpeg,1_E_652.jpg,scraped,3,,Mobile,1.000000,Mobile,5818.290683,2233.212717
1_E_653.jpeg,1_E_653.jpg,scraped,3,,Mobile,1.000000,Mobile,5609.969606,2232.249839
1_E_654.jpg,1_E_654.jpg,scraped,0,,pcb,0.400000,,721.176107,327.172251
1_E_655.jpeg,1_E_655.jpg,scraped,3,,Mobile,1.000000,Mobile,5540.120570,2349.908554
1_E_656.jpeg,1_E_656.jpg,scraped,3,,Mobile,1.000000,Mobile,5722.346524,2107.401118
1_E_657.jpeg,1_E_657.jpg,scraped,3,,Mobile,1.000000,Mobile,4503.999031,1168.023153
1_E_658.jpeg,1_E_658.jpg,scraped,3,,Mobile,1.000000,Mobile,5548.298423,2498.305263
1_E_659.jpeg,1_E_659.jpg,scraped,3,,Mobile,1.000000,Mobile,5758.009567,2141.870044
1_E_660.jpeg,1_E_660.jpg,scraped,3,,Mobile,1.000000,Mobile,5531.124064,2096.442158
1_E_661.jpeg,1_E_661.jpg,scraped,3,,Mobile,1.000000,Mobile,5658.649663,2017.486996
1_E_662.jpeg,1_E_662.jpg,scraped,3,,Mobile,1.000000,Mobile,4816.970025,1653.774536
1_E_663.jpeg,1_E_663.jpg,scraped,3,,Mobile,1.000000,Mobile,5492.753769,1995.781481
1_E_664.jpeg,1_E_664.jpg,scraped,3,,Mobile,1.000000,Mobile,5016.667343,2022.517644
1_E_665.jpg,1_E_665.jpg,scraped,0,,Printer,0.400000,,1659.721383,278.966318
1_E_666.jpg,1_E_666.jpg,scraped,7,,Television,1.000000,Television,2478.423127,2830.872752
1_E_667.jpeg,1_E_667.jpg,scraped,0,,Washing_Machine,0.533333,,-1214.068874,145.331123
1_E_668.jpg,1_E_668.jpg,scraped,0,,pcb,0.533333,,525.441612,-56.855291
1_E_669.jpg,1_E_669.jpg,scraped,1,,pcb,0.933333,pcb,1284.440157,-854.156106
1_E_670.jpeg,1_E_670.jpg,scraped,3,,Mobile,1.000000,Mobile,5678.914899,2385.620294
1_E_671.jpeg,1_E_671.jpg,scraped,3,,Mobile,1.000000,Mobile,5864.274731,2127.320261
1_E_672.jpeg,1_E_672.jpg,scraped,3,,Mobile,1.000000,Mobile,5649.046321,2073.168361
1_E_673.jpeg,1_E_673.jpg,scraped,3,,Mobile,1.000000,Mobile,5613.440835,2277.315807
1_E_674.jpeg,1_E_674.jpg,scraped,3,,Mobile,1.000000,Mobile,5695.512234,1964.224282
1_E_675.jpeg,1_E_675.jpg,scraped,3,,Mobile,1.000000,Mobile,5690.890724,2016.521796
1_E_676.jpeg,1_E_676.jpg,scraped,3,,Mobile,1.000000,Mobile,5615.780443,2002.568855
1_E_677.jpeg,1_E_677.jpg,scraped,7,,Television,0.933333,Television,3717.735865,2574.394633
1_E_678.jpeg,1_E_678.jpg,scraped,3,,Mobile,1.000000,Mobile,5617.073649,2040.648792
1_E_679.jpeg,1_E_679.jpg,scraped,3,,Mobile,1.000000,Mobile,5570.993481,2420.350767
1_E_680.jpeg,1_E_680.jpg,scraped,3,,Mobile,1.000000,Mobile,5322.149075,2227.684538
1_E_681.jpg,1_E_681.jpg,scraped,3,,Mobile,1.000000,Mobile,4884.048164,1853.252285
1_E_683.jpg,1_E_683.jpg,scraped,7,,Keyboard,0.733333,Keyboard,3326.248009,1732.720617
1_E_684.jpg,1_E_684.jpg,scraped,0,,pcb,0.466667,,149.405024,490.765298
1_E_685.jpeg,1_E_685.jpg,scraped,0,,Television,0.600000,Television,-2.248256,552.066835
1_E_686.jpg,1_E_686.jpg,scraped,1,,pcb,1.000000,pcb,1566.790489,-2022.423640
1_E_687.jpeg,1_E_687.jpg,scraped,11,,Washing_Machine,1.000000,Washing_Machine,-4912.511501,578.654248
1_E_688.jpg,1_E_688.jpg,scraped,6,,Television,0.866667,Television,736.870787,2826.943231
1_E_689.jpg,1_E_689.jpg,scraped,6,,Television,1.000000,Television,-82.905167,4312.433924
1_E_690.jpg,1_E_690.jpg,scraped,0,,pcb,0.933333,pcb,785.361162,38.905475
1_E_691.jpg,1_E_691.jpg,scraped,0,,battery,0.400000,,-688.550999,423.508800
1_E_692.jpg,1_E_692.jpg,scraped,6,,Mobile,0.400000,,2679.191656,2604.444415
1_E_693.jpeg,1_E_693.jpg,scraped,3,,Mobile,1.000000,Mobile,5041.674144,1997.018102
1_E_695.jpeg,1_E_695.jpg,scraped,9,,Keyboard,1.000000,Keyboard,4172.564029,-1111.729670
1_E_696.jpg,1_E_696.jpg,scraped,7,,Television,1.000000,Television,3387.452671,2759.412439
1_E_697.jpeg,1_E_697.jpg,scraped,6,,Television,1.000000,Television,114.248156,3071.161287
1_E_698.jpg,1_E_698.jpg,scraped,0,,pcb,0.933333,pcb,884.240839,4.721337
1_E_699.jpg,1_E_699.jpg,scraped,6,,Television,1.000000,Television,-658.757297,3772.004386
1_E_700.jpeg,1_E_700.jpg,scraped,1,,pcb,0.400000,,1156.198162,-1412.743649
1_E_701.jpg,1_E_701.jpg,scraped,1,,pcb,1.000000,pcb,1872.332852,-2203.071488
1_E_702.jpg,1_E_702.jpg,scraped,0,,pcb,0.733333,pcb,755.840149,178.150902
1_E_703.jpg,1_E_703.jpg,scraped,0,,Television,0.400000,,697.695012,621.028750
1_E_704.jpg,1_E_704.jpg,scraped,1,,pcb,1.000000,pcb,1741.354476,-2182.672864
1_E_705.jpeg,1_E_705.jpg,scraped,3,,Mobile,1.000000,Mobile,5405.980396,2431.448070
1_E_706.jpeg,1_E_706.jpg,scraped,3,,Mobile,1.000000,Mobile,5245.728027,2397.601298
1_E_707.jpeg,1_E_707.jpg,scraped,3,,Mobile,1.000000,Mobile,5729.497689,2081.082177
1_E_708.jpeg,1_E_708.jpg,scraped,3,,Mobile,1.000000,Mobile,5491.194037,2473.548398
1_E_709.jpeg,1_E_709.jpg,scraped,7,,Television,0.933333,Television,2733.129168,2383.408736
1_E_710.jpeg,1_E_710.jpg,scraped,7,,Television,0.866667,Television,2829.387043,2300.222659
1_E_711.jpeg,1_E_711.jpg,scraped,7,,Television,1.000000,Television,2185.325166,2839.378529
1_E_712.jpeg,1_E_712.jpg,scraped,7,,Television,1.000000,Television,2635.152929,2320.776114
1_E_713.jpeg,1_E_713.jpg,scraped,7,,Television,0.933333,Television,2550.554823,2116.607288
1_E_714.jpeg,1_E_714.jpg,scraped,7,,Television,0.866667,Television,2596.748842,2227.298426
1_E_715.jpg,1_E_715.jpg,scraped,1,,pcb,1.000000,pcb,1895.771731,-2091.003493
1_E_716.jpeg,1_E_716.jpg,scraped,0,,Television,0.600000,Television,702.073219,1268.372020
1_E_717.jpg,1_E_717.jpg,scraped,1,,pcb,1.000000,pcb,2147.872315,-3062.862040
1_E_718.jpg,1_E_718.jpg,scraped,6,,Television,1.000000,Television,266.510360,1978.853691
1_E_719.jpg,1_E_719.jpg,scraped,6,,Television,1.000000,Television,85.056225,1851.390978
1_E_720.jpeg,1_E_720.jpg,scraped,7,,Television,0.866667,Television,3008.467014,2440.071175
1_E_721.jpeg,1_E_721.jpg,scraped,7,,Television,0.933333,Television,2797.233371,2506.966082
1_E_722.jpg,1_E_722.jpg,scraped,1,,pcb,1.000000,pcb,1194.779752,-1541.961737
1_E_723.jpeg,1_E_723.jpg,scraped,7,,Mobile,0.666667,Mobile,3007.562675,2504.189447
1_E_724.jpeg,1_E_724.jpg,scraped,6,,Television,0.866667,Television,808.551202,2905.879420
1_E_725.jpg,1_E_725.jpg,scraped,12,,Television,1.000000,Television,1973.764724,4400.108653
1_E_726.jpg,1_E_726.jpg,scraped,12,,Television,1.000000,Television,2038.622972,4187.006122
1_E_727.jpeg,1_E_727.jpg,scraped,7,,Television,1.000000,Television,2633.758833,2638.006337
1_E_728.jpeg,1_E_728.jpg,scraped,2,,Keyboard,1.000000,Keyboard,6249.077646,-171.535994
1_E_729.jpeg,1_E_729.jpg,scraped,7,,Television,1.000000,Television,2731.289669,2620.013996
1_E_730.jpeg,1_E_730.jpg,scraped,7,,Television,1.000000,Television,2672.875674,2791.081426
1_E_731.jpg,1_E_731.jpg,scraped,1,,pcb,1.000000,pcb,2062.363168,-4002.737544
1_E_732.jpeg,1_E_732.jpg,scraped,7,,Television,1.000000,Television,2704.379865,2659.192472
1_E_733.jpeg,1_E_733.jpg,scraped,7,,Television,1.000000,Television,2702.751008,2698.004667
1_E_734.jpeg,1_E_734.jpg,scraped,7,,Television,0.933333,Television,2507.470666,2325.375700
1_E_735.jpeg,1_E_735.jpg,scraped,12,,Television,1.000000,Television,4031.120131,2722.693243
1_E_736.jpeg,1_E_736.jpg,scraped,7,,Television,1.000000,Television,2733.797216,2492.455555
1_E_737.jpeg,1_E_737.jpg,scraped,7,,Television,0.933333,Television,2667.233260,2466.866856
1_E_738.jpeg,1_E_738.jpg,scraped,7,,Television,1.000000,Television,2734.560903,2549.550752
1_E_739.jpeg,1_E_739.jpg,scraped,7,,Television,0.933333,Television,2696.446044,2411.355101
1_E_741.jpeg,1_E_741.jpg,scraped,7,,Television,0.933333,Television,2779.706927,2149.808866
1_E_743.jpeg,1_E_743.jpg,scraped,7,,Television,0.933333,Television,2767.257367,2293.791581
1_E_744.jpeg,1_E_744.jpg,scraped,7,,Television,0.866667,Television,2861.875934,2265.735364
1_E_745.jpg,1_E_745.jpg,scraped,0,,pcb,0.933333,pcb,1240.354846,-361.953815
1_E_746.png,1_E_746.jpg,scraped,7,,Mobile,0.800000,Mobile,3963.096384,2750.754634
1_E_747.jpg,1_E_747.jpg,scraped,1,,pcb,1.000000,pcb,2086.741971,-3121.638210
1_E_748.jpg,1_E_748.jpg,scraped,1,,pcb,1.000000,pcb,1531.346669,-1593.836856
1_E_749.jpg,1_E_749.jpg,scraped,7,,Printer,1.000000,Printer,110.256595,1615.064997
1_E_750.jpg,1_E_750.jpg,scraped,0,,Television,0.533333,,-372.959194,1372.750140
1_E_751.jpg,1_E_751.jpg,scraped,2,,Mobile,0.600000,Mobile,4994.903371,1348.844353
1_E_752.jpg,1_E_752.jpg,scraped,6,,Television,1.000000,Television,1.887923,2339.819367
1_E_753.jpg,1_E_753.jpg,scraped,0,,Television,0.866667,Television,322.080143,1275.763745
1_E_754.jpeg,1_E_754.jpg,scraped,7,,Television,0.933333,Television,2806.490229,2381.867906
1_E_756.jpeg,1_E_756.jpg,scraped,7,,Television,1.000000,Television,2644.228407,2698.420001
1_E_757.jpeg,1_E_757.jpg,scraped,7,,Television,1.000000,Television,2858.838689,2515.861425
1_E_758.jpeg,1_E_758.jpg,scraped,7,,Television,1.000000,Television,2795.249033,2421.271723
1_E_759.jpeg,1_E_759.jpg,scraped,7,,Television,0.933333,Television,2733.205579,2046.914189
1_E_760.jpeg,1_E_760.jpg,scraped,7,,Television,0.933333,Television,2794.718728,2193.717382
1_E_762.jpeg,1_E_762.jpg,scraped,7,,Television,0.933333,Television,2773.288713,2475.521149
1_E_763.jpeg,1_E_763.jpg,scraped,0,,Washing_Machine,0.533333,,-1625.680440,955.125809
1_E_764.jpg,1_E_764.jpg,scraped,3,,Mobile,1.000000,Mobile,4879.904222,1784.823013
1_E_765.jpeg,1_E_765.jpg,scraped,7,,Television,0.866667,Television,3906.387761,1508.150723
1_E_766.jpg,1_E_766.jpg,scraped,0,,Mobile,0.533333,,694.045793,384.183559
1_E_767.jpg,1_E_767.jpg,scraped,6,,Television,0.800000,Television,107.277957,1745.517415
1_E_768.png,1_E_768.jpg,scraped,6,,Television,1.000000,Television,-57.113755,1723.881343
1_E_769.jpg,1_E_769.jpg,scraped,0,,Television,0.466667,,638.642712,593.258622
1_E_770.jpg,1_E_770.jpg,scraped,0,,Mobile,0.466667,,804.480830,1021.456370
1_E_771.jpg,1_E_771.jpg,scraped,0,,pcb,0.666667,pcb,672.823008,277.844840
1_E_772.jpg,1_E_772.jpg,scraped,0,,pcb,0.800000,pcb,754.636441,104.676553
1_E_773.jpg,1_E_773.jpg,scraped,6,,Television,0.933333,Television,82.544670,1685.916543
1_E_774.jpg,1_E_774.jpg,scraped,2,,Mobile,1.000000,Mobile,4941.989756,1528.391410
1_E_775.jpeg,1_E_775.jpg,scraped,0,,Mobile,0.400000,,598.571870,-163.281264
1_E_776.png,1_E_776.jpg,scraped,0,,Printer,0.466667,,194.745885,834.514670
1_E_777.jpg,1_E_777.jpg,scraped,1,,pcb,1.000000,pcb,2006.030054,-3356.933831
1_E_778.jpg,1_E_778.jpg,scraped,1,,pcb,1.000000,pcb,2073.314108,-3085.089405
1_E_779.jpeg,1_E_779.jpg,scraped,6,,Television,1.000000,Television,71.129436,2773.683180
1_E_780.jpg,1_E_780.jpg,scraped,3,,Mobile,0.933333,Mobile,5748.492228,2213.066791
1_E_781.jpg,1_E_781.jpg,scraped,6,,Television,1.000000,Television,-34.232531,1847.416026
1_E_782.jpg,1_E_782.jpg,scraped,1,,pcb,0.933333,pcb,1390.976231,-1695.524706
1_E_783.jpeg,1_E_783.jpg,scraped,1,,pcb,1.000000,pcb,2051.008617,-2330.587504
1_E_784.png,1_E_784.jpg,scraped,3,,Mobile,1.000000,Mobile,4819.764445,1759.725539
1_E_785.jpg,1_E_785.jpg,scraped,0,,pcb,0.933333,pcb,828.806902,120.482985
1_E_786.png,1_E_786.jpg,scraped,1,,pcb,1.000000,pcb,1185.365641,-908.830533
1_E_787.jpg,1_E_787.jpg,scraped,1,,Printer,0.466667,,-231.348945,-598.142032
1_E_788.jpg,1_E_788.jpg,scraped,2,,Keyboard,0.533333,,5345.896870,626.334349
1_E_789.jpg,1_E_789.jpg,scraped,6,,Television,1.000000,Television,-784.505872,3871.639014
1_E_790.png,1_E_790.jpg,scraped,2,,Keyboard,1.000000,Keyboard,5745.327288,-359.483256
1_E_791.jpeg,1_E_791.jpg,scraped,14,,Mouse,0.533333,,-2797.706609,-2071.947438
1_E_792.jpg,1_E_792.jpg,scraped,0,,Printer,0.533333,,346.065282,431.275821
1_E_793.jpg,1_E_793.jpg,scraped,1,,pcb,1.000000,pcb,1570.895670,-1335.044178
1_E_794.jpg,1_E_794.jpg,scraped,1,,pcb,1.000000,pcb,2371.937193,-3669.956184
1_E_795.jpg,1_E_795.jpg,scraped,0,,pcb,1.000000,pcb,901.207032,-100.191109
1_E_796.jpg,1_E_796.jpg,scraped,6,,Television,1.000000,Television,-259.235515,2950.459727
1_E_797.jpg,1_E_797.jpg,scraped,2,,Television,1.000000,Television,6559.904644,116.882453
1_E_798.jpg,1_E_798.jpg,scraped,0,,pcb,0.533333,,762.760493,242.167151
1_E_799.jpg,1_E_799.jpg,scraped,1,,pcb,1.000000,pcb,1341.512269,-1716.904853
1_E_800.jpg,1_E_800.jpg,scraped,0,,pcb,0.933333,pcb,465.314931,321.642803
1_E_801.jpg,1_E_801.jpg,scraped,0,,Printer,0.733333,Printer,-792.739602,884.472675
1_E_802.jpg,1_E_802.jpg,scraped,6,,Television,1.000000,Television,137.568787,1972.537291
1_E_803.png,1_E_803.jpg,scraped,1,,Keyboard,0.533333,,2538.941489,-1574.772666
1_E_804.jpg,1_E_804.jpg,scraped,0,,Printer,1.000000,Printer,179.492274,699.472632
1_E_805.jpg,1_E_805.jpg,scraped,0,,pcb,0.466667,,328.389020,754.082892
1_E_806.jpg,1_E_806.jpg,scraped,1,,pcb,1.000000,pcb,1706.587456,-1670.835152
1_E_807.png,1_E_807.jpg,scraped,0,,pcb,0.933333,pcb,708.979072,-37.363352
1_E_808.jpg,1_E_808.jpg,scraped,1,,pcb,1.000000,pcb,1652.391135,-2168.669903
1_E_809.jpg,1_E_809.jpg,scraped,0,,pcb,0.733333,pcb,726.428589,211.957308
1_E_810.jpg,1_E_810.jpg,scraped,0,,pcb,0.933333,pcb,734.680056,-384.850888
1_E_811.jpg,1_E_811.jpg,scraped,0,,pcb,1.000000,pcb,1080.375473,-992.191973
1_E_812.jpg,1_E_812.jpg,scraped,6,,Television,1.000000,Television,-536.455954,3544.087745
1_E_813.jpg,1_E_813.jpg,scraped,1,,pcb,1.000000,pcb,1572.438259,-1706.898137
1_E_814.jpg,1_E_814.jpg,scraped,7,,Mobile,1.000000,Mobile,4129.694802,2238.386085
1_E_815.jpg,1_E_815.jpg,scraped,0,,pcb,0.400000,,711.899343,413.822687
1_E_816.png,1_E_816.jpg,scraped,0,,pcb,0.666667,pcb,591.208847,75.180848
1_E_817.jpg,1_E_817.jpg,scraped,2,,Mobile,1.000000,Mobile,5022.540110,1381.085881
1_E_818.jpg,1_E_818.jpg,scraped,0,,battery,0.733333,battery,-853.578880,254.170634
1_E_819.jpeg,1_E_819.jpg,scraped,1,,pcb,0.866667,pcb,1388.937648,-1453.744392
1_E_820.jpg,1_E_820.jpg,scraped,1,,Mobile,0.866667,Mobile,2690.547631,-48.800326
1_E_821.jpg,1_E_821.jpg,scraped,2,,Television,0.666667,Television,6345.053101,86.288222
1_E_822.jpg,1_E_822.jpg,scraped,0,,Mobile,1.000000,Mobile,1536.420442,-266.624782
1_E_823.jpg,1_E_823.jpg,scraped,0,,Keyboard,0.933333,Keyboard,3879.450837,-224.471634
1_E_824.png,1_E_824.jpg,scraped,0,,Mobile,0.400000,,691.501235,412.412617
1_E_825.jpg,1_E_825.jpg,scraped,0,,Printer,0.466667,,244.211438,1340.487041
1_E_826.jpg,1_E_826.jpg,scraped,0,,pcb,0.533333,,175.683225,387.564737
1_E_827.png,1_E_827.jpg,scraped,0,,Printer,0.666667,Printer,-109.101821,1009.979087
1_E_828.jpg,1_E_828.jpg,scraped,1,,pcb,1.000000,pcb,1794.121834,-1888.859875
1_E_829.jpg,1_E_829.jpg,scraped,1,,pcb,1.000000,pcb,1827.504816,-2270.859720
1_E_830.jpg,1_E_830.jpg,scraped,0,,Washing_Machine,0.733333,Washing_Machine,75.040074,631.810646
1_E_831.jpg,1_E_831.jpg,scraped,7,,Printer,0.466667,,2071.600699,1116.842464
1_E_832.jpeg,1_E_832.jpg,scraped,1,,pcb,1.000000,pcb,1981.630247,-2415.487787
1_E_833.jpg,1_E_833.jpg,scraped,0,,Television,0.466667,,-181.806708,1198.679539
1_E_834.png,1_E_834.jpg,scraped,0,,pcb,0.933333,pcb,207.016352,323.876338
1_E_835.jpg,1_E_835.jpg,scraped,0,,pcb,1.000000,pcb,987.499665,-796.215689
1_E_836.jpg,1_E_836.jpg,scraped,0,,Printer,0.533333,,1013.083885,403.855755
1_E_837.jpg,1_E_837.jpg,scraped,3,,Mobile,1.000000,Mobile,4912.508167,2048.085905
1_E_838.jpg,1_E_838.jpg,scraped,4,,Player,0.333333,,3892.701879,-46.648870
1_E_839.jpg,1_E_839.jpg,scraped,0,,Mobile,0.400000,,755.211166,297.183814
1_E_840.jpg,1_E_840.jpg,scraped,3,,Mobile,0.800000,Mobile,5019.310684,2465.554917
1_E_841.jpg,1_E_841.jpg,scraped,6,,Television,0.933333,Television,-71.304141,1949.273313
1_E_843.jpg,1_E_843.jpg,scraped,0,,Mobile,0.466667,,756.908737,373.066076
1_E_844.jpg,1_E_844.jpg,scraped,6,,Television,1.000000,Television,-102.054949,2638.822787
1_E_845.jpg,1_E_845.jpg,scraped,6,,Television,1.000000,Television,-20.971571,2245.113664
1_E_846.jpeg,1_E_846.jpg,scraped,9,,Keyboard,1.000000,Keyboard,4760.038539,-1708.632144
1_E_847.jpg,1_E_847.jpg,scraped,11,,Printer,0.933333,Printer,-3099.094135,211.067728
1_E_848.jpg,1_E_848.jpg,scraped,2,,Keyboard,0.533333,,5839.880196,273.887635
1_E_849.jpg,1_E_849.jpg,scraped,2,,Mobile,0.600000,Mobile,5646.462706,562.683338
1_E_850.jpg,1_E_850.jpg,scraped,0,,Television,0.800000,Television,50.680483,1450.612173
1_E_851.jpg,1_E_851.jpg,scraped,1,,pcb,1.000000,pcb,2057.627416,-2446.421744
1_E_852.jpg,1_E_852.jpg,scraped,0,,Player,0.333333,,-48.962563,-36.012449
1_E_853.jpg,1_E_853.jpg,scraped,0,,Washing_Machine,0.333333,,277.905992,481.769776
1_E_854.jpg,1_E_854.jpg,scraped,7,,Television,1.000000,Television,2136.801446,3141.312336
1_E_855.jpg,1_E_855.jpg,scraped,0,,battery,0.466667,,1713.104666,-60.575468
1_E_856.jpg,1_E_856.jpg,scraped,0,,pcb,0.733333,pcb,28.916486,532.259982
1_E_857.jpeg,1_E_857.jpg,scraped,0,,Keyboard,0.266667,,684.111312,154.963009
1_E_858.jpg,1_E_858.jpg,scraped,0,,pcb,0.533333,,-51.889399,247.386398
1_E_859.jpg,1_E_859.jpg,scraped,1,,pcb,0.866667,pcb,1670.133606,-1711.540552
1_E_860.jpg,1_E_860.jpg,scraped,2,,Keyboard,1.000000,Keyboard,6000.740147,-136.637252
1_E_861.jpg,1_E_861.jpg,scraped,0,,Printer,0.400000,,379.667238,747.269653
1_E_862.jpg,1_E_862.jpg,scraped,0,,Mobile,0.400000,,770.301950,331.491994
1_E_863.jpg,1_E_863.jpg,scraped,0,,Printer,0.533333,,-160.004580,595.035803
1_E_864.jpg,1_E_864.jpg,scraped,6,,Television,1.000000,Television,7.986027,2167.262592
1_E_865.jpg,1_E_865.jpg,scraped,0,,pcb,0.733333,pcb,127.260525,325.168622
1_E_866.jpg,1_E_866.jpg,scraped,0,,Mobile,0.333333,,576.099151,493.043376
1_E_867.jpeg,1_E_867.jpg,scraped,1,,pcb,1.000000,pcb,1825.755784,-2087.051322
1_E_868.jpg,1_E_868.jpg,scraped,1,,pcb,1.000000,pcb,2098.656875,-2003.323943
1_E_869.png,1_E_869.jpg,scraped,7,,Television,0.933333,Television,2866.497435,2693.518436
1_E_870.jpg,1_E_870.jpg,scraped,1,,pcb,1.000000,pcb,2001.142340,-1248.643862
1_E_871.jpg,1_E_871.jpg,scraped,1,,pcb,1.000000,pcb,1693.649478,-2080.293816
1_E_872.jpg,1_E_872.jpg,scraped,0,,Television,0.533333,,352.939793,960.885390
1_E_873.jpeg,1_E_873.jpg,scraped,0,,Player,0.466667,,-904.852834,504.099931
1_E_874.jpeg,1_E_874.jpg,scraped,0,,Television,0.933333,Television,-198.884430,1146.913055
1_E_875.jpg,1_E_875.jpg,scraped,2,,Keyboard,1.000000,Keyboard,5908.385824,-279.501734
1_E_876.jpeg,1_E_876.jpg,scraped,6,,Television,1.000000,Television,42.102780,2833.567363
1_E_877.jpg,1_E_877.jpg,scraped,0,,Mobile,0.400000,,1104.015618,61.733225
1_E_879.jpg,1_E_879.jpg,scraped,1,,pcb,1.000000,pcb,1511.400260,-1980.511334
1_E_880.jpg,1_E_880.jpg,scraped,1,,pcb,1.000000,pcb,1792.534154,-1590.972959
1_E_881.jpeg,1_E_881.jpg,scraped,1,,pcb,1.000000,pcb,2131.902376,-2115.754631
1_E_882.jpg,1_E_882.jpg,scraped,6,,Television,1.000000,Television,26.692992,2277.029527
1_E_883.jpg,1_E_883.jpg,scraped,1,,pcb,1.000000,pcb,2112.922078,-1938.004757
1_E_884.jpg,1_E_884.jpg,scraped,2,,Keyboard,0.800000,Keyboard,5433.421218,84.624734
1_E_885.jpg,1_E_885.jpg,scraped,1,,pcb,1.000000,pcb,1829.366780,-2195.022683
1_E_886.jpg,1_E_886.jpg,scraped,0,,Printer,0.800000,Printer,-127.501621,1086.464190
1_E_887.jpg,1_E_887.jpg,scraped,1,,pcb,0.733333,pcb,2245.455780,-3308.426659
1_E_888.jpg,1_E_888.jpg,scraped,2,,Keyboard,1.000000,Keyboard,6211.601137,726.801672
1_E_889.png,1_E_889.jpg,scraped,2,,Mobile,1.000000,Mobile,4878.065159,1541.879631
1_E_890.jpg,1_E_890.jpg,scraped,0,,pcb,0.400000,,-523.968304,816.312121
1_E_891.jpg,1_E_891.jpg,scraped,1,,pcb,1.000000,pcb,1626.154585,-1722.960673
1_E_892.jpg,1_E_892.jpg,scraped,6,,Television,1.000000,Television,-646.267367,3452.722169
1_E_893.png,1_E_893.jpg,scraped,0,,Printer,0.600000,Printer,-524.338868,889.311615
1_E_894.jpg,1_E_894.jpg,scraped,1,,pcb,1.000000,pcb,2402.155923,-3842.615077
1_E_895.jpg,1_E_895.jpg,scraped,1,,pcb,1.000000,pcb,2153.695313,-3389.236666
1_E_896.jpg,1_E_896.jpg,scraped,0,,pcb,0.666667,pcb,506.524899,279.358498
1_E_897.jpg,1_E_897.jpg,scraped,6,,Television,1.000000,Television,-132.291739,2548.614031
1_E_898.jpg,1_E_898.jpg,scraped,0,,battery,0.466667,,1285.631612,108.119122
1_E_899.jpg,1_E_899.jpg,scraped,0,,Keyboard,0.666667,Keyboard,1591.075534,-605.832757
1_E_900.jpg,1_E_900.jpg,scraped,2,,Keyboard,0.866667,Keyboard,5817.279824,-347.978600
1_E_901.jpg,1_E_901.jpg,scraped,1,,pcb,1.000000,pcb,1987.955199,-3075.316909
1_E_902.jpg,1_E_902.jpg,scraped,6,,Television,0.933333,Television,-43.209474,2042.184611
1_E_903.jpeg,1_E_903.jpg,scraped,0,,Washing_Machine,0.400000,,-49.377997,1008.451862
1_E_904.jpg,1_E_904.jpg,scraped,0,,Printer,0.533333,,273.994441,852.694272
1_E_905.jpg,1_E_905.jpg,scraped,6,,Television,0.866667,Television,454.158567,2960.627031
1_E_906.jpg,1_E_906.jpg,scraped,6,,Television,1.000000,Television,-61.512192,2747.029203
1_E_907.jpg,1_E_907.jpg,scraped,0,,Player,0.600000,Player,-1.154453,755.346858
1_E_908.png,1_E_908.jpg,scraped,12,,Television,1.000000,Television,1935.623852,3404.684606
1_E_909.jpeg,1_E_909.jpg,scraped,14,,Mouse,1.000000,Mouse,-1149.653577,-6206.615664
1_E_910.jpeg,1_E_910.jpg,scraped,14,,Mouse,1.000000,Mouse,-494.753346,-5742.927552
1_E_911.jpg,1_E_911.jpg,scraped,14,,Mouse,1.000000,Mouse,-725.580308,-6061.543233
1_E_912.jpeg,1_E_912.jpg,scraped,14,,Mouse,1.000000,Mouse,-908.729435,-5955.054654
1_E_913.jpg,1_E_913.jpg,scraped,14,,Mouse,1.000000,Mouse,-961.121077,-6014.850802
1_E_914.jpg,1_E_914.jpg,scraped,14,,Mouse,1.000000,Mouse,-867.990634,-5703.811996
1_E_915.jpg,1_E_915.jpg,scraped,14,,Mouse,0.933333,Mouse,-1075.592940,-5942.555875
1_E_916.jpg,1_E_916.jpg,scraped,14,,Mouse,0.533333,,-557.021122,-3461.415870
1_E_917.jpg,1_E_917.jpg,scraped,14,,Mobile,0.333333,,1338.447653,-1508.340093
1_E_918.jpg,1_E_918.jpg,scraped,3,,Mobile,1.000000,Mobile,5087.773513,2353.898270
1_E_919.jpg,1_E_919.jpg,scraped,1,,pcb,0.866667,pcb,3505.886269,-1046.581929
1_E_920.jpg,1_E_920.jpg,scraped,0,,pcb,0.733333,pcb,988.172786,57.531220
1_E_921.jpg,1_E_921.jpg,scraped,2,,Television,0.600000,Television,4593.613816,843.504262
1_E_922.jpg,1_E_922.jpg,scraped,0,,Printer,0.533333,,-474.208443,913.432483
1_E_923.jpg,1_E_923.jpg,scraped,0,,pcb,0.600000,pcb,1063.580080,107.065411
1_E_924.jpg,1_E_924.jpg,scraped,0,,pcb,0.466667,,612.478501,338.859092
1_E_925.jpg,1_E_925.jpg,scraped,0,,pcb,0.933333,pcb,811.308485,-608.445380
1_E_926.jpeg,1_E_926.jpg,scraped,14,,Mouse,1.000000,Mouse,-1062.698147,-6085.862231
1_E_927.jpeg,1_E_927.jpg,scraped,14,,Mouse,1.000000,Mouse,-770.786859,-5533.649000
1_E_928.jpeg,1_E_928.jpg,scraped,14,,Mouse,1.000000,Mouse,66.239530,-5014.071405
1_E_929.jpeg,1_E_929.jpg,scraped,14,,Mouse,1.000000,Mouse,-1050.715307,-5997.693038
1_E_930.jpeg,1_E_930.jpg,scraped,14,,Mouse,1.000000,Mouse,-1090.677180,-5514.895180
1_E_931.jpeg,1_E_931.jpg,scraped,14,,Mouse,0.733333,Mouse,-788.821909,-4798.019805
1_E_932.jpeg,1_E_932.jpg,scraped,14,,Mouse,1.000000,Mouse,-1218.572635,-6062.147800
1_E_933.jpeg,1_E_933.jpg,scraped,14,,Mouse,1.000000,Mouse,-804.425391,-5881.200039
1_E_934.jpeg,1_E_934.jpg,scraped,14,,Mouse,1.000000,Mouse,-780.812811,-5796.944892
1_E_935.jpg,1_E_935.jpg,scraped,14,,Mouse,1.000000,Mouse,-650.482310,-5775.248135
1_E_936.jpg,1_E_936.jpg,scraped,1,,pcb,1.000000,pcb,2091.872838,-3254.624336
1_E_937.jpg,1_E_937.jpg,scraped,6,,Television,1.000000,Television,339.743718,2527.658346
1_E_938.jpeg,1_E_938.jpg,scraped,7,,Television,1.000000,Television,2626.687493,2807.311399
1_E_939.jpg,1_E_939.jpg,scraped,6,,Television,1.000000,Television,-180.114024,3182.586018
1_E_940.jpg,1_E_940.jpg,scraped,1,,pcb,0.866667,pcb,1395.740489,-663.645841
1_E_941.jpg,1_E_941.jpg,scraped,6,,Television,1.000000,Television,-977.464449,4159.463500
1_E_942.jpg,1_E_942.jpg,scraped,0,,pcb,0.533333,,566.065008,549.910427
1_E_943.jpeg,1_E_943.jpg,scraped,14,,Mouse,1.000000,Mouse,-782.651254,-5865.597734
1_E_944.jpg,1_E_944.jpg,scraped,3,,Mobile,1.000000,Mobile,4832.397881,1901.193847
1_E_945.jpeg,1_E_945.jpg,scraped,14,,Mouse,1.000000,Mouse,-547.193804,-5526.530642
1_E_946.jpeg,1_E_946.jpg,scraped,14,,Mouse,1.000000,Mouse,-849.938478,-6080.306109
1_E_947.jpeg,1_E_947.jpg,scraped,14,,Mouse,1.000000,Mouse,-814.908601,-6014.364416
1_E_948.jpeg,1_E_948.jpg,scraped,14,,Mouse,1.000000,Mouse,-717.375709,-5980.224168
1_E_949.jpeg,1_E_949.jpg,scraped,14,,Mouse,1.000000,Mouse,-774.381461,-6038.722827
1_E_950.jpeg,1_E_950.jpg,scraped,14,,Mouse,1.000000,Mouse,-746.171005,-5918.648445
1_E_951.jpeg,1_E_951.jpg,scraped,14,,Mouse,0.800000,Mouse,1159.864743,-3559.299048
1_E_952.jpeg,1_E_952.jpg,scraped,14,,Mouse,1.000000,Mouse,-1022.188179,-6138.000581
1_E_953.jpeg,1_E_953.jpg,scraped,14,,Mouse,1.000000,Mouse,-1012.298513,-6369.923096
1_E_954.jpg,1_E_954.jpg,scraped,1,,pcb,1.000000,pcb,1707.832027,-2576.294521
1_E_955.jpg,1_E_955.jpg,scraped,0,,pcb,0.333333,,12.717591,321.283036
1_E_956.jpg,1_E_956.jpg,scraped,6,,Television,1.000000,Television,-108.388678,2790.126403
1_E_957.jpg,1_E_957.jpg,scraped,1,,pcb,1.000000,pcb,2266.107114,-3384.871438
1_E_958.jpeg,1_E_958.jpg,scraped,0,,pcb,0.333333,,738.346277,443.763773
1_E_959.jpg,1_E_959.jpg,scraped,0,,Mobile,0.733333,Mobile,641.554621,419.641465
1_E_960.jpeg,1_E_960.jpg,scraped,14,,Mouse,0.866667,Mouse,2330.217846,-2758.072639
1_E_961.jpeg,1_E_961.jpg,scraped,14,,Mouse,1.000000,Mouse,-546.226126,-5756.501074
1_E_962.jpeg,1_E_962.jpg,scraped,14,,Mouse,1.000000,Mouse,-966.394928,-6247.410490
1_E_963.jpeg,1_E_963.jpg,scraped,14,,Mouse,1.000000,Mouse,-1098.145148,-6340.659058
1_E_964.jpeg,1_E_964.jpg,scraped,14,,Mouse,1.000000,Mouse,-731.597703,-5790.892131
1_E_965.jpeg,1_E_965.jpg,scraped,14,,Mouse,1.000000,Mouse,-544.209586,-5791.129188
1_E_966.jpeg,1_E_966.jpg,scraped,14,,Mouse,1.000000,Mouse,-782.302349,-5752.476527
1_E_967.jpeg,1_E_967.jpg,scraped,14,,Mouse,1.000000,Mouse,-948.730667,-5802.395757
1_E_968.jpeg,1_E_968.jpg,scraped,14,,Mouse,1.000000,Mouse,-996.733188,-6010.877082
1_E_969.jpg,1_E_969.jpg,scraped,14,,Mouse,1.000000,Mouse,-719.862243,-5565.547160
1_E_970.jpg,1_E_970.jpg,scraped,1,,pcb,1.000000,pcb,1843.067346,-2497.021588
1_E_971.jpg,1_E_971.jpg,scraped,1,,pcb,1.000000,pcb,2146.696956,-3237.640570
1_E_972.jpg,1_E_972.jpg,scraped,11,,Washing_Machine,1.000000,Washing_Machine,-6187.802508,615.706975
1_E_973.png,1_E_973.jpg,scraped,0,,pcb,1.000000,pcb,523.271505,314.297313
1_E_974.jpg,1_E_974.jpg,scraped,14,,Mouse,1.000000,Mouse,-669.828449,-5528.023746
1_E_975.jpg,1_E_975.jpg,scraped,14,,Mouse,1.000000,Mouse,-763.129135,-5641.058274
1_E_976.jpeg,1_E_976.jpg,scraped,14,,Mouse,1.000000,Mouse,-254.881955,-5615.768247
1_E_977.jpeg,1_E_977.jpg,scraped,14,,Mouse,1.000000,Mouse,-350.547995,-5598.375171
1_E_978.jpeg,1_E_978.jpg,scraped,14,,Mouse,1.000000,Mouse,-1014.940761,-6257.629347
1_E_979.jpg,1_E_979.jpg,scraped,7,,Television,1.000000,Television,3675.663892,2619.784039
1_E_980.jpeg,1_E_980.jpg,scraped,14,,Mouse,1.000000,Mouse,-871.134804,-5531.414217
1_E_981.jpeg,1_E_981.jpg,scraped,14,,Mouse,1.000000,Mouse,-544.650451,-5894.257441
1_E_982.jpeg,1_E_982.jpg,scraped,14,,Mouse,1.000000,Mouse,-443.322377,-5801.216816
1_E_983.jpeg,1_E_983.jpg,scraped,14,,Mouse,1.000000,Mouse,-882.584780,-6255.077497
1_E_984.jpeg,1_E_984.jpg,scraped,14,,Mouse,1.000000,Mouse,-1159.519269,-6092.352982
1_E_985.jpg,1_E_985.jpg,scraped,0,,pcb,0.933333,pcb,901.134343,-149.063751
1_E_986.jpg,1_E_986.jpg,scraped,7,,Television,0.933333,Television,2369.366883,2018.838173
1_E_987.jpg,1_E_987.jpg,scraped,0,,Washing_Machine,0.400000,,428.661503,1011.566727
1_E_988.jpg,1_E_988.jpg,scraped,0,,pcb,0.466667,,271.331173,111.558133
1_E_989.jpg,1_E_989.jpg,scraped,1,,battery,0.466667,,1379.250053,-766.385793
1_E_990.jpg,1_E_990.jpg,scraped,0,,Washing_Machine,0.533333,,-1003.109910,791.917566
1_E_991.jpg,1_E_991.jpg,scraped,0,,Washing_Machine,0.466667,,37.695069,554.265786
1_E_992.jpg,1_E_992.jpg,scraped,1,,pcb,1.000000,pcb,1842.869140,-2148.634788
1_E_993.jpg,1_E_993.jpg,scraped,1,,pcb,1.000000,pcb,1392.808894,-1765.603052
1_E_994.jpeg,1_E_994.jpg,scraped,9,,Keyboard,1.000000,Keyboard,4418.662142,-1275.396367
1_E_995.jpg,1_E_995.jpg,scraped,6,,Television,1.000000,Television,-894.083432,4019.447786
1_E_997.jpg,1_E_997.jpg,scraped,0,,Microwave,0.600000,Microwave,-639.956363,758.945256
1_E_998.jpg,1_E_998.jpg,scraped,6,,Television,1.000000,Television,191.271195,2602.476468
1_E_999.jpg,1_E_999.jpg,scraped,6,,Television,1.000000,Television,175.965108,2016.822057
1_E_1000.jpg,1_E_1000.jpg,scraped,1,,pcb,1.000000,pcb,2012.518202,-2815.585262
1_E_1001.jpg,1_E_1001.jpg,scraped,1,,pcb,1.000000,pcb,1934.934975,-2088.678703
1_E_1002.jpg,1_E_1002.jpg,scraped,0,,pcb,0.933333,pcb,-18.654781,-13.877294
1_E_1003.png,1_E_1003.jpg,scraped,1,,pcb,1.000000,pcb,2112.913907,-2223.150024
1_E_1004.jpeg,1_E_1004.jpg,scraped,14,,Mouse,1.000000,Mouse,-646.155554,-5643.733613
1_E_1005.jpeg,1_E_1005.jpg,scraped,14,,Mouse,1.000000,Mouse,-935.252761,-5854.548609
1_E_1006.jpeg,1_E_1006.jpg,scraped,14,,Mouse,1.000000,Mouse,-738.746475,-5654.581151
1_E_1007.jpeg,1_E_1007.jpg,scraped,14,,Mouse,1.000000,Mouse,-1043.434150,-6287.326462
1_E_1008.jpeg,1_E_1008.jpg,scraped,14,,Mouse,1.000000,Mouse,-885.631232,-6214.333241
1_E_1009.jpeg,1_E_1009.jpg,scraped,14,,Mouse,0.800000,Mouse,-402.404927,-5458.882401
1_E_1010.jpeg,1_E_1010.jpg,scraped,14,,Mouse,1.000000,Mouse,-912.425604,-6103.232860
1_E_1011.jpeg,1_E_1011.jpg,scraped,14,,Mouse,1.000000,Mouse,-1086.064734,-6237.265475
1_E_1012.jpeg,1_E_1012.jpg,scraped,14,,Mouse,1.000000,Mouse,-957.932754,-6296.758821
1_E_1013.jpeg,1_E_1013.jpg,scraped,14,,Mouse,1.000000,Mouse,-685.511467,-6015.678947
1_E_1014.jpeg,1_E_1014.jpg,scraped,14,,Mouse,1.000000,Mouse,-1138.707510,-6324.759003
1_E_1015.jpeg,1_E_1015.jpg,scraped,14,,Mouse,1.000000,Mouse,-1012.303941,-6212.989013
1_E_1016.jpeg,1_E_1016.jpg,scraped,14,,Mouse,1.000000,Mouse,-637.908082,-5827.404381
1_E_1017.jpeg,1_E_1017.jpg,scraped,14,,Mouse,1.000000,Mouse,-871.484358,-6136.947829
1_E_1018.jpg,1_E_1018.jpg,scraped,0,,pcb,1.000000,pcb,811.047949,-284.828733
1_E_1019.jpg,1_E_1019.jpg,scraped,7,,Television,0.933333,Television,2162.623597,2054.395988
1_E_1020.jpg,1_E_1020.jpg,scraped,0,,pcb,0.800000,pcb,852.430376,-468.811919
1_E_1021.jpg,1_E_1021.jpg,scraped,0,,pcb,0.800000,pcb,537.389235,443.234257
1_E_1022.jpg,1_E_1022.jpg,scraped,0,,Mobile,0.600000,Mobile,1368.862974,118.233671
1_E_1023.jpg,1_E_1023.jpg,scraped,0,,pcb,1.000000,pcb,608.295283,-910.145393
1_E_1024.jpg,1_E_1024.jpg,scraped,6,,Keyboard,0.733333,Keyboard,1842.877544,405.226090
1_E_1025.png,1_E_1025.jpg,scraped,1,,pcb,1.000000,pcb,1546.142515,-1286.154151
1_E_1026.jpg,1_E_1026.jpg,scraped,2,,Keyboard,0.533333,,5802.842882,461.601159
1_E_1027.jpg,1_E_1027.jpg,scraped,0,,Mouse,0.800000,Mouse,921.119852,-418.488748
1_E_1028.jpg,1_E_1028.jpg,scraped,0,,pcb,0.733333,pcb,688.759098,315.293162
1_E_1029.jpg,1_E_1029.jpg,scraped,2,,Keyboard,0.533333,,5723.660230,264.357815
1_E_1030.jpg,1_E_1030.jpg,scraped,1,,pcb,1.000000,pcb,1953.638134,-2529.010461
1_E_1031.jpg,1_E_1031.jpg,scraped,6,,Television,1.000000,Television,-145.008833,2653.912628
1_E_1032.jpg,1_E_1032.jpg,scraped,7,,Keyboard,1.000000,Keyboard,4027.202776,508.381488
1_E_1033.jpg,1_E_1033.jpg,scraped,1,,pcb,0.533333,,565.225683,-785.630582
1_E_1034.png,1_E_1034.jpg,scraped,0,,battery,0.600000,battery,1257.799879,-17.622319
1_E_1035.jpg,1_E_1035.jpg,scraped,0,,Television,0.400000,,99.196893,1009.291183
1_E_1036.jpg,1_E_1036.jpg,scraped,12,,Television,1.000000,Television,1567.764299,4096.863225
1_E_1037.jpeg,1_E_1037.jpg,scraped,0,,Mobile,0.600000,Mobile,374.573141,536.332680
1_E_1038.jpeg,1_E_1038.jpg,scraped,7,,Television,0.933333,Television,2629.385513,2560.646768
1_E_1039.jpeg,1_E_1039.jpg,scraped,7,,Television,1.000000,Television,2588.390082,2780.231641
1_E_1040.jpeg,1_E_1040.jpg,scraped,7,,Television,0.933333,Television,2860.572905,2764.040932
1_E_1041.jpg,1_E_1041.jpg,scraped,14,,Mouse,1.000000,Mouse,-1341.045573,-6449.275404
1_E_1042.jpg,1_E_1042.jpg,scraped,14,,Mouse,1.000000,Mouse,-1296.320847,-6435.667529
1_E_1043.jpg,1_E_1043.jpg,scraped,14,,Mouse,1.000000,Mouse,-1049.941512,-6332.912528
1_E_1044.jpg,1_E_1044.jpg,scraped,14,,Mouse,1.000000,Mouse,-1185.712511,-6406.486431
1_E_1045.jpg,1_E_1045.jpg,scraped,14,,Mouse,1.000000,Mouse,-1095.920861,-6402.609656
1_E_1046.jpg,1_E_1046.jpg,scraped,14,,Mouse,1.000000,Mouse,-960.798913,-6202.232866
1_E_1047.jpg,1_E_1047.jpg,scraped,4,,Mobile,0.666667,Mobile,5258.934741,197.205098
1_E_1048.jpg,1_E_1048.jpg,scraped,4,,Mobile,0.600000,Mobile,5208.347800,224.691117
1_E_1049.jpg,1_E_1049.jpg,scraped,2,,Keyboard,0.600000,Keyboard,6674.898683,217.898619
1_E_1050.jpg,1_E_1050.jpg,scraped,2,,Keyboard,0.800000,Keyboard,6192.475897,163.661392
1_E_1051.jpg,1_E_1051.jpg,scraped,2,,Keyboard,1.000000,Keyboard,6063.153895,478.919211
1_E_1052.jpg,1_E_1052.jpg,scraped,2,,Keyboard,1.000000,Keyboard,6347.753493,-158.141617
1_E_1053.jpg,1_E_1053.jpg,scraped,2,,Keyboard,0.933333,Keyboard,6536.752956,-61.229812
1_E_1054.jpg,1_E_1054.jpg,scraped,2,,Keyboard,1.000000,Keyboard,6379.984484,-84.677318
1_E_1055.jpg,1_E_1055.jpg,scraped,16,,Mobile,1.000000,Mobile,2907.145771,1182.263782
1_E_1056.jpg,1_E_1056.jpg,scraped,16,,Mobile,1.000000,Mobile,2866.537551,1202.214330
1_E_1057.jpg,1_E_1057.jpg,scraped,16,,Mobile,1.000000,Mobile,2916.292791,1218.541906
1_E_1058.jpg,1_E_1058.jpg,scraped,16,,Mobile,1.000000,Mobile,2899.638186,1200.260994
1_E_1059.jpg,1_E_1059.jpg,scraped,16,,Mobile,1.000000,Mobile,2884.281494,1169.366917
1_E_1060.jpg,1_E_1060.jpg,scraped,3,,Mobile,1.000000,Mobile,5447.856840,2270.929504
1_E_1061.jpg,1_E_1061.jpg,scraped,3,,Mobile,1.000000,Mobile,5338.228089,2084.821402
1_E_1062.jpg,1_E_1062.jpg,scraped,3,,Mobile,1.000000,Mobile,4898.002278,1593.887627
1_E_1063.jpg,1_E_1063.jpg,scraped,3,,Mobile,1.000000,Mobile,5705.546527,2303.323660
1_E_1064.jpg,1_E_1064.jpg,scraped,3,,Mobile,1.000000,Mobile,5450.796959,2235.544934
1_E_1065.jpg,1_E_1065.jpg,scraped,3,,Mobile,1.000000,Mobile,5539.867144,2166.362044
1_E_1066.jpg,1_E_1066.jpg,scraped,3,,Mobile,1.000000,Mobile,5054.814828,2113.799753
1_E_1067.jpg,1_E_1067.jpg,scraped,3,,Mobile,1.000000,Mobile,5376.163981,2676.558282
1_E_1068.jpg,1_E_1068.jpg,scraped,3,,Mobile,1.000000,Mobile,5010.841335,1577.472867
1_E_1069.jpg,1_E_1069.jpg,scraped,3,,Mobile,1.000000,Mobile,4847.721783,1701.227053
1_E_1070.jpg,1_E_1070.jpg,scraped,3,,Mobile,1.000000,Mobile,4938.206044,1708.513706
1_E_1071.jpg,1_E_1071.jpg,scraped,16,,Mobile,1.000000,Mobile,2947.644599,1227.593559
1_E_1072.jpg,1_E_1072.jpg,scraped,16,,Mobile,1.000000,Mobile,2918.365445,1159.519666
1_E_1073.jpg,1_E_1073.jpg,scraped,16,,Mobile,0.800000,Mobile,2939.523484,1255.848296
1_E_1074.jpg,1_E_1074.jpg,scraped,16,,Mobile,1.000000,Mobile,2868.186585,1120.795830
1_E_1075.jpg,1_E_1075.jpg,scraped,16,,Mobile,1.000000,Mobile,2970.528315,1257.088115
1_E_1076.jpg,1_E_1076.jpg,scraped,7,,Television,0.866667,Television,2837.299289,2517.312231
1_E_1077.jpg,1_E_1077.jpg,scraped,9,,Keyboard,1.000000,Keyboard,4570.054689,-1373.172541
1_E_1078.jpg,1_E_1078.jpg,scraped,3,,Mobile,0.733333,Mobile,4359.171004,575.529602
1_E_1079.jpg,1_E_1079.jpg,scraped,3,,Mobile,0.866667,Mobile,4508.332543,492.612654
1_E_1080.jpg,1_E_1080.jpg,scraped,3,,Mobile,0.800000,Mobile,4488.740634,760.255106
1_E_1081.jpg,1_E_1081.jpg,scraped,7,,Mobile,0.933333,Mobile,3553.000504,1850.289879
1_E_1082.jpg,1_E_1082.jpg,scraped,7,,Television,0.933333,Television,2784.147845,2663.799874
1_E_1083.jpg,1_E_1083.jpg,scraped,7,,Television,0.933333,Television,2922.692796,2583.322698
1_E_1084.jpg,1_E_1084.jpg,scraped,7,,Television,1.000000,Television,2834.367479,2678.740097
1_E_1085.jpg,1_E_1085.jpg,scraped,7,,Mobile,0.933333,Mobile,3363.682884,2669.959606
1_E_1086.jpg,1_E_1086.jpg,scraped,3,,Mobile,1.000000,Mobile,4615.764853,815.218652
1_E_1087.jpg,1_E_1087.jpg,scraped,3,,Mobile,0.466667,,3041.131803,821.174035
1_E_1088.jpg,1_E_1088.jpg,scraped,3,,Mobile,1.000000,Mobile,5293.032927,2124.014681
1_E_1089.jpg,1_E_1089.jpg,scraped,3,,Mobile,1.000000,Mobile,5166.109452,1919.095043
1_E_1090.jpg,1_E_1090.jpg,scraped,3,,Mobile,1.000000,Mobile,5226.845182,1880.946089
1_E_1091.jpg,1_E_1091.jpg,scraped,7,,Television,0.866667,Television,4075.194587,2309.770542
1_E_1092.jpeg,1_E_1092.jpg,scraped,0,,pcb,0.400000,,-549.515149,409.115995
1_E_1093.jpg,1_E_1093.jpg,scraped,0,,Printer,0.800000,Printer,-201.174692,895.619709
1_E_1094.jpg,1_E_1094.jpg,scraped,1,,pcb,1.000000,pcb,2268.358486,-1860.119072
1_E_1095.jpg,1_E_1095.jpg,scraped,11,,Washing_Machine,0.933333,Washing_Machine,-4012.750635,160.940298
1_E_1096.jpg,1_E_1096.jpg,scraped,12,,Television,0.866667,Television,4264.606303,2526.313535
1_E_1097.jpg,1_E_1097.jpg,scraped,12,,Television,0.800000,Television,4489.188802,2331.110708
1_E_1098.jpg,1_E_1098.jpg,scraped,4,,Mobile,0.466667,,5203.857843,196.604749
1_E_1099.jpg,1_E_1099.jpg,scraped,4,,Mouse,0.266667,,5283.382930,195.878786
1_E_1100.jpg,1_E_1100.jpg,scraped,4,,Mobile,0.666667,Mobile,5116.257727,219.795702
1_E_1101.jpg,1_E_1101.jpg,scraped,2,,Keyboard,1.000000,Keyboard,6113.092956,251.364524
1_E_1102.jpg,1_E_1102.jpg,scraped,3,,Mobile,1.000000,Mobile,5447.658891,2129.975019
1_E_1104.jpg,1_E_1104.jpg,scraped,3,,Mobile,1.000000,Mobile,5489.923294,2702.891245
1_E_1105.jpg,1_E_1105.jpg,scraped,3,,Mobile,1.000000,Mobile,5319.261813,2102.058952
1_E_1106.jpg,1_E_1106.jpg,scraped,3,,Mobile,0.933333,Mobile,5563.445325,2711.919197
1_E_1107.jpg,1_E_1107.jpg,scraped,3,,Mobile,1.000000,Mobile,5534.422237,2699.080825
1_E_1108.jpg,1_E_1108.jpg,scraped,3,,Mobile,0.533333,,5080.727476,2220.307539
1_E_1109.jpg,1_E_1109.jpg,scraped,3,,Mobile,1.000000,Mobile,5123.795088,1669.298353
1_E_1110.jpg,1_E_1110.jpg,scraped,3,,Mobile,1.000000,Mobile,5595.306665,1878.557583
1_E_1111.jpg,1_E_1111.jpg,scraped,14,,Mouse,1.000000,Mouse,-1302.684188,-6272.612567
1_E_1112.jpg,1_E_1112.jpg,scraped,14,,Mouse,1.000000,Mouse,-1271.413202,-6292.895645
1_E_1113.jpg,1_E_1113.jpg,scraped,14,,Mouse,1.000000,Mouse,-1214.887283,-6288.785274
1_E_1114.jpg,1_E_1114.jpg,scraped,3,,Mobile,1.000000,Mobile,5242.105315,2783.195459
1_E_1115.jpg,1_E_1115.jpg,scraped,3,,Mobile,1.000000,Mobile,5141.501685,2780.116067
1_E_1116.jpg,1_E_1116.jpg,scraped,3,,Mobile,1.000000,Mobile,5024.827278,2757.278618
1_E_1117.jpg,1_E_1117.jpg,scraped,3,,Mobile,1.000000,Mobile,5057.620210,2236.294562
1_E_1118.jpg,1_E_1118.jpg,scraped,3,,Mobile,1.000000,Mobile,4837.379361,2039.240580
1_E_1119.jpg,1_E_1119.jpg,scraped,3,,Mobile,1.000000,Mobile,4805.143365,1513.275300
1_E_1120.jpg,1_E_1120.jpg,scraped,7,,Television,0.933333,Television,2937.513150,2469.809216
1_E_1121.jpg,1_E_1121.jpg,scraped,7,,Television,1.000000,Television,2892.586143,2461.954029
1_E_1122.jpg,1_E_1122.jpg,scraped,7,,Television,1.000000,Television,2924.531930,2355.691514
1_E_1123.jpg,1_E_1123.jpg,scraped,7,,Television,0.733333,Television,3013.830989,2246.774604
1_E_1124.jpg,1_E_1124.jpg,scraped,7,,Television,1.000000,Television,2875.407816,2543.557698
1_E_1125.jpg,1_E_1125.jpg,scraped,7,,Television,1.000000,Television,2921.407794,2435.667428
1_E_1126.jpg,1_E_1126.jpg,scraped,9,,Keyboard,1.000000,Keyboard,4892.749985,-1406.785035
1_E_1127.jpg,1_E_1127.jpg,scraped,9,,Keyboard,1.000000,Keyboard,4416.975221,-1318.125011
1_E_1128.jpg,1_E_1128.jpg,scraped,14,,Mouse,1.000000,Mouse,-1147.552850,-6015.875205
1_E_1129.jpg,1_E_1129.jpg,scraped,14,,Mouse,0.933333,Mouse,-1309.336013,-5351.972046
1_E_1130.jpg,1_E_1130.jpg,scraped,9,,Keyboard,1.000000,Keyboard,4782.093679,-1449.148462
1_E_1131.jpg,1_E_1131.jpg,scraped,9,,Keyboard,1.000000,Keyboard,4177.289026,-985.614031
1_E_1132.jpg,1_E_1132.jpg,scraped,9,,Keyboard,0.933333,Keyboard,3824.598917,171.346266
1_E_1133.jpg,1_E_1133.jpg,scraped,2,,Keyboard,1.000000,Keyboard,6304.519346,-190.546063
1_E_1134.jpg,1_E_1134.jpg,scraped,2,,Keyboard,0.800000,Keyboard,5981.475295,21.270679
1_E_1135.jpg,1_E_1135.jpg,scraped,2,,Keyboard,0.666667,Keyboard,6017.103263,63.737161
1_E_1136.jpg,1_E_1136.jpg,scraped,3,,Mobile,0.333333,,3780.782936,601.399051
1_E_1137.jpg,1_E_1137.jpg,scraped,2,,Keyboard,1.000000,Keyboard,6248.822763,-124.667042
1_E_1138.jpg,1_E_1138.jpg,scraped,2,,Keyboard,1.000000,Keyboard,6283.647105,110.069346
1_E_1139.jpg,1_E_1139.jpg,scraped,2,,Keyboard,1.000000,Keyboard,6323.607139,-98.442179
1_E_1140.jpg,1_E_1140.jpg,scraped,3,,Mobile,1.000000,Mobile,5620.018280,2431.925015
1_E_1141.jpg,1_E_1141.jpg,scraped,3,,Mobile,1.000000,Mobile,5491.440208,2290.193444
1_E_1142.jpg,1_E_1142.jpg,scraped,3,,Mobile,1.000000,Mobile,5460.181902,2388.318099
1_E_1143.jpg,1_E_1143.jpg,scraped,3,,Mobile,1.000000,Mobile,4499.789125,1663.531004
1_E_1144.jpg,1_E_1144.jpg,scraped,3,,Mobile,1.000000,Mobile,4713.420221,1802.511798
1_E_1145.jpg,1_E_1145.jpg,scraped,3,,Mobile,1.000000,Mobile,4585.282070,1628.401989
1_E_1146.jpg,1_E_1146.jpg,scraped,3,,Mobile,1.000000,Mobile,4462.366829,1557.852308
1_E_1147.jpg,1_E_1147.jpg,scraped,3,,Mobile,1.000000,Mobile,4631.616743,1456.961439
1_E_1148.jpg,1_E_1148.jpg,scraped,2,,Keyboard,1.000000,Keyboard,6183.100577,-25.375867
1_E_1149.jpg,1_E_1149.jpg,scraped,2,,Mobile,0.666667,Mobile,5781.113025,25.970509
1_E_1150.jpg,1_E_1150.jpg,scraped,4,,Mobile,1.000000,Mobile,5071.409900,7.069615
1_E_1151.jpg,1_E_1151.jpg,scraped,4,,Mobile,0.333333,,5102.659480,43.109994
1_E_1152.jpg,1_E_1152.jpg,scraped,4,,Mobile,1.000000,Mobile,5178.007737,72.616982
1_E_1153.jpg,1_E_1153.jpg,scraped,4,,Keyboard,0.533333,,5406.663563,105.242884
1_E_1154.jpg,1_E_1154.jpg,scraped,2,,Keyboard,0.800000,Keyboard,6396.647340,48.094462
1_E_1155.jpg,1_E_1155.jpg,scraped,2,,Keyboard,1.000000,Keyboard,6329.231233,2.171808
1_E_1156.jpg,1_E_1156.jpg,scraped,2,,Keyboard,1.000000,Keyboard,6405.891951,-12.238572
1_E_1157.jpg,1_E_1157.jpg,scraped,4,,Mobile,0.866667,Mobile,4915.240068,22.200428
1_E_1158.jpg,1_E_1158.jpg,scraped,4,,Mobile,1.000000,Mobile,5028.910438,50.232474
1_E_1159.jpg,1_E_1159.jpg,scraped,4,,Mobile,1.000000,Mobile,4934.963985,148.384159
1_E_1160.jpg,1_E_1160.jpg,scraped,4,,Mobile,0.933333,Mobile,4868.356802,-40.015758
1_E_1161.jpg,1_E_1161.jpg,scraped,4,,Mobile,1.000000,Mobile,4906.189833,55.817309
1_E_1162.jpg,1_E_1162.jpg,scraped,4,,Mobile,0.866667,Mobile,4951.046418,55.047450
1_E_1163.jpg,1_E_1163.jpg,scraped,4,,Mobile,0.866667,Mobile,4912.927446,-10.801539
1_E_1165.jpg,1_E_1165.jpg,scraped,4,,Mobile,0.733333,Mobile,4837.075373,41.312786
1_E_1166.jpg,1_E_1166.jpg,scraped,4,,Mobile,0.933333,Mobile,5002.823689,21.065639
1_E_1167.jpg,1_E_1167.jpg,scraped,4,,Mobile,0.933333,Mobile,4968.671020,37.575469
1_E_1168.jpg,1_E_1168.jpg,scraped,4,,Mobile,0.933333,Mobile,4965.962231,-6.297125
1_E_1169.jpg,1_E_1169.jpg,scraped,4,,Mobile,1.000000,Mobile,5128.921805,68.086741
1_E_1171.jpg,1_E_1171.jpg,scraped,3,,Mobile,1.000000,Mobile,5445.815537,1983.551476
1_E_1172.jpg,1_E_1172.jpg,scraped,3,,Mobile,1.000000,Mobile,5569.008451,2009.110505
1_E_1173.jpg,1_E_1173.jpg,scraped,3,,Mobile,1.000000,Mobile,5403.588468,2012.026722
1_E_1174.jpg,1_E_1174.jpg,scraped,3,,Mobile,1.000000,Mobile,5558.621063,2118.689203
1_E_1175.jpg,1_E_1175.jpg,scraped,4,,Mobile,1.000000,Mobile,4631.416235,63.770799
1_E_1176.jpg,1_E_1176.jpg,scraped,14,,Mouse,1.000000,Mouse,-973.045074,-6075.068540
1_E_1177.jpg,1_E_1177.jpg,scraped,14,,Mouse,1.000000,Mouse,-933.818377,-5984.090547
1_E_1178.jpg,1_E_1178.jpg,scraped,14,,Mouse,1.000000,Mouse,-1075.111318,-6176.829511
1_E_1179.jpg,1_E_1179.jpg,scraped,3,,Mobile,1.000000,Mobile,5024.590559,1953.579210
1_E_1180.jpg,1_E_1180.jpg,scraped,14,,Mouse,1.000000,Mouse,-1030.781117,-6105.461515
1_E_1181.jpg,1_E_1181.jpg,scraped,9,,Keyboard,1.000000,Keyboard,4605.691972,-1399.611101
1_E_1182.jpg,1_E_1182.jpg,scraped,9,,Keyboard,1.000000,Keyboard,4716.655036,-1481.436994
1_E_1183.jpg,1_E_1183.jpg,scraped,9,,Keyboard,1.000000,Keyboard,4740.626978,-1622.619748
1_E_1184.jpg,1_E_1184.jpg,scraped,7,,Mobile,0.333333,,2697.395197,2169.213015
1_E_1185.jpg,1_E_1185.jpg,scraped,17,,pcb,1.000000,pcb,410.781180,-1655.140214
1_E_1186.jpg,1_E_1186.jpg,scraped,0,,Mobile,0.600000,Mobile,-44.785639,126.801904
1_E_1187.jpg,1_E_1187.jpg,scraped,0,,Player,0.466667,,-3096.593911,-625.590970
1_E_1188.jpg,1_E_1188.jpg,scraped,0,,Washing_Machine,0.800000,Washing_Machine,-3226.615801,-223.447670
1_E_1189.jpg,1_E_1189.jpg,scraped,0,,Player,0.400000,,-2031.201033,-599.176079
1_E_1190.jpg,1_E_1190.jpg,scraped,2,,Keyboard,1.000000,Keyboard,6393.542931,142.536772
1_E_1191.jpg,1_E_1191.jpg,scraped,9,,Keyboard,0.933333,Keyboard,3462.537335,-1437.691350
1_E_1192.jpg,1_E_1192.jpg,scraped,9,,Keyboard,1.000000,Keyboard,4164.666831,-1688.698124
1_E_1193.jpg,1_E_1193.jpg,scraped,1,,Mobile,0.333333,,1225.441455,101.643052
1_E_1194.jpg,1_E_1194.jpg,scraped,17,,pcb,0.800000,pcb,-142.200938,-1179.568554
1_E_1195.jpg,1_E_1195.jpg,scraped,17,,Mouse,0.266667,,-355.017275,-1008.638533
1_E_1196.jpg,1_E_1196.jpg,scraped,17,,Mobile,0.333333,,-538.188224,-815.649414
1_E_1197.jpg,1_E_1197.jpg,scraped,17,,Keyboard,0.400000,,-79.993672,-1063.192219
1_E_1198.jpg,1_E_1198.jpg,scraped,17,,Mouse,0.266667,,-313.451925,-970.178803
1_E_1199.jpg,1_E_1199.jpg,scraped,0,,pcb,0.533333,,148.512592,100.888982
1_E_1200.jpg,1_E_1200.jpg,scraped,0,,Television,0.400000,,144.189833,293.954321
1_E_1201.jpg,1_E_1201.jpg,scraped,0,,Mobile,0.333333,,192.535336,76.879601
1_E_1202.jpg,1_E_1202.jpg,scraped,0,,pcb,0.333333,,215.705597,-55.886190
1_E_1203.jpg,1_E_1203.jpg,scraped,0,,pcb,0.333333,,-350.363187,-41.027441
1_E_1204.jpg,1_E_1204.jpg,scraped,4,,Mobile,0.266667,,3296.898109,-962.616836
1_E_1205.jpg,1_E_1205.jpg,scraped,4,,Printer,0.266667,,3772.221885,-453.949378
1_E_1206.jpg,1_E_1206.jpg,scraped,0,,Mouse,0.400000,,210.838762,-399.953136
1_E_1207.jpg,1_E_1207.jpg,catalogue,9,Keyboard,,,Keyboard,4786.261504,-2468.681755
1_E_1208.jpg,1_E_1208.jpg,catalogue,9,Keyboard,,,Keyboard,4493.112654,-2512.322393
1_E_1209.jpg,1_E_1209.jpg,catalogue,9,Keyboard,,,Keyboard,5401.238927,-2683.804802
1_E_1210.jpg,1_E_1210.jpg,catalogue,9,Keyboard,,,Keyboard,4213.957784,-1912.085453
1_E_1213.jpg,1_E_1213.jpg,catalogue,9,Keyboard,,,Keyboard,4256.913030,-2279.605335
1_E_1214.jpg,1_E_1214.jpg,catalogue,9,Keyboard,,,Keyboard,5241.506412,-2667.643005
1_E_1215.jpg,1_E_1215.jpg,catalogue,9,Keyboard,,,Keyboard,4642.478058,-2423.920857
1_E_1216.jpg,1_E_1216.jpg,catalogue,9,Keyboard,,,Keyboard,4331.508129,-2398.212443
1_E_1217.jpg,1_E_1217.jpg,catalogue,3,Keyboard,,,Keyboard,1731.880499,-1153.457528
1_E_1218.jpg,1_E_1218.jpg,catalogue,9,Keyboard,,,Keyboard,4739.947374,-1815.487346
1_E_1219.jpg,1_E_1219.jpg,catalogue,2,Keyboard,,,Keyboard,5866.852735,-638.322314
1_E_1221.jpg,1_E_1221.jpg,catalogue,9,Keyboard,,,Keyboard,4613.630722,-2445.584813
1_E_1222.jpg,1_E_1222.jpg,catalogue,2,Keyboard,,,Keyboard,6103.689779,-900.738626
1_E_1223.jpg,1_E_1223.jpg,catalogue,9,Keyboard,,,Keyboard,4550.452726,-2577.567020
1_E_1224.jpg,1_E_1224.jpg,catalogue,9,Keyboard,,,Keyboard,5285.854192,-2416.914134
1_E_1225.jpg,1_E_1225.jpg,catalogue,9,Keyboard,,,Keyboard,5256.391744,-2312.443433
1_E_1226.jpg,1_E_1226.jpg,catalogue,9,Keyboard,,,Keyboard,5420.199501,-2704.403562
1_E_1227.jpg,1_E_1227.jpg,catalogue,9,Keyboard,,,Keyboard,3986.079181,-1740.626392
1_E_1228.jpg,1_E_1228.jpg,catalogue,9,Keyboard,,,Keyboard,4521.208302,-1973.806479
1_E_1230.jpg,1_E_1230.jpg,catalogue,9,Keyboard,,,Keyboard,5135.282976,-2359.229206
1_E_1231.jpg,1_E_1231.jpg,catalogue,7,Keyboard,,,Keyboard,3674.713279,1007.873163
1_E_1232.jpg,1_E_1232.jpg,catalogue,9,Keyboard,,,Keyboard,4253.845373,-2077.637893
1_E_1233.jpg,1_E_1233.jpg,catalogue,3,Keyboard,,,Keyboard,2312.353599,-328.373331
1_E_1234.jpg,1_E_1234.jpg,catalogue,9,Keyboard,,,Keyboard,5024.962876,-2217.652069
1_E_1235.jpg,1_E_1235.jpg,catalogue,9,Keyboard,,,Keyboard,5305.153663,-2579.254729
1_E_1236.jpg,1_E_1236.jpg,catalogue,9,Keyboard,,,Keyboard,5144.343369,-2647.589285
1_E_1237.jpg,1_E_1237.jpg,catalogue,9,Keyboard,,,Keyboard,4986.980733,-2411.578499
1_E_1238.jpg,1_E_1238.jpg,catalogue,9,Keyboard,,,Keyboard,4780.695945,-2376.514927
1_E_1239.jpg,1_E_1239.jpg,catalogue,9,Keyboard,,,Keyboard,5154.004184,-2596.081969
1_E_1240.jpg,1_E_1240.jpg,catalogue,9,Keyboard,,,Keyboard,5509.957512,-2511.426684
1_E_1241.jpg,1_E_1241.jpg,catalogue,9,Keyboard,,,Keyboard,5506.109692,-2460.068713
1_E_1243.jpg,1_E_1243.jpg,catalogue,9,Keyboard,,,Keyboard,5071.427079,-1978.984315
1_E_1244.jpg,1_E_1244.jpg,catalogue,9,Keyboard,,,Keyboard,4449.502684,-2577.074359
1_E_1245.jpg,1_E_1245.jpg,catalogue,9,Keyboard,,,Keyboard,3547.934691,-1940.654955
1_E_1246.jpg,1_E_1246.jpg,catalogue,9,Keyboard,,,Keyboard,4362.973021,-2645.509481
1_E_1247.jpg,1_E_1247.jpg,catalogue,9,Keyboard,,,Keyboard,4806.460040,-2550.331383
1_E_1248.jpg,1_E_1248.jpg,catalogue,9,Keyboard,,,Keyboard,5161.076684,-2521.855588
1_E_1249.jpg,1_E_1249.jpg,catalogue,9,Keyboard,,,Keyboard,5518.513626,-2083.466269
1_E_1250.jpg,1_E_1250.jpg,catalogue,9,Keyboard,,,Keyboard,5601.205474,-1790.034236
1_E_1251.jpg,1_E_1251.jpg,catalogue,9,Keyboard,,,Keyboard,5203.136363,-2201.163593
1_E_1252.jpg,1_E_1252.jpg,catalogue,9,Keyboard,,,Keyboard,4831.495075,-2708.795986
1_E_1254.jpg,1_E_1254.jpg,catalogue,9,Keyboard,,,Keyboard,4747.104963,-2535.908382
1_E_1255.jpg,1_E_1255.jpg,catalogue,9,Keyboard,,,Keyboard,4102.985402,-2497.215806
1_E_1256.jpg,1_E_1256.jpg,catalogue,8,Keyboard,,,Keyboard,1273.495650,-1274.117718
1_E_1257.jpg,1_E_1257.jpg,catalogue,9,Keyboard,,,Keyboard,4657.228219,-2748.046881
1_E_1258.jpg,1_E_1258.jpg,catalogue,9,Keyboard,,,Keyboard,4869.899197,-2020.159960
1_E_1259.jpg,1_E_1259.jpg,catalogue,9,Keyboard,,,Keyboard,4733.271971,-1652.512205
1_E_1260.jpg,1_E_1260.jpg,catalogue,9,Keyboard,,,Keyboard,5234.486908,-2438.366707
1_E_1261.jpg,1_E_1261.jpg,catalogue,9,Keyboard,,,Keyboard,4960.606038,-2445.444224
1_E_1262.jpg,1_E_1262.jpg,catalogue,9,Keyboard,,,Keyboard,5584.539581,-2178.950931
1_E_1263.jpg,1_E_1263.jpg,catalogue,9,Keyboard,,,Keyboard,5339.848308,-2353.324829
1_E_1265.jpg,1_E_1265.jpg,catalogue,9,Keyboard,,,Keyboard,5558.311694,-2343.470670
1_E_1266.jpg,1_E_1266.jpg,catalogue,9,Keyboard,,,Keyboard,4390.602088,-2650.117900
1_E_1267.jpg,1_E_1267.jpg,catalogue,9,Keyboard,,,Keyboard,5008.606902,-2349.692001
1_E_1268.jpg,1_E_1268.jpg,catalogue,9,Keyboard,,,Keyboard,4273.641319,-2642.246355
1_E_1269.jpg,1_E_1269.jpg,catalogue,13,Keyboard,,,Keyboard,39.936793,419.178291
1_E_1270.jpg,1_E_1270.jpg,catalogue,9,Keyboard,,,Keyboard,5411.549167,-2510.660613
1_E_1271.jpg,1_E_1271.jpg,catalogue,9,Keyboard,,,Keyboard,5346.317489,-2486.841138
1_E_1272.jpg,1_E_1272.jpg,catalogue,9,Keyboard,,,Keyboard,5354.955606,-2569.808680
1_E_1273.jpg,1_E_1273.jpg,catalogue,9,Keyboard,,,Keyboard,4711.654223,-2498.329059
1_E_1274.jpg,1_E_1274.jpg,catalogue,9,Keyboard,,,Keyboard,4853.551992,-1802.070855
1_E_1275.jpg,1_E_1275.jpg,catalogue,9,Keyboard,,,Keyboard,5170.100581,-2298.411839
1_E_1276.jpg,1_E_1276.jpg,catalogue,9,Keyboard,,,Keyboard,5548.701216,-2593.380870
1_E_1277.jpg,1_E_1277.jpg,catalogue,9,Keyboard,,,Keyboard,4810.754621,-2346.952630
1_E_1278.jpg,1_E_1278.jpg,catalogue,9,Keyboard,,,Keyboard,3332.068756,-2699.183476
1_E_1279.jpg,1_E_1279.jpg,catalogue,9,Keyboard,,,Keyboard,4797.340090,-1921.550254
1_E_1280.jpg,1_E_1280.jpg,catalogue,9,Keyboard,,,Keyboard,4297.477092,-2195.647315
1_E_1281.jpg,1_E_1281.jpg,catalogue,9,Keyboard,,,Keyboard,3746.313896,-2331.191365
1_E_1282.jpg,1_E_1282.jpg,catalogue,9,Keyboard,,,Keyboard,4863.194636,-2655.519113
1_E_1283.jpg,1_E_1283.jpg,catalogue,9,Keyboard,,,Keyboard,4285.360213,-2098.927974
1_E_1284.jpg,1_E_1284.jpg,catalogue,9,Keyboard,,,Keyboard,4687.698471,-2207.447085
1_E_1285.jpg,1_E_1285.jpg,catalogue,9,Keyboard,,,Keyboard,4419.976634,-2652.433325
1_E_1286.jpg,1_E_1286.jpg,catalogue,9,Keyboard,,,Keyboard,4477.744322,-1614.193269
1_E_1287.jpg,1_E_1287.jpg,catalogue,9,Keyboard,,,Keyboard,5111.560987,-2735.530620
1_E_1288.jpg,1_E_1288.jpg,catalogue,9,Keyboard,,,Keyboard,4647.600928,-1972.140849
1_E_1289.jpg,1_E_1289.jpg,catalogue,9,Keyboard,,,Keyboard,4926.141969,-2537.738160
1_E_1290.jpg,1_E_1290.jpg,catalogue,9,Keyboard,,,Keyboard,4639.439861,-2636.829010
1_E_1291.jpg,1_E_1291.jpg,catalogue,9,Keyboard,,,Keyboard,4294.072676,-2725.671908
1_E_1292.jpg,1_E_1292.jpg,catalogue,9,Keyboard,,,Keyboard,4715.371966,-2148.903117
1_E_1293.jpg,1_E_1293.jpg,catalogue,9,Keyboard,,,Keyboard,5216.921231,-2408.951055
1_E_1294.jpg,1_E_1294.jpg,catalogue,9,Keyboard,,,Keyboard,2329.278466,-1625.989812
1_E_1295.jpg,1_E_1295.jpg,catalogue,9,Keyboard,,,Keyboard,4340.085467,-1537.307732
1_E_1296.jpg,1_E_1296.jpg,catalogue,9,Keyboard,,,Keyboard,5538.945855,-2437.545958
1_E_1297.jpg,1_E_1297.jpg,catalogue,9,Keyboard,,,Keyboard,4828.694738,-1823.785935
1_E_1298.jpg,1_E_1298.jpg,catalogue,9,Keyboard,,,Keyboard,4313.747463,-2675.838267
1_E_1299.jpg,1_E_1299.jpg,catalogue,9,Keyboard,,,Keyboard,4642.272329,-1610.796267
1_E_1300.jpg,1_E_1300.jpg,catalogue,9,Keyboard,,,Keyboard,4552.538603,-2181.350424
1_E_1301.jpg,1_E_1301.jpg,catalogue,9,Keyboard,,,Keyboard,5009.616544,-2735.881305
1_E_1302.jpg,1_E_1302.jpg,catalogue,9,Keyboard,,,Keyboard,4549.613188,-2274.604189
1_E_1303.jpg,1_E_1303.jpg,catalogue,9,Keyboard,,,Keyboard,4602.637431,-2480.737166
1_E_1304.jpg,1_E_1304.jpg,catalogue,8,Keyboard,,,Keyboard,1215.456580,-1227.170312
1_E_1305.jpg,1_E_1305.jpg,catalogue,9,Keyboard,,,Keyboard,4728.239380,-2310.335784
1_E_1306.jpg,1_E_1306.jpg,catalogue,9,Keyboard,,,Keyboard,3240.915093,-2229.661746
1_E_1307.jpg,1_E_1307.jpg,catalogue,9,Keyboard,,,Keyboard,4518.504490,-2643.637450
1_E_1308.jpg,1_E_1308.jpg,catalogue,9,Keyboard,,,Keyboard,4095.620448,-1154.191202
1_E_1309.jpg,1_E_1309.jpg,catalogue,9,Keyboard,,,Keyboard,5574.841977,-2565.658958
1_E_1310.jpg,1_E_1310.jpg,catalogue,9,Keyboard,,,Keyboard,5192.745690,-2016.436585
1_E_1311.jpg,1_E_1311.jpg,catalogue,9,Keyboard,,,Keyboard,4417.883837,-2544.241194
1_E_1312.jpg,1_E_1312.jpg,catalogue,9,Keyboard,,,Keyboard,5420.433617,-2748.207950
1_E_1313.jpg,1_E_1313.jpg,catalogue,9,Keyboard,,,Keyboard,4757.092883,-1891.084352
1_E_1314.jpg,1_E_1314.jpg,catalogue,9,Keyboard,,,Keyboard,4582.700823,-2301.056571
1_E_1315.jpg,1_E_1315.jpg,catalogue,9,Keyboard,,,Keyboard,5494.309711,-2659.772575
1_E_1316.jpg,1_E_1316.jpg,catalogue,9,Keyboard,,,Keyboard,5643.442666,-2384.236823
1_E_1317.jpg,1_E_1317.jpg,catalogue,9,Keyboard,,,Keyboard,4899.369129,-2407.570292
1_E_1318.jpg,1_E_1318.jpg,catalogue,9,Keyboard,,,Keyboard,4987.434228,-2101.038833
1_E_1319.jpg,1_E_1319.jpg,catalogue,9,Keyboard,,,Keyboard,5419.960091,-2557.020182
1_E_1320.jpg,1_E_1320.jpg,catalogue,9,Keyboard,,,Keyboard,5043.144467,-2678.829276
1_E_1321.jpg,1_E_1321.jpg,catalogue,9,Keyboard,,,Keyboard,5405.544237,-2410.599114
1_E_1322.jpg,1_E_1322.jpg,catalogue,9,Keyboard,,,Keyboard,5160.742227,-2424.080282
1_E_1323.jpg,1_E_1323.jpg,catalogue,9,Keyboard,,,Keyboard,5438.123167,-2673.102865
1_E_1324.jpg,1_E_1324.jpg,catalogue,10,Keyboard,,,Keyboard,-3650.609743,652.485731
1_E_1325.jpg,1_E_1325.jpg,catalogue,9,Keyboard,,,Keyboard,5273.369665,-2493.131580
1_E_1326.jpg,1_E_1326.jpg,catalogue,9,Keyboard,,,Keyboard,4839.202208,-2294.789864
1_E_1327.jpg,1_E_1327.jpg,catalogue,9,Keyboard,,,Keyboard,5079.821536,-2487.177361
1_E_1328.jpg,1_E_1328.jpg,catalogue,2,Keyboard,,,Keyboard,5818.051539,-800.941392
1_E_1329.jpg,1_E_1329.jpg,catalogue,9,Keyboard,,,Keyboard,2141.635829,-1504.480313
1_E_1330.jpg,1_E_1330.jpg,catalogue,9,Keyboard,,,Keyboard,4629.518677,-2611.244079
1_E_1331.jpg,1_E_1331.jpg,catalogue,9,Keyboard,,,Keyboard,5313.886717,-2722.338491
1_E_1332.jpg,1_E_1332.jpg,catalogue,9,Keyboard,,,Keyboard,4722.191024,-1885.632978
1_E_1333.jpg,1_E_1333.jpg,catalogue,9,Keyboard,,,Keyboard,4874.329078,-2204.229507
1_E_1335.jpg,1_E_1335.jpg,catalogue,9,Keyboard,,,Keyboard,4680.695293,-2112.473428
1_E_1336.jpg,1_E_1336.jpg,catalogue,9,Keyboard,,,Keyboard,4769.887384,-2167.937234
1_E_1337.jpg,1_E_1337.jpg,catalogue,1,Keyboard,,,Keyboard,2471.241692,-907.332046
1_E_1338.jpg,1_E_1338.jpg,catalogue,9,Keyboard,,,Keyboard,5380.930707,-2169.066556
1_E_1339.jpg,1_E_1339.jpg,catalogue,9,Keyboard,,,Keyboard,5601.086877,-2126.119427
1_E_1340.jpg,1_E_1340.jpg,catalogue,9,Keyboard,,,Keyboard,1671.094643,-723.660349
1_E_1341.jpg,1_E_1341.jpg,catalogue,9,Keyboard,,,Keyboard,3879.669234,-1893.897429
1_E_1342.jpg,1_E_1342.jpg,catalogue,9,Keyboard,,,Keyboard,4620.656121,-2401.690230
1_E_1344.jpg,1_E_1344.jpg,catalogue,9,Keyboard,,,Keyboard,4309.984246,-2045.420216
1_E_1345.jpg,1_E_1345.jpg,catalogue,9,Keyboard,,,Keyboard,4975.456882,-2301.604262
1_E_1346.jpg,1_E_1346.jpg,catalogue,9,Keyboard,,,Keyboard,4684.566478,-2610.246079
1_E_1347.jpg,1_E_1347.jpg,catalogue,10,Keyboard,,,Keyboard,-1214.157799,24.782283
1_E_1348.jpg,1_E_1348.jpg,catalogue,8,Keyboard,,,Keyboard,942.141080,-1439.921139
1_E_1349.jpg,1_E_1349.jpg,catalogue,9,Keyboard,,,Keyboard,4676.008134,-2489.685885
1_E_1350.jpg,1_E_1350.jpg,catalogue,9,Keyboard,,,Keyboard,4893.297694,-2504.755639
1_E_1351.jpg,1_E_1351.jpg,catalogue,9,Keyboard,,,Keyboard,3015.468405,-2118.423851
1_E_1352.jpg,1_E_1352.jpg,catalogue,2,Keyboard,,,Keyboard,5586.118572,-1149.585461
1_E_1353.jpg,1_E_1353.jpg,catalogue,9,Keyboard,,,Keyboard,5478.714653,-2465.894078
1_E_1354.jpg,1_E_1354.jpg,catalogue,9,Keyboard,,,Keyboard,4745.256005,-2484.797360
1_E_1355.jpg,1_E_1355.jpg,catalogue,9,Keyboard,,,Keyboard,5084.594791,-2259.496090
1_E_1356.jpg,1_E_1356.jpg,catalogue,9,Keyboard,,,Keyboard,4341.898851,-2352.049853
1_E_1357.jpg,1_E_1357.jpg,catalogue,9,Keyboard,,,Keyboard,4669.564991,-2365.354703
1_E_1358.jpg,1_E_1358.jpg,catalogue,9,Keyboard,,,Keyboard,3356.159547,-2794.406659
1_E_1359.jpg,1_E_1359.jpg,catalogue,8,Keyboard,,,Keyboard,1224.503966,-1310.682825
1_E_1360.jpg,1_E_1360.jpg,catalogue,9,Keyboard,,,Keyboard,4723.878228,-1914.174321
1_E_1361.jpg,1_E_1361.jpg,catalogue,9,Keyboard,,,Keyboard,4145.490221,-2558.640356
1_E_1362.jpg,1_E_1362.jpg,catalogue,9,Keyboard,,,Keyboard,4970.079779,-1660.117426
1_E_1363.jpg,1_E_1363.jpg,catalogue,2,Keyboard,,,Keyboard,5341.817970,-1501.500099
1_E_1364.jpg,1_E_1364.jpg,catalogue,9,Keyboard,,,Keyboard,3960.541496,-2520.024091
1_E_1365.jpg,1_E_1365.jpg,catalogue,9,Keyboard,,,Keyboard,4753.586543,-2344.222511
1_E_1366.jpg,1_E_1366.jpg,catalogue,9,Keyboard,,,Keyboard,5351.777838,-2670.740242
1_E_1367.jpg,1_E_1367.jpg,catalogue,9,Keyboard,,,Keyboard,4843.174937,-2262.350544
1_E_1368.jpg,1_E_1368.jpg,catalogue,9,Keyboard,,,Keyboard,4710.137956,-2417.932891
1_E_1369.jpg,1_E_1369.jpg,catalogue,9,Keyboard,,,Keyboard,5271.849751,-2689.962576
1_E_1370.jpg,1_E_1370.jpg,catalogue,9,Keyboard,,,Keyboard,4150.513479,-2482.169131
1_E_1371.jpg,1_E_1371.jpg,catalogue,9,Keyboard,,,Keyboard,4760.815715,-2228.600368
1_E_1372.jpg,1_E_1372.jpg,catalogue,9,Keyboard,,,Keyboard,4505.465220,-2235.952386
1_E_1373.jpg,1_E_1373.jpg,catalogue,9,Keyboard,,,Keyboard,4781.461071,-2414.684407
1_E_1374.jpg,1_E_1374.jpg,catalogue,9,Keyboard,,,Keyboard,3261.030941,18.847056
1_E_1375.jpg,1_E_1375.jpg,catalogue,2,Keyboard,,,Keyboard,6048.491473,365.309041
1_E_1376.jpg,1_E_1376.jpg,catalogue,9,Keyboard,,,Keyboard,5733.683087,-1911.744646
1_E_1377.jpg,1_E_1377.jpg,catalogue,9,Keyboard,,,Keyboard,5415.639084,-2618.879697
1_E_1378.jpg,1_E_1378.jpg,catalogue,8,Keyboard,,,Keyboard,1936.241978,-1274.828252
1_E_1379.jpg,1_E_1379.jpg,catalogue,9,Keyboard,,,Keyboard,4531.463419,-1939.818028
1_E_1380.jpg,1_E_1380.jpg,catalogue,8,Keyboard,,,Keyboard,1522.402151,-730.816539
1_E_1381.jpg,1_E_1381.jpg,catalogue,9,Keyboard,,,Keyboard,4222.154064,-2648.187113
1_E_1382.jpg,1_E_1382.jpg,catalogue,9,Keyboard,,,Keyboard,5145.794348,-2170.652919
1_E_1383.jpg,1_E_1383.jpg,catalogue,9,Keyboard,,,Keyboard,4972.921438,-2496.783499
1_E_1384.jpg,1_E_1384.jpg,catalogue,9,Keyboard,,,Keyboard,4412.182127,-2056.202382
1_E_1385.jpg,1_E_1385.jpg,catalogue,9,Keyboard,,,Keyboard,4977.266719,-2675.798947
1_E_1386.jpg,1_E_1386.jpg,catalogue,9,Keyboard,,,Keyboard,3590.497970,-2395.304361
1_E_1387.jpg,1_E_1387.jpg,catalogue,9,Keyboard,,,Keyboard,5524.845610,-2688.863025
1_E_1388.jpg,1_E_1388.jpg,catalogue,9,Keyboard,,,Keyboard,4879.600900,-2591.143340
1_E_1389.jpg,1_E_1389.jpg,catalogue,9,Keyboard,,,Keyboard,4698.729283,-2468.500814
1_E_1390.jpg,1_E_1390.jpg,catalogue,9,Keyboard,,,Keyboard,4571.287734,-2368.378188
1_E_1391.jpg,1_E_1391.jpg,catalogue,8,Keyboard,,,Keyboard,1403.395503,-900.401903
1_E_1392.jpg,1_E_1392.jpg,catalogue,8,Keyboard,,,Keyboard,279.648515,-1692.195190
1_E_1393.jpg,1_E_1393.jpg,catalogue,9,Keyboard,,,Keyboard,4882.768716,-2294.080960
1_E_1394.jpg,1_E_1394.jpg,catalogue,9,Keyboard,,,Keyboard,4865.242356,-2457.003514
1_E_1395.jpg,1_E_1395.jpg,catalogue,9,Keyboard,,,Keyboard,4652.888005,-2505.018379
1_E_1396.jpg,1_E_1396.jpg,catalogue,9,Keyboard,,,Keyboard,4544.074307,-1561.605156
1_E_1398.jpg,1_E_1398.jpg,catalogue,7,Keyboard,,,Keyboard,3729.420233,676.273633
1_E_1399.jpg,1_E_1399.jpg,catalogue,9,Keyboard,,,Keyboard,5304.865190,-2546.071521
1_E_1400.jpg,1_E_1400.jpg,catalogue,9,Keyboard,,,Keyboard,5031.431369,-2631.628796
1_E_1402.jpg,1_E_1402.jpg,catalogue,9,Keyboard,,,Keyboard,5022.043278,-2660.331615
1_E_1406.jpg,1_E_1406.jpg,catalogue,9,Keyboard,,,Keyboard,3744.656307,-1875.067578
1_E_1410.jpg,1_E_1410.jpg,catalogue,9,Keyboard,,,Keyboard,5251.324319,-2714.769094
1_E_1411.jpg,1_E_1411.jpg,catalogue,9,Keyboard,,,Keyboard,4656.164403,-1782.866008
1_E_1412.jpg,1_E_1412.jpg,catalogue,9,Keyboard,,,Keyboard,4216.337464,-2535.140940
1_E_1413.jpg,1_E_1413.jpg,catalogue,9,Keyboard,,,Keyboard,5093.716564,-2422.536727
1_E_1414.jpg,1_E_1414.jpg,catalogue,9,Keyboard,,,Keyboard,4357.064711,-2163.461315
1_E_1415.jpg,1_E_1415.jpg,catalogue,9,Keyboard,,,Keyboard,5195.479560,-2636.224431
1_E_1416.jpg,1_E_1416.jpg,catalogue,9,Keyboard,,,Keyboard,5344.050907,-2309.267128
1_E_1417.jpg,1_E_1417.jpg,catalogue,9,Keyboard,,,Keyboard,5595.577162,-2473.640653
1_E_1418.jpg,1_E_1418.jpg,catalogue,8,Keyboard,,,Keyboard,-414.869337,-1539.177799
1_E_1419.jpg,1_E_1419.jpg,catalogue,9,Keyboard,,,Keyboard,5200.763363,-2759.905504
1_E_1420.jpg,1_E_1420.jpg,catalogue,9,Keyboard,,,Keyboard,4829.503562,-2037.919799
1_E_1421.jpg,1_E_1421.jpg,catalogue,3,Keyboard,,,Keyboard,987.362066,-1736.428383
1_E_1424.jpg,1_E_1424.jpg,catalogue,9,Keyboard,,,Keyboard,4451.288302,-1438.108782
1_E_1426.jpg,1_E_1426.jpg,catalogue,9,Keyboard,,,Keyboard,4857.197461,-1769.849946
1_E_1429.jpg,1_E_1429.jpg,catalogue,2,Keyboard,,,Keyboard,5719.097505,-1198.714772
1_E_1430.jpg,1_E_1430.jpg,catalogue,9,Keyboard,,,Keyboard,5623.112503,-2346.393359
1_E_1431.jpg,1_E_1431.jpg,catalogue,9,Keyboard,,,Keyboard,4655.705228,-2601.113157
1_E_1432.jpg,1_E_1432.jpg,catalogue,9,Keyboard,,,Keyboard,4587.710363,-2753.520009
1_E_1433.jpg,1_E_1433.jpg,catalogue,2,Keyboard,,,Keyboard,5824.015307,-1167.261655
1_E_1434.jpg,1_E_1434.jpg,catalogue,9,Keyboard,,,Keyboard,4945.063539,-2366.457280
1_E_1435.jpg,1_E_1435.jpg,catalogue,9,Keyboard,,,Keyboard,5054.552418,-2745.880125
1_E_1436.jpg,1_E_1436.jpg,catalogue,9,Keyboard,,,Keyboard,5028.579323,-2573.139384
1_E_1438.jpg,1_E_1438.jpg,catalogue,9,Keyboard,,,Keyboard,5689.454591,-2229.496278
1_E_1439.jpg,1_E_1439.jpg,catalogue,8,Keyboard,,,Keyboard,989.020762,-1318.286289
1_E_1440.jpg,1_E_1440.jpg,catalogue,9,Keyboard,,,Keyboard,4714.900204,-2389.610735
1_E_1441.jpg,1_E_1441.jpg,catalogue,9,Keyboard,,,Keyboard,5582.599183,-2290.648552
1_E_1442.jpg,1_E_1442.jpg,catalogue,8,Keyboard,,,Keyboard,1007.385059,-1140.875077
1_E_1443.jpg,1_E_1443.jpg,catalogue,9,Keyboard,,,Keyboard,4141.151446,-2069.782275
1_E_1444.jpg,1_E_1444.jpg,catalogue,9,Keyboard,,,Keyboard,4440.499375,-2265.787445
1_E_1445.jpg,1_E_1445.jpg,catalogue,9,Keyboard,,,Keyboard,4927.469673,-2056.800282
1_E_1446.jpg,1_E_1446.jpg,catalogue,9,Keyboard,,,Keyboard,4404.668739,-2327.064096
1_E_1447.jpg,1_E_1447.jpg,catalogue,9,Keyboard,,,Keyboard,4775.648331,-1986.046362
1_E_1449.jpg,1_E_1449.jpg,catalogue,9,Keyboard,,,Keyboard,3953.214883,-2480.550610
1_E_1450.jpg,1_E_1450.jpg,catalogue,9,Keyboard,,,Keyboard,5672.100139,-1843.490275
1_E_1451.jpg,1_E_1451.jpg,catalogue,9,Keyboard,,,Keyboard,4719.841255,-2261.552422
1_E_1452.jpg,1_E_1452.jpg,catalogue,9,Keyboard,,,Keyboard,4500.726069,-2368.826216
1_E_1453.jpg,1_E_1453.jpg,catalogue,9,Keyboard,,,Keyboard,5127.517068,-2269.324787
1_E_1454.jpg,1_E_1454.jpg,catalogue,9,Keyboard,,,Keyboard,5509.112808,-2402.430387
1_E_1455.jpg,1_E_1455.jpg,catalogue,9,Keyboard,,,Keyboard,4161.062811,-2420.839704
1_E_1456.jpg,1_E_1456.jpg,catalogue,9,Keyboard,,,Keyboard,3351.938273,-2297.027107
1_E_1457.jpg,1_E_1457.jpg,catalogue,9,Keyboard,,,Keyboard,4652.062990,-1836.947959
1_E_1458.jpg,1_E_1458.jpg,catalogue,9,Keyboard,,,Keyboard,4921.247475,-2175.665429
1_E_1459.jpg,1_E_1459.jpg,catalogue,9,Keyboard,,,Keyboard,4861.493943,-2341.365331
1_E_1461.jpg,1_E_1461.jpg,catalogue,9,Keyboard,,,Keyboard,5489.553374,-2265.319103
1_E_1462.jpg,1_E_1462.jpg,catalogue,2,Keyboard,,,Keyboard,5743.988616,-982.706984
1_E_1463.jpg,1_E_1463.jpg,catalogue,9,Keyboard,,,Keyboard,5378.323892,-2640.792996
1_E_1464.jpg,1_E_1464.jpg,catalogue,9,Keyboard,,,Keyboard,3942.520121,-2213.946883
1_E_1465.jpg,1_E_1465.jpg,catalogue,13,Microwave,,,Microwave,-5019.337399,4526.782581
1_E_1466.jpg,1_E_1466.jpg,catalogue,13,Microwave,,,Microwave,-5072.108139,4544.982606
1_E_1467.jpg,1_E_1467.jpg,catalogue,13,Microwave,,,Microwave,-4539.673578,5297.200374
1_E_1468.jpg,1_E_1468.jpg,catalogue,13,Microwave,,,Microwave,-3873.810891,5281.905996
1_E_1469.jpg,1_E_1469.jpg,catalogue,13,Microwave,,,Microwave,-4502.812696,5082.386765
1_E_1471.jpg,1_E_1471.jpg,catalogue,13,Microwave,,,Microwave,-4215.548580,5430.816180
1_E_1473.jpg,1_E_1473.jpg,catalogue,13,Microwave,,,Microwave,-5258.350832,4304.060926
1_E_1474.jpg,1_E_1474.jpg,catalogue,13,Microwave,,,Microwave,-4657.077645,5555.985340
1_E_1475.jpg,1_E_1475.jpg,catalogue,13,Microwave,,,Microwave,-4553.444503,4963.177487
1_E_1476.jpg,1_E_1476.jpg,catalogue,13,Microwave,,,Microwave,-4278.899272,4946.765496
1_E_1477.jpg,1_E_1477.jpg,catalogue,13,Microwave,,,Microwave,-4295.128150,5091.544415
1_E_1478.jpg,1_E_1478.jpg,catalogue,13,Microwave,,,Microwave,-5071.196609,4651.480949
1_E_1479.jpg,1_E_1479.jpg,catalogue,13,Microwave,,,Microwave,-4620.723109,5392.429275
1_E_1480.jpg,1_E_1480.jpg,catalogue,13,Microwave,,,Microwave,-4579.279522,5498.709672
1_E_1481.jpg,1_E_1481.jpg,catalogue,13,Microwave,,,Microwave,-4612.206270,5526.465102
1_E_1482.jpg,1_E_1482.jpg,catalogue,13,Microwave,,,Microwave,-4429.929103,3951.943808
1_E_1483.jpg,1_E_1483.jpg,catalogue,13,Microwave,,,Microwave,-4447.347122,5651.641376
1_E_1484.jpg,1_E_1484.jpg,catalogue,13,Microwave,,,Microwave,-4014.510236,5133.616759
1_E_1485.jpg,1_E_1485.jpg,catalogue,6,Microwave,,,Microwave,-1238.437534,4087.048053
1_E_1486.jpg,1_E_1486.jpg,catalogue,13,Microwave,,,Microwave,-4139.465720,4561.643630
1_E_1487.jpg,1_E_1487.jpg,catalogue,13,Microwave,,,Microwave,-4423.767788,5207.810226
1_E_1488.jpg,1_E_1488.jpg,catalogue,13,Microwave,,,Microwave,-5065.618023,4451.291403
1_E_1489.jpg,1_E_1489.jpg,catalogue,13,Microwave,,,Microwave,-3221.343514,4926.810534
1_E_1490.jpg,1_E_1490.jpg,catalogue,13,Microwave,,,Microwave,-4106.981012,5139.536896
1_E_1491.jpg,1_E_1491.jpg,catalogue,13,Microwave,,,Microwave,-4416.598297,4873.183057
1_E_1492.jpg,1_E_1492.jpg,catalogue,13,Microwave,,,Microwave,-4091.859291,5400.131728
1_E_1493.jpg,1_E_1493.jpg,catalogue,13,Microwave,,,Microwave,-4588.506164,5426.841327
1_E_1494.jpg,1_E_1494.jpg,catalogue,13,Microwave,,,Microwave,-4624.761271,5488.572665
1_E_1495.jpg,1_E_1495.jpg,catalogue,13,Microwave,,,Microwave,-4455.641571,4165.178968
1_E_1496.jpg,1_E_1496.jpg,catalogue,13,Microwave,,,Microwave,-4983.012009,4515.363544
1_E_1497.jpg,1_E_1497.jpg,catalogue,13,Microwave,,,Microwave,-4274.204207,5132.073081
1_E_1499.jpg,1_E_1499.jpg,catalogue,13,Microwave,,,Microwave,-3895.782576,5015.544442
1_E_1500.jpg,1_E_1500.jpg,catalogue,13,Microwave,,,Microwave,-4174.185574,5112.573134
1_E_1501.jpg,1_E_1501.jpg,catalogue,13,Microwave,,,Microwave,-4697.267219,5436.334247
1_E_1502.jpg,1_E_1502.jpg,catalogue,13,Microwave,,,Microwave,-5059.372128,3642.291994
1_E_1503.jpg,1_E_1503.jpg,catalogue,13,Microwave,,,Microwave,-4412.135423,5449.759905
1_E_1504.jpg,1_E_1504.jpg,catalogue,13,Microwave,,,Microwave,-4312.892087,5383.469099
1_E_1505.jpg,1_E_1505.jpg,catalogue,13,Microwave,,,Microwave,-5107.461243,4487.583049
1_E_1506.jpg,1_E_1506.jpg,catalogue,13,Microwave,,,Microwave,-5187.434081,4222.327713
1_E_1507.jpg,1_E_1507.jpg,catalogue,13,Microwave,,,Microwave,-1298.919193,2824.253579
1_E_1508.jpg,1_E_1508.jpg,catalogue,13,Microwave,,,Microwave,-4976.478465,4746.939706
1_E_1509.jpg,1_E_1509.jpg,catalogue,13,Microwave,,,Microwave,-5174.476002,4427.628836
1_E_1510.jpg,1_E_1510.jpg,catalogue,13,Microwave,,,Microwave,-4321.637868,4305.279627
1_E_1511.jpg,1_E_1511.jpg,catalogue,13,Microwave,,,Microwave,-4233.121386,5122.729568
1_E_1512.jpg,1_E_1512.jpg,catalogue,13,Microwave,,,Microwave,-4599.522687,4816.390512
1_E_1513.jpg,1_E_1513.jpg,catalogue,13,Microwave,,,Microwave,-4066.920959,5059.557241
1_E_1514.jpg,1_E_1514.jpg,catalogue,13,Microwave,,,Microwave,-4483.358233,5567.723985
1_E_1515.jpg,1_E_1515.jpg,catalogue,13,Microwave,,,Microwave,-4384.671464,5488.275115
1_E_1516.jpg,1_E_1516.jpg,catalogue,13,Microwave,,,Microwave,-4296.593778,5473.999019
1_E_1517.jpg,1_E_1517.jpg,catalogue,13,Microwave,,,Microwave,-4262.200452,5461.279163
1_E_1518.jpg,1_E_1518.jpg,catalogue,13,Microwave,,,Microwave,-4534.080721,5481.381552
1_E_1519.jpg,1_E_1519.jpg,catalogue,13,Microwave,,,Microwave,-3524.072961,5013.916988
1_E_1520.jpg,1_E_1520.jpg,catalogue,13,Microwave,,,Microwave,-4323.224997,5074.696322
1_E_1521.jpg,1_E_1521.jpg,catalogue,13,Microwave,,,Microwave,-4277.969608,5260.961490
1_E_1522.jpg,1_E_1522.jpg,catalogue,13,Microwave,,,Microwave,-3733.948266,5239.930921
1_E_1523.jpg,1_E_1523.jpg,catalogue,13,Microwave,,,Microwave,-4118.444028,5362.545808
1_E_1524.jpg,1_E_1524.jpg,catalogue,13,Microwave,,,Microwave,-3751.797162,4971.577987
1_E_1525.jpg,1_E_1525.jpg,catalogue,13,Microwave,,,Microwave,-4671.153060,5498.480989
1_E_1526.jpg,1_E_1526.jpg,catalogue,13,Microwave,,,Microwave,-4408.326001,5230.570159
1_E_1527.jpg,1_E_1527.jpg,catalogue,13,Microwave,,,Microwave,-4671.676119,5648.679533
1_E_1528.jpg,1_E_1528.jpg,catalogue,13,Microwave,,,Microwave,-4687.388365,5376.960581
1_E_1529.jpg,1_E_1529.jpg,catalogue,13,Microwave,,,Microwave,-4362.704367,5400.692700
1_E_1530.jpg,1_E_1530.jpg,catalogue,13,Microwave,,,Microwave,-4325.264494,5566.741675
1_E_1531.jpg,1_E_1531.jpg,catalogue,13,Microwave,,,Microwave,-4503.585659,5437.897534
1_E_1532.jpg,1_E_1532.jpg,catalogue,13,Microwave,,,Microwave,-4510.693518,5692.906263
1_E_1533.jpg,1_E_1533.jpg,catalogue,13,Microwave,,,Microwave,-4378.534522,5310.745398
1_E_1534.jpg,1_E_1534.jpg,catalogue,13,Microwave,,,Microwave,-3295.986087,4077.537180
1_E_1535.jpg,1_E_1535.jpg,catalogue,13,Microwave,,,Microwave,-3768.853219,4807.398520
1_E_1536.jpg,1_E_1536.jpg,catalogue,13,Microwave,,,Microwave,-4410.785161,4266.885518
1_E_1537.jpg,1_E_1537.jpg,catalogue,13,Microwave,,,Microwave,-4882.046033,4472.637199
1_E_1538.jpg,1_E_1538.jpg,catalogue,13,Microwave,,,Microwave,-4357.065296,5099.324324
1_E_1539.jpg,1_E_1539.jpg,catalogue,13,Microwave,,,Microwave,-4273.368816,4806.826645
1_E_1540.jpg,1_E_1540.jpg,catalogue,13,Microwave,,,Microwave,-4342.850588,5489.100464
1_E_1541.jpg,1_E_1541.jpg,catalogue,13,Microwave,,,Microwave,-4373.220949,5024.066734
1_E_1542.jpg,1_E_1542.jpg,catalogue,13,Microwave,,,Microwave,-4647.097434,4390.217665
1_E_1543.jpg,1_E_1543.jpg,catalogue,13,Microwave,,,Microwave,-4297.421412,5420.883709
1_E_1544.jpg,1_E_1544.jpg,catalogue,13,Microwave,,,Microwave,-4301.587610,5182.851661
1_E_1545.jpg,1_E_1545.jpg,catalogue,13,Microwave,,,Microwave,-4561.600421,5541.985330
1_E_1546.jpg,1_E_1546.jpg,catalogue,6,Microwave,,,Microwave,-2474.598798,4905.175815
1_E_1547.jpg,1_E_1547.jpg,catalogue,13,Microwave,,,Microwave,-4039.783766,5041.157475
1_E_1548.jpg,1_E_1548.jpg,catalogue,13,Microwave,,,Microwave,-4340.317205,5165.164733
1_E_1549.jpg,1_E_1549.jpg,catalogue,13,Microwave,,,Microwave,-4471.700098,5387.573512
1_E_1550.jpg,1_E_1550.jpg,catalogue,13,Microwave,,,Microwave,-4850.129404,4443.896572
1_E_1551.jpg,1_E_1551.jpg,catalogue,13,Microwave,,,Microwave,-4663.874982,5393.183456
1_E_1552.jpg,1_E_1552.jpg,catalogue,13,Microwave,,,Microwave,-4481.568725,5271.408834
1_E_1553.jpg,1_E_1553.jpg,catalogue,13,Microwave,,,Microwave,-4473.944681,5459.903750
1_E_1554.jpg,1_E_1554.jpg,catalogue,13,Microwave,,,Microwave,-2521.911993,1298.800221
1_E_1555.jpg,1_E_1555.jpg,catalogue,13,Microwave,,,Microwave,-3959.539671,5031.485842
1_E_1556.jpg,1_E_1556.jpg,catalogue,13,Microwave,,,Microwave,-4822.611341,5398.033105
1_E_1557.jpg,1_E_1557.jpg,catalogue,13,Microwave,,,Microwave,-3874.641566,5096.001072
1_E_1558.jpg,1_E_1558.jpg,catalogue,13,Microwave,,,Microwave,-3697.478023,4488.097281
1_E_1559.jpg,1_E_1559.jpg,catalogue,13,Microwave,,,Microwave,-4927.452799,4564.363717
1_E_1560.jpg,1_E_1560.jpg,catalogue,13,Microwave,,,Microwave,-3879.208926,5042.849870
1_E_1562.jpg,1_E_1562.jpg,catalogue,13,Microwave,,,Microwave,-4603.039272,5578.086018
1_E_1563.jpg,1_E_1563.jpg,catalogue,13,Microwave,,,Microwave,-5079.715279,4157.786363
1_E_1565.jpg,1_E_1565.jpg,catalogue,13,Microwave,,,Microwave,-4240.408262,5417.436093
1_E_1566.jpg,1_E_1566.jpg,catalogue,13,Microwave,,,Microwave,-4347.986140,4627.282066
1_E_1567.jpg,1_E_1567.jpg,catalogue,13,Microwave,,,Microwave,-4204.914883,5617.902905
1_E_1568.jpg,1_E_1568.jpg,catalogue,13,Microwave,,,Microwave,-4506.198401,5537.190563
1_E_1569.jpg,1_E_1569.jpg,catalogue,13,Microwave,,,Microwave,-4325.188592,5618.576490
1_E_1571.jpg,1_E_1571.jpg,catalogue,13,Microwave,,,Microwave,-4261.271743,4641.907492
1_E_1572.jpg,1_E_1572.jpg,catalogue,13,Microwave,,,Microwave,-4175.418921,4802.101975
1_E_1573.jpg,1_E_1573.jpg,catalogue,13,Microwave,,,Microwave,-4387.690995,5535.679303
1_E_1574.jpg,1_E_1574.jpg,catalogue,13,Microwave,,,Microwave,-4442.824622,5594.170217
1_E_1575.jpg,1_E_1575.jpg,catalogue,13,Microwave,,,Microwave,-4536.972635,5519.397556
1_E_1576.jpg,1_E_1576.jpg,catalogue,13,Microwave,,,Microwave,-4269.854379,5217.764906
1_E_1577.jpg,1_E_1577.jpg,catalogue,13,Microwave,,,Microwave,-4134.392890,5124.683873
1_E_1578.jpg,1_E_1578.jpg,catalogue,13,Microwave,,,Microwave,-4004.714228,4292.984238
1_E_1579.jpg,1_E_1579.jpg,catalogue,13,Microwave,,,Microwave,-4263.866189,5523.645069
1_E_1580.jpg,1_E_1580.jpg,catalogue,13,Microwave,,,Microwave,-4382.168151,4953.488831
1_E_1582.jpg,1_E_1582.jpg,catalogue,13,Microwave,,,Microwave,-4541.742914,5373.073827
1_E_1583.jpg,1_E_1583.jpg,catalogue,13,Microwave,,,Microwave,-4407.405992,5401.517787
1_E_1584.jpg,1_E_1584.jpg,catalogue,13,Microwave,,,Microwave,-4275.123349,5174.074324
1_E_1585.jpg,1_E_1585.jpg,catalogue,13,Microwave,,,Microwave,-1006.329146,1659.533861
1_E_1586.jpg,1_E_1586.jpg,catalogue,13,Microwave,,,Microwave,-4219.888694,5480.883629
1_E_1587.jpg,1_E_1587.jpg,catalogue,13,Microwave,,,Microwave,-4513.608729,5601.550620
1_E_1588.jpg,1_E_1588.jpg,catalogue,13,Microwave,,,Microwave,-4418.727024,5479.830457
1_E_1589.jpg,1_E_1589.jpg,catalogue,13,Microwave,,,Microwave,-4449.479781,4210.827932
1_E_1590.jpg,1_E_1590.jpg,catalogue,13,Microwave,,,Microwave,-4837.612408,5155.295819
1_E_1591.jpg,1_E_1591.jpg,catalogue,13,Microwave,,,Microwave,-2833.961401,1064.176471
1_E_1592.jpg,1_E_1592.jpg,catalogue,13,Microwave,,,Microwave,-4153.934682,5485.600367
1_E_1593.jpg,1_E_1593.jpg,catalogue,13,Microwave,,,Microwave,-4339.925706,5315.668451
1_E_1594.jpg,1_E_1594.jpg,catalogue,13,Microwave,,,Microwave,-3193.294570,4566.123213
1_E_1595.jpg,1_E_1595.jpg,catalogue,6,Microwave,,,Microwave,-2225.702565,4568.824140
1_E_1596.jpg,1_E_1596.jpg,catalogue,13,Microwave,,,Microwave,-4214.256439,4936.479902
1_E_1597.jpg,1_E_1597.jpg,catalogue,13,Microwave,,,Microwave,-3992.602190,4701.306920
1_E_1598.jpg,1_E_1598.jpg,catalogue,13,Microwave,,,Microwave,-4392.219506,5356.478398
1_E_1599.jpg,1_E_1599.jpg,catalogue,13,Microwave,,,Microwave,-4498.425486,3955.821482
1_E_1600.jpg,1_E_1600.jpg,catalogue,13,Microwave,,,Microwave,-4308.825379,5326.548932
1_E_1601.jpg,1_E_1601.jpg,catalogue,13,Microwave,,,Microwave,-4805.679450,5106.070124
1_E_1602.jpg,1_E_1602.jpg,catalogue,13,Microwave,,,Microwave,-4494.613943,5388.859746
1_E_1603.jpg,1_E_1603.jpg,catalogue,13,Microwave,,,Microwave,-4445.779880,5329.703585
1_E_1604.jpg,1_E_1604.jpg,catalogue,13,Microwave,,,Microwave,-3858.449791,5010.140345
1_E_1605.jpg,1_E_1605.jpg,catalogue,13,Microwave,,,Microwave,-4660.157791,5427.206276
1_E_1606.jpg,1_E_1606.jpg,catalogue,13,Microwave,,,Microwave,-3623.450696,4454.228035
1_E_1607.jpg,1_E_1607.jpg,catalogue,13,Microwave,,,Microwave,-3922.403697,4921.165406
1_E_1608.jpg,1_E_1608.jpg,catalogue,13,Microwave,,,Microwave,-3773.168254,4774.934411
1_E_1609.jpg,1_E_1609.jpg,catalogue,13,Microwave,,,Microwave,-4089.581380,5179.586553
1_E_1610.jpg,1_E_1610.jpg,catalogue,13,Microwave,,,Microwave,-2524.677538,1975.763150
1_E_1611.jpg,1_E_1611.jpg,catalogue,13,Microwave,,,Microwave,-3662.446399,4796.906073
1_E_1612.jpg,1_E_1612.jpg,catalogue,13,Microwave,,,Microwave,-1976.399132,4637.682408
1_E_1613.jpg,1_E_1613.jpg,catalogue,13,Microwave,,,Microwave,-5090.318547,4382.776869
1_E_1614.jpg,1_E_1614.jpg,catalogue,13,Microwave,,,Microwave,-4282.642705,4869.067197
1_E_1615.jpg,1_E_1615.jpg,catalogue,13,Microwave,,,Microwave,-3703.772669,4915.919313
1_E_1616.jpg,1_E_1616.jpg,catalogue,6,Microwave,,,Microwave,-1064.937820,4276.976787
1_E_1617.jpg,1_E_1617.jpg,catalogue,13,Microwave,,,Microwave,-3679.915178,4862.155563
1_E_1618.jpg,1_E_1618.jpg,catalogue,13,Microwave,,,Microwave,-4699.920962,5552.172655
1_E_1619.jpg,1_E_1619.jpg,catalogue,13,Microwave,,,Microwave,-4358.188601,2779.923571
1_E_1620.jpg,1_E_1620.jpg,catalogue,13,Microwave,,,Microwave,-5196.000501,4458.554065
1_E_1621.jpg,1_E_1621.jpg,catalogue,13,Microwave,,,Microwave,-3747.301427,4878.416876
1_E_1622.jpg,1_E_1622.jpg,catalogue,13,Microwave,,,Microwave,-2795.915123,4584.405965
1_E_1623.jpg,1_E_1623.jpg,catalogue,13,Microwave,,,Microwave,-4585.832425,4572.067516
1_E_1624.jpg,1_E_1624.jpg,catalogue,13,Microwave,,,Microwave,-3961.486262,5368.342989
1_E_1625.jpg,1_E_1625.jpg,catalogue,13,Microwave,,,Microwave,-3905.051500,4981.627088
1_E_1626.jpg,1_E_1626.jpg,catalogue,13,Microwave,,,Microwave,-4483.566104,5530.865286
1_E_1627.jpg,1_E_1627.jpg,catalogue,13,Microwave,,,Microwave,-4600.321528,5661.284925
1_E_1628.jpg,1_E_1628.jpg,catalogue,13,Microwave,,,Microwave,-2319.106938,2237.850732
1_E_1629.jpg,1_E_1629.jpg,catalogue,13,Microwave,,,Microwave,-4949.636003,3943.692299
1_E_1630.jpg,1_E_1630.jpg,catalogue,13,Microwave,,,Microwave,-5086.131339,4225.637748
1_E_1631.jpg,1_E_1631.jpg,catalogue,13,Microwave,,,Microwave,-3622.595901,4174.555047
1_E_1632.jpg,1_E_1632.jpg,catalogue,13,Microwave,,,Microwave,-4047.971075,4980.723243
1_E_1633.jpg,1_E_1633.jpg,catalogue,13,Microwave,,,Microwave,-3818.852271,5103.928970
1_E_1634.jpg,1_E_1634.jpg,catalogue,13,Microwave,,,Microwave,-4739.351037,4647.785138
1_E_1635.jpg,1_E_1635.jpg,catalogue,13,Microwave,,,Microwave,-2594.466320,4717.784452
1_E_1636.jpg,1_E_1636.jpg,catalogue,13,Microwave,,,Microwave,-4493.240117,5220.657039
1_E_1637.jpg,1_E_1637.jpg,catalogue,13,Microwave,,,Microwave,-4902.456022,4499.039521
1_E_1638.jpg,1_E_1638.jpg,catalogue,13,Microwave,,,Microwave,-5020.566833,4426.477922
1_E_1639.jpg,1_E_1639.jpg,catalogue,13,Microwave,,,Microwave,-4483.414294,5154.674841
1_E_1640.jpg,1_E_1640.jpg,catalogue,13,Microwave,,,Microwave,-4594.311463,5310.671486
1_E_1641.jpg,1_E_1641.jpg,catalogue,13,Microwave,,,Microwave,-4397.763729,5171.044637
1_E_1642.jpg,1_E_1642.jpg,catalogue,13,Microwave,,,Microwave,-4169.653770,5438.531384
1_E_1643.jpg,1_E_1643.jpg,catalogue,13,Microwave,,,Microwave,-5283.813165,4196.347698
1_E_1644.jpg,1_E_1644.jpg,catalogue,13,Microwave,,,Microwave,-3419.106338,4017.055224
1_E_1645.jpg,1_E_1645.jpg,catalogue,13,Microwave,,,Microwave,-4444.055748,5415.945872
1_E_1646.jpg,1_E_1646.jpg,catalogue,13,Microwave,,,Microwave,-3909.555767,4599.633182
1_E_1647.jpg,1_E_1647.jpg,catalogue,13,Microwave,,,Microwave,-3457.689576,4661.402645
1_E_1648.jpg,1_E_1648.jpg,catalogue,13,Microwave,,,Microwave,-4142.128756,4653.699000
1_E_1649.jpg,1_E_1649.jpg,catalogue,13,Microwave,,,Microwave,-4932.745093,3851.775319
1_E_1650.jpg,1_E_1650.jpg,catalogue,13,Microwave,,,Microwave,-4888.380394,2754.885295
1_E_1651.jpg,1_E_1651.jpg,catalogue,13,Microwave,,,Microwave,-5286.714166,4243.155473
1_E_1652.jpg,1_E_1652.jpg,catalogue,13,Microwave,,,Microwave,-3984.512827,4936.090203
1_E_1653.jpg,1_E_1653.jpg,catalogue,13,Microwave,,,Microwave,-5173.275034,4505.774606
1_E_1654.jpg,1_E_1654.jpg,catalogue,13,Microwave,,,Microwave,-5073.213447,4421.738225
1_E_1655.jpg,1_E_1655.jpg,catalogue,13,Microwave,,,Microwave,-3940.301317,4098.369126
1_E_1656.jpg,1_E_1656.jpg,catalogue,13,Microwave,,,Microwave,-3662.026857,4670.984560
1_E_1657.jpg,1_E_1657.jpg,catalogue,13,Microwave,,,Microwave,-4115.438560,5475.272629
1_E_1658.jpg,1_E_1658.jpg,catalogue,13,Microwave,,,Microwave,-3564.649185,4871.982160
1_E_1659.jpg,1_E_1659.jpg,catalogue,13,Microwave,,,Microwave,-5056.845764,4489.524190
1_E_1660.jpg,1_E_1660.jpg,catalogue,12,Microwave,,,Microwave,-36.663338,3461.854194
1_E_1661.jpg,1_E_1661.jpg,catalogue,13,Microwave,,,Microwave,-5140.455332,4407.621001
1_E_1662.jpg,1_E_1662.jpg,catalogue,13,Microwave,,,Microwave,-4347.815100,4923.273655
1_E_1663.jpg,1_E_1663.jpg,catalogue,13,Microwave,,,Microwave,-4040.935017,4873.552607
1_E_1664.jpg,1_E_1664.jpg,catalogue,13,Microwave,,,Microwave,-4289.613532,4468.370695
1_E_1665.jpg,1_E_1665.jpg,catalogue,13,Microwave,,,Microwave,-4412.704161,4117.928819
1_E_1666.jpg,1_E_1666.jpg,catalogue,13,Microwave,,,Microwave,-3957.438243,4817.929379
1_E_1667.jpg,1_E_1667.jpg,catalogue,13,Microwave,,,Microwave,-4033.305684,5429.503839
1_E_1668.jpg,1_E_1668.jpg,catalogue,13,Microwave,,,Microwave,-3305.747013,3967.268859
1_E_1669.jpg,1_E_1669.jpg,catalogue,13,Microwave,,,Microwave,-1731.442250,2124.344082
1_E_1670.jpg,1_E_1670.jpg,catalogue,13,Microwave,,,Microwave,-4519.052754,4296.157795
1_E_1671.jpg,1_E_1671.jpg,catalogue,13,Microwave,,,Microwave,-4265.203437,4764.700398
1_E_1672.jpg,1_E_1672.jpg,catalogue,13,Microwave,,,Microwave,-4206.839904,5223.202730
1_E_1673.jpg,1_E_1673.jpg,catalogue,13,Microwave,,,Microwave,-4005.257181,4981.910009
1_E_1674.jpg,1_E_1674.jpg,catalogue,6,Microwave,,,Microwave,-1871.822295,4637.888943
1_E_1675.jpg,1_E_1675.jpg,catalogue,13,Microwave,,,Microwave,-4578.874041,5192.569051
1_E_1676.jpg,1_E_1676.jpg,catalogue,13,Microwave,,,Microwave,-3132.511546,4061.063060
1_E_1677.jpg,1_E_1677.jpg,catalogue,13,Microwave,,,Microwave,-4160.327651,4765.288489
1_E_1678.jpg,1_E_1678.jpg,catalogue,13,Microwave,,,Microwave,-4725.092786,4525.678879
1_E_1679.jpg,1_E_1679.jpg,catalogue,13,Microwave,,,Microwave,-4185.932348,5150.724353
1_E_1680.jpg,1_E_1680.jpg,catalogue,13,Microwave,,,Microwave,-4783.851982,4536.979313
1_E_1681.jpg,1_E_1681.jpg,catalogue,13,Microwave,,,Microwave,-5066.647921,4514.613151
1_E_1682.jpg,1_E_1682.jpg,catalogue,13,Microwave,,,Microwave,-4007.717865,5353.948540
1_E_1683.jpg,1_E_1683.jpg,catalogue,13,Microwave,,,Microwave,-3842.708733,4918.230474
1_E_1684.jpg,1_E_1684.jpg,catalogue,13,Microwave,,,Microwave,-4305.009750,5545.076210
1_E_1685.jpg,1_E_1685.jpg,catalogue,13,Microwave,,,Microwave,-4486.047923,5310.503961
1_E_1686.jpg,1_E_1686.jpg,catalogue,13,Microwave,,,Microwave,-4187.004085,5292.180169
1_E_1687.jpg,1_E_1687.jpg,catalogue,13,Microwave,,,Microwave,-4432.280422,5363.549194
1_E_1688.jpg,1_E_1688.jpg,catalogue,13,Microwave,,,Microwave,-4461.063613,4791.692493
1_E_1689.jpg,1_E_1689.jpg,catalogue,13,Microwave,,,Microwave,-4485.624284,4985.334500
1_E_1690.jpg,1_E_1690.jpg,catalogue,13,Microwave,,,Microwave,-4374.347693,5248.364202
1_E_1691.jpg,1_E_1691.jpg,catalogue,13,Microwave,,,Microwave,-4532.823410,5562.087721
1_E_1692.jpg,1_E_1692.jpg,catalogue,13,Microwave,,,Microwave,-4190.043935,5388.733807
1_E_1693.jpg,1_E_1693.jpg,catalogue,13,Microwave,,,Microwave,-725.466116,1904.608044
1_E_1694.jpg,1_E_1694.jpg,catalogue,13,Microwave,,,Microwave,-3933.418343,2922.265590
1_E_1695.jpg,1_E_1695.jpg,catalogue,13,Microwave,,,Microwave,-4659.429353,5315.481705
1_E_1696.jpg,1_E_1696.jpg,catalogue,13,Microwave,,,Microwave,-4251.404654,5373.999745
1_E_1697.jpg,1_E_1697.jpg,catalogue,13,Microwave,,,Microwave,-4030.103977,5186.682881
1_E_1698.jpg,1_E_1698.jpg,catalogue,13,Microwave,,,Microwave,-4223.427543,5548.824595
1_E_1699.jpg,1_E_1699.jpg,catalogue,13,Microwave,,,Microwave,-4153.160188,5194.286204
1_E_1700.jpg,1_E_1700.jpg,catalogue,13,Microwave,,,Microwave,-4338.004892,5263.027360
1_E_1701.jpg,1_E_1701.jpg,catalogue,13,Microwave,,,Microwave,-4137.252552,5011.933241
1_E_1702.jpg,1_E_1702.jpg,catalogue,13,Microwave,,,Microwave,-3955.555919,5293.836031
1_E_1703.jpg,1_E_1703.jpg,catalogue,13,Microwave,,,Microwave,-4396.279043,5586.387962
1_E_1704.jpg,1_E_1704.jpg,catalogue,13,Microwave,,,Microwave,-4295.075583,5586.350116
1_E_1705.jpg,1_E_1705.jpg,catalogue,13,Microwave,,,Microwave,-4453.851571,5542.956315
1_E_1706.jpg,1_E_1706.jpg,catalogue,13,Microwave,,,Microwave,-4212.501664,4352.547725
1_E_1707.jpg,1_E_1707.jpg,catalogue,13,Microwave,,,Microwave,-4784.073105,5515.387860
1_E_1708.jpg,1_E_1708.jpg,catalogue,13,Microwave,,,Microwave,-4244.465643,1925.101501
1_E_1709.jpg,1_E_1709.jpg,catalogue,17,Microwave,,,Microwave,-1572.732168,828.127791
1_E_1710.jpg,1_E_1710.jpg,catalogue,13,Microwave,,,Microwave,-4304.285129,5248.407816
1_E_1711.jpg,1_E_1711.jpg,catalogue,11,Microwave,,,Microwave,-6644.607949,1910.597190
1_E_1712.jpg,1_E_1712.jpg,catalogue,13,Microwave,,,Microwave,-4442.281316,5499.121801
1_E_1713.jpg,1_E_1713.jpg,catalogue,13,Microwave,,,Microwave,-4453.534669,4310.213846
1_E_1714.jpg,1_E_1714.jpg,catalogue,13,Microwave,,,Microwave,-4211.796119,5338.147506
1_E_1715.jpg,1_E_1715.jpg,catalogue,13,Microwave,,,Microwave,-4410.611051,5116.387678
1_E_1716.jpg,1_E_1716.jpg,catalogue,13,Microwave,,,Microwave,-4537.372647,5435.879910
1_E_1717.jpg,1_E_1717.jpg,catalogue,15,Microwave,,,Microwave,-3925.248359,87.046618
1_E_1718.jpg,1_E_1718.jpg,catalogue,13,Microwave,,,Microwave,-3604.320335,4804.723920
1_E_1719.jpg,1_E_1719.jpg,catalogue,13,Microwave,,,Microwave,-5175.532217,4126.150079
1_E_1720.jpg,1_E_1720.jpg,catalogue,13,Microwave,,,Microwave,-3505.078616,4444.077867
1_E_1721.jpg,1_E_1721.jpg,catalogue,5,Microwave,,,Microwave,-4642.822415,-2051.760950
1_E_1722.jpg,1_E_1722.jpg,catalogue,8,Microwave,,,Microwave,-942.602200,-1805.812727
1_E_1723.jpg,1_E_1723.jpg,catalogue,13,Microwave,,,Microwave,-4734.052762,5120.699562
1_E_1747.jpg,1_E_1747.jpg,catalogue,3,Mobile,,,Mobile,4822.480478,1046.271170
1_E_1766.jpg,1_E_1766.jpg,catalogue,3,Mobile,,,Mobile,3486.503904,579.550569
1_E_1785.jpg,1_E_1785.jpg,catalogue,3,Mobile,,,Mobile,4229.734735,2024.965540
1_E_1786.jpg,1_E_1786.jpg,catalogue,3,Mobile,,,Mobile,4720.625185,2066.726648
1_E_1787.jpg,1_E_1787.jpg,catalogue,3,Mobile,,,Mobile,4834.876815,2256.190363
1_E_1788.jpg,1_E_1788.jpg,catalogue,3,Mobile,,,Mobile,4974.034193,2581.641195
1_E_1789.jpg,1_E_1789.jpg,catalogue,3,Mobile,,,Mobile,5156.758664,2671.667204
1_E_1790.jpg,1_E_1790.jpg,catalogue,3,Mobile,,,Mobile,4684.993372,2188.848244
1_E_1791.jpg,1_E_1791.jpg,catalogue,3,Mobile,,,Mobile,4686.882454,2081.444932
1_E_1793.jpg,1_E_1793.jpg,catalogue,3,Mobile,,,Mobile,4883.100992,2305.777781
1_E_1794.jpg,1_E_1794.jpg,catalogue,3,Mobile,,,Mobile,4799.052032,2211.585451
1_E_1795.jpg,1_E_1795.jpg,catalogue,3,Mobile,,,Mobile,4801.048632,2405.898494
1_E_1796.jpg,1_E_1796.jpg,catalogue,3,Mobile,,,Mobile,4769.625677,2510.465019
1_E_1797.jpg,1_E_1797.jpg,catalogue,3,Mobile,,,Mobile,4875.125225,2145.232621
1_E_1798.jpg,1_E_1798.jpg,catalogue,3,Mobile,,,Mobile,5088.036042,2678.307005
1_E_1799.jpg,1_E_1799.jpg,catalogue,3,Mobile,,,Mobile,4978.277345,2641.867390
1_E_1800.jpg,1_E_1800.jpg,catalogue,3,Mobile,,,Mobile,4856.041417,2189.280192
1_E_1801.jpg,1_E_1801.jpg,catalogue,3,Mobile,,,Mobile,4672.855572,1875.057412
1_E_1802.jpg,1_E_1802.jpg,catalogue,3,Mobile,,,Mobile,2786.070862,667.700107
1_E_1803.jpg,1_E_1803.jpg,catalogue,3,Mobile,,,Mobile,5050.449985,2277.195108
1_E_1804.jpg,1_E_1804.jpg,catalogue,3,Mobile,,,Mobile,4941.682139,2664.138136
1_E_1805.jpg,1_E_1805.jpg,catalogue,3,Mobile,,,Mobile,3912.480188,1661.451130
1_E_1806.jpg,1_E_1806.jpg,catalogue,3,Mobile,,,Mobile,5138.476370,2189.468275
1_E_1807.jpg,1_E_1807.jpg,catalogue,3,Mobile,,,Mobile,5061.604215,2642.497004
1_E_1808.jpg,1_E_1808.jpg,catalogue,3,Mobile,,,Mobile,5280.295909,2690.437520
1_E_1809.jpg,1_E_1809.jpg,catalogue,3,Mobile,,,Mobile,4931.581237,2236.719614
1_E_1810.jpg,1_E_1810.jpg,catalogue,3,Mobile,,,Mobile,5255.068490,2747.351149
1_E_1811.jpg,1_E_1811.jpg,catalogue,16,Mobile,,,Mobile,2960.747291,1213.119422
1_E_1812.jpg,1_E_1812.jpg,catalogue,3,Mobile,,,Mobile,5333.989407,2804.278986
1_E_1813.jpg,1_E_1813.jpg,catalogue,16,Mobile,,,Mobile,3450.779215,1537.443838
1_E_1814.jpg,1_E_1814.jpg,catalogue,3,Mobile,,,Mobile,5441.516550,2468.107334
1_E_1815.jpg,1_E_1815.jpg,catalogue,3,Mobile,,,Mobile,5056.049511,2682.544636
1_E_1816.jpg,1_E_1816.jpg,catalogue,3,Mobile,,,Mobile,4266.389535,1973.739744
1_E_1817.jpg,1_E_1817.jpg,catalogue,3,Mobile,,,Mobile,4163.822335,1815.025653
1_E_1818.jpg,1_E_1818.jpg,catalogue,3,Mobile,,,Mobile,5242.261443,2677.187305
1_E_1819.jpg,1_E_1819.jpg,catalogue,3,Mobile,,,Mobile,4973.650860,1988.710747
1_E_1820.jpg,1_E_1820.jpg,catalogue,3,Mobile,,,Mobile,4799.942792,2627.157930
1_E_1821.jpg,1_E_1821.jpg,catalogue,3,Mobile,,,Mobile,4835.461406,2617.514876
1_E_1822.jpg,1_E_1822.jpg,catalogue,17,Mobile,,,Mobile,931.209566,-880.403776
1_E_1823.jpg,1_E_1823.jpg,catalogue,3,Mobile,,,Mobile,4471.828628,1982.635436
1_E_1824.jpg,1_E_1824.jpg,catalogue,3,Mobile,,,Mobile,4368.379444,2096.507548
1_E_1826.jpg,1_E_1826.jpg,catalogue,3,Mobile,,,Mobile,4350.665187,1980.332053
1_E_1827.jpg,1_E_1827.jpg,catalogue,3,Mobile,,,Mobile,4022.878256,1777.829442
1_E_1828.jpg,1_E_1828.jpg,catalogue,3,Mobile,,,Mobile,4046.077749,1938.376548
1_E_1829.jpg,1_E_1829.jpg,catalogue,3,Mobile,,,Mobile,4579.137752,2216.661551
1_E_1830.jpg,1_E_1830.jpg,catalogue,3,Mobile,,,Mobile,4421.367179,2031.984870
1_E_1831.jpg,1_E_1831.jpg,catalogue,3,Mobile,,,Mobile,4182.046257,1905.932443
1_E_1832.jpg,1_E_1832.jpg,catalogue,3,Mobile,,,Mobile,4310.598670,1996.890052
1_E_1833.jpg,1_E_1833.jpg,catalogue,3,Mobile,,,Mobile,4458.866207,2444.811792
1_E_1834.jpg,1_E_1834.jpg,catalogue,3,Mobile,,,Mobile,4923.321049,2204.393662
1_E_1835.jpg,1_E_1835.jpg,catalogue,3,Mobile,,,Mobile,3338.810326,1272.716944
1_E_1838.jpg,1_E_1838.jpg,catalogue,3,Mobile,,,Mobile,3806.504345,2024.550860
1_E_1839.jpg,1_E_1839.jpg,catalogue,3,Mobile,,,Mobile,5008.957358,2673.842617
1_E_1840.jpg,1_E_1840.jpg,catalogue,3,Mobile,,,Mobile,5028.037554,2634.534948
1_E_1841.jpg,1_E_1841.jpg,catalogue,3,Mobile,,,Mobile,3924.562076,2264.393571
1_E_1842.jpg,1_E_1842.jpg,catalogue,3,Mobile,,,Mobile,4835.876690,2457.220306
1_E_1843.jpg,1_E_1843.jpg,catalogue,3,Mobile,,,Mobile,4897.879095,2105.360207
1_E_1844.jpg,1_E_1844.jpg,catalogue,3,Mobile,,,Mobile,4966.885962,2076.465069
1_E_1845.jpg,1_E_1845.jpg,catalogue,3,Mobile,,,Mobile,4697.725169,1975.735234
1_E_1846.jpg,1_E_1846.jpg,catalogue,3,Mobile,,,Mobile,4794.523270,2284.028086
1_E_1847.jpg,1_E_1847.jpg,catalogue,3,Mobile,,,Mobile,3105.037093,1229.296172
1_E_1849.jpg,1_E_1849.jpg,catalogue,3,Mobile,,,Mobile,4321.889453,2181.013361
1_E_1850.jpg,1_E_1850.jpg,catalogue,3,Mobile,,,Mobile,4279.071895,2151.377486
1_E_1851.jpg,1_E_1851.jpg,catalogue,3,Mobile,,,Mobile,3566.905288,2253.174189
1_E_1852.jpg,1_E_1852.jpg,catalogue,3,Mobile,,,Mobile,4126.093170,2323.996066
1_E_1853.jpg,1_E_1853.jpg,catalogue,3,Mobile,,,Mobile,4346.055232,2432.082132
1_E_1854.jpg,1_E_1854.jpg,catalogue,3,Mobile,,,Mobile,4742.456731,2681.867111
1_E_1855.jpg,1_E_1855.jpg,catalogue,3,Mobile,,,Mobile,4763.754986,2227.088251
1_E_1856.jpg,1_E_1856.jpg,catalogue,3,Mobile,,,Mobile,4732.359624,2636.421406
1_E_1857.jpg,1_E_1857.jpg,catalogue,3,Mobile,,,Mobile,4809.894183,2727.481458
1_E_1858.jpg,1_E_1858.jpg,catalogue,3,Mobile,,,Mobile,3406.578682,1027.076401
1_E_1860.jpg,1_E_1860.jpg,catalogue,3,Mobile,,,Mobile,5028.172116,2411.338419
1_E_1861.jpg,1_E_1861.jpg,catalogue,3,Mobile,,,Mobile,5151.996603,2410.654115
1_E_1862.jpg,1_E_1862.jpg,catalogue,3,Mobile,,,Mobile,5185.803357,2343.464296
1_E_1863.jpg,1_E_1863.jpg,catalogue,3,Mobile,,,Mobile,4895.303305,2459.512849
1_E_1864.jpg,1_E_1864.jpg,catalogue,3,Mobile,,,Mobile,4281.063163,1584.502315
1_E_1865.jpg,1_E_1865.jpg,catalogue,3,Mobile,,,Mobile,3756.572044,1144.466385
1_E_1866.jpg,1_E_1866.jpg,catalogue,3,Mobile,,,Mobile,4014.117679,1490.791331
1_E_1867.jpg,1_E_1867.jpg,catalogue,3,Mobile,,,Mobile,4187.035385,1444.016437
1_E_1868.jpg,1_E_1868.jpg,catalogue,3,Mobile,,,Mobile,4411.786713,1751.513010
1_E_1869.jpg,1_E_1869.jpg,catalogue,3,Mobile,,,Mobile,4966.851534,2302.778219
1_E_1871.jpg,1_E_1871.jpg,catalogue,3,Mobile,,,Mobile,4043.804968,1389.947771
1_E_1872.jpg,1_E_1872.jpg,catalogue,3,Mobile,,,Mobile,3381.967705,582.999372
1_E_1873.jpg,1_E_1873.jpg,catalogue,3,Mobile,,,Mobile,4651.804860,2666.521945
1_E_1874.jpg,1_E_1874.jpg,catalogue,3,Mobile,,,Mobile,3657.627288,884.556812
1_E_1875.jpg,1_E_1875.jpg,catalogue,3,Mobile,,,Mobile,4171.002030,1974.257937
1_E_1876.jpg,1_E_1876.jpg,catalogue,3,Mobile,,,Mobile,4576.981109,2559.476108
1_E_1877.jpg,1_E_1877.jpg,catalogue,3,Mobile,,,Mobile,4866.640436,2511.410555
1_E_1878.jpg,1_E_1878.jpg,catalogue,3,Mobile,,,Mobile,4777.323046,2126.185184
1_E_1879.jpg,1_E_1879.jpg,catalogue,3,Mobile,,,Mobile,5148.508909,2488.546978
1_E_1880.jpg,1_E_1880.jpg,catalogue,3,Mobile,,,Mobile,4640.122957,2522.089902
1_E_1882.jpg,1_E_1882.jpg,catalogue,3,Mobile,,,Mobile,4697.346416,2134.940335
1_E_1883.jpg,1_E_1883.jpg,catalogue,3,Mobile,,,Mobile,4564.519270,1788.258041
1_E_1884.jpg,1_E_1884.jpg,catalogue,3,Mobile,,,Mobile,4316.745164,2303.419126
1_E_1885.jpg,1_E_1885.jpg,catalogue,3,Mobile,,,Mobile,2431.236492,1735.712459
1_E_1886.jpg,1_E_1886.jpg,catalogue,3,Mobile,,,Mobile,4657.978968,2261.370905
1_E_1887.jpg,1_E_1887.jpg,catalogue,3,Mobile,,,Mobile,4271.568770,2005.326004
1_E_1888.jpg,1_E_1888.jpg,catalogue,3,Mobile,,,Mobile,4545.134279,2243.643266
1_E_1889.jpg,1_E_1889.jpg,catalogue,3,Mobile,,,Mobile,4463.227893,2032.238386
1_E_1890.jpg,1_E_1890.jpg,catalogue,3,Mobile,,,Mobile,2448.718477,654.746433
1_E_1891.jpg,1_E_1891.jpg,catalogue,3,Mobile,,,Mobile,4349.808726,1845.637350
1_E_1893.jpg,1_E_1893.jpg,catalogue,3,Mobile,,,Mobile,3267.218277,1582.248288
1_E_1894.jpg,1_E_1894.jpg,catalogue,3,Mobile,,,Mobile,4615.627205,2154.284787
1_E_1895.jpg,1_E_1895.jpg,catalogue,3,Mobile,,,Mobile,4160.926611,2109.941230
1_E_1896.jpg,1_E_1896.jpg,catalogue,3,Mobile,,,Mobile,4811.912702,2182.212652
1_E_1897.jpg,1_E_1897.jpg,catalogue,3,Mobile,,,Mobile,3173.482606,213.197742
1_E_1898.jpg,1_E_1898.jpg,catalogue,3,Mobile,,,Mobile,4992.924194,2515.038156
1_E_1899.jpg,1_E_1899.jpg,catalogue,3,Mobile,,,Mobile,5459.262625,2439.559724
1_E_1900.jpg,1_E_1900.jpg,catalogue,3,Mobile,,,Mobile,4545.879684,2445.658230
1_E_1901.jpg,1_E_1901.jpg,catalogue,3,Mobile,,,Mobile,4672.482751,2579.832677
1_E_1902.jpg,1_E_1902.jpg,catalogue,3,Mobile,,,Mobile,4767.034722,2607.408740
1_E_1905.jpg,1_E_1905.jpg,catalogue,3,Mobile,,,Mobile,4748.227241,2276.059822
1_E_1906.jpg,1_E_1906.jpg,catalogue,3,Mobile,,,Mobile,2973.738889,1418.788064
1_E_1907.jpg,1_E_1907.jpg,catalogue,3,Mobile,,,Mobile,4334.343933,2277.097301
1_E_1908.jpg,1_E_1908.jpg,catalogue,3,Mobile,,,Mobile,4840.477447,2221.582494
1_E_1910.jpg,1_E_1910.jpg,catalogue,3,Mobile,,,Mobile,4900.846039,2276.980919
1_E_1911.jpg,1_E_1911.jpg,catalogue,3,Mobile,,,Mobile,4784.827318,2554.266251
1_E_1912.jpg,1_E_1912.jpg,catalogue,3,Mobile,,,Mobile,4561.632212,2720.457589
1_E_1913.jpg,1_E_1913.jpg,catalogue,3,Mobile,,,Mobile,4664.047537,2721.855082
1_E_1915.jpg,1_E_1915.jpg,catalogue,3,Mobile,,,Mobile,4829.653175,2669.551763
1_E_1916.jpg,1_E_1916.jpg,catalogue,3,Mobile,,,Mobile,4737.608210,1963.630689
1_E_1917.jpg,1_E_1917.jpg,catalogue,3,Mobile,,,Mobile,4672.594322,2462.034978
1_E_1918.jpg,1_E_1918.jpg,catalogue,3,Mobile,,,Mobile,4919.808585,1963.240687
1_E_1919.jpg,1_E_1919.jpg,catalogue,3,Mobile,,,Mobile,4882.005583,2059.638762
1_E_1920.jpg,1_E_1920.jpg,catalogue,3,Mobile,,,Mobile,5086.200245,2300.484379
1_E_1921.jpg,1_E_1921.jpg,catalogue,3,Mobile,,,Mobile,4782.946054,1931.864992
1_E_1922.jpg,1_E_1922.jpg,catalogue,3,Mobile,,,Mobile,4810.343854,1951.849727
1_E_1923.jpg,1_E_1923.jpg,catalogue,3,Mobile,,,Mobile,5190.438839,2383.101487
1_E_1924.jpg,1_E_1924.jpg,catalogue,3,Mobile,,,Mobile,4981.406458,2420.520267
1_E_1926.jpg,1_E_1926.jpg,catalogue,3,Mobile,,,Mobile,4751.598872,1627.016310
1_E_1927.jpg,1_E_1927.jpg,catalogue,3,Mobile,,,Mobile,4639.812916,1863.926701
1_E_1928.jpg,1_E_1928.jpg,catalogue,3,Mobile,,,Mobile,5132.266825,2552.693847
1_E_1929.jpg,1_E_1929.jpg,catalogue,3,Mobile,,,Mobile,5061.557300,2564.315450
1_E_1930.jpg,1_E_1930.jpg,catalogue,3,Mobile,,,Mobile,3841.308944,1732.303998
1_E_1931.jpg,1_E_1931.jpg,catalogue,3,Mobile,,,Mobile,4848.495659,2727.879523
1_E_1932.jpg,1_E_1932.jpg,catalogue,3,Mobile,,,Mobile,5119.353861,2521.508084
1_E_1933.jpg,1_E_1933.jpg,catalogue,3,Mobile,,,Mobile,4945.223560,2434.702313
1_E_1934.jpg,1_E_1934.jpg,catalogue,3,Mobile,,,Mobile,4962.622038,2374.033444
1_E_1935.jpg,1_E_1935.jpg,catalogue,3,Mobile,,,Mobile,2390.166623,-301.745079
1_E_1937.jpg,1_E_1937.jpg,catalogue,3,Mobile,,,Mobile,4584.425291,2006.667258
1_E_1939.jpg,1_E_1939.jpg,catalogue,3,Mobile,,,Mobile,4384.129951,790.339290
1_E_1965.jpg,1_E_1965.jpg,catalogue,3,Mobile,,,Mobile,5339.309787,2462.845529
1_E_1968.jpg,1_E_1968.jpg,catalogue,3,Mobile,,,Mobile,4767.353346,2430.539898
1_E_1969.jpg,1_E_1969.jpg,catalogue,14,Mobile,,,Mobile,2636.583702,-1543.816359
1_E_1973.jpg,1_E_1973.jpg,catalogue,16,Mobile,,,Mobile,2973.727737,1188.307055
1_E_1976.jpg,1_E_1976.jpg,catalogue,3,Mobile,,,Mobile,4552.556040,1085.706378
1_E_1989.jpg,1_E_1989.jpg,catalogue,3,Mobile,,,Mobile,5055.230565,1756.374592
1_E_1991.jpg,1_E_1991.jpg,catalogue,3,Mobile,,,Mobile,4552.369674,2095.497420
1_E_1997.jpg,1_E_1997.jpg,catalogue,3,Mobile,,,Mobile,5327.689780,2579.220385
1_E_2010.jpg,1_E_2010.jpg,catalogue,3,Mobile,,,Mobile,3926.656493,1483.478309
1_E_2016.jpg,1_E_2016.jpg,catalogue,14,Mouse,,,Mouse,-2338.204783,-5859.655613
1_E_2017.jpg,1_E_2017.jpg,catalogue,14,Mouse,,,Mouse,-2241.718304,-6393.276761
1_E_2018.jpg,1_E_2018.jpg,catalogue,14,Mouse,,,Mouse,-2318.835657,-6609.166314
1_E_2019.jpg,1_E_2019.jpg,catalogue,14,Mouse,,,Mouse,-2036.728567,-6707.691755
1_E_2020.jpg,1_E_2020.jpg,catalogue,14,Mouse,,,Mouse,-1472.339893,-6261.989691
1_E_2021.jpg,1_E_2021.jpg,catalogue,14,Mouse,,,Mouse,-1156.443811,-6383.441444
1_E_2022.jpg,1_E_2022.jpg,catalogue,14,Mouse,,,Mouse,-1479.158510,-6483.037086
1_E_2024.jpg,1_E_2024.jpg,catalogue,14,Mouse,,,Mouse,-2441.344195,-6314.335407
1_E_2026.jpg,1_E_2026.jpg,catalogue,14,Mouse,,,Mouse,-1435.575782,-6238.073939
1_E_2027.jpg,1_E_2027.jpg,catalogue,14,Mouse,,,Mouse,-1306.673621,-6319.654217
1_E_2028.jpg,1_E_2028.jpg,catalogue,14,Mouse,,,Mouse,-1126.745579,-5802.428972
1_E_2029.jpg,1_E_2029.jpg,catalogue,14,Mouse,,,Mouse,-2279.890384,-6912.209047
1_E_2030.jpg,1_E_2030.jpg,catalogue,14,Mouse,,,Mouse,-1859.686836,-6313.846339
1_E_2031.jpg,1_E_2031.jpg,catalogue,14,Mouse,,,Mouse,-1930.136754,-6552.144378
1_E_2032.jpg,1_E_2032.jpg,catalogue,14,Mouse,,,Mouse,-970.444642,-6152.801140
1_E_2033.jpg,1_E_2033.jpg,catalogue,14,Mouse,,,Mouse,-2335.813162,-6904.431295
1_E_2034.jpg,1_E_2034.jpg,catalogue,14,Mouse,,,Mouse,-2118.626760,-6584.202032
1_E_2035.jpg,1_E_2035.jpg,catalogue,14,Mouse,,,Mouse,-2342.815249,-6868.575688
1_E_2037.jpg,1_E_2037.jpg,catalogue,14,Mouse,,,Mouse,-2074.345487,-6817.723540
1_E_2038.jpg,1_E_2038.jpg,catalogue,14,Mouse,,,Mouse,-2112.650134,-6533.203057
1_E_2039.jpg,1_E_2039.jpg,catalogue,14,Mouse,,,Mouse,-1975.844943,-6609.517853
1_E_2040.jpg,1_E_2040.jpg,catalogue,14,Mouse,,,Mouse,-2311.014554,-6816.820880
1_E_2041.jpg,1_E_2041.jpg,catalogue,14,Mouse,,,Mouse,-2061.586753,-5985.323140
1_E_2042.jpg,1_E_2042.jpg,catalogue,14,Mouse,,,Mouse,-2107.980931,-6650.978457
1_E_2043.jpg,1_E_2043.jpg,catalogue,14,Mouse,,,Mouse,-2087.599588,-6762.843828
1_E_2044.jpg,1_E_2044.jpg,catalogue,14,Mouse,,,Mouse,-1349.809080,-6072.250027
1_E_2045.jpg,1_E_2045.jpg,catalogue,14,Mouse,,,Mouse,-2321.212962,-6493.884689
1_E_2046.jpg,1_E_2046.jpg,catalogue,14,Mouse,,,Mouse,-2141.330488,-6711.644419
1_E_2047.jpg,1_E_2047.jpg,catalogue,14,Mouse,,,Mouse,-732.523885,-5481.132677
1_E_2048.jpg,1_E_2048.jpg,catalogue,14,Mouse,,,Mouse,-1455.145891,-6556.652020
1_E_2049.jpg,1_E_2049.jpg,catalogue,14,Mouse,,,Mouse,-2285.571491,-6653.326445
1_E_2051.jpg,1_E_2051.jpg,catalogue,14,Mouse,,,Mouse,-1592.853510,-6185.494251
1_E_2052.jpg,1_E_2052.jpg,catalogue,14,Mouse,,,Mouse,-1980.835072,-6443.015858
1_E_2054.jpg,1_E_2054.jpg,catalogue,14,Mouse,,,Mouse,-2091.651040,-6491.207362
1_E_2055.jpg,1_E_2055.jpg,catalogue,14,Mouse,,,Mouse,-1488.698830,-6220.846254
1_E_2056.jpg,1_E_2056.jpg,catalogue,14,Mouse,,,Mouse,-1307.595590,-6092.086260
1_E_2057.jpg,1_E_2057.jpg,catalogue,14,Mouse,,,Mouse,-1362.555347,-5028.110675
1_E_2058.jpg,1_E_2058.jpg,catalogue,14,Mouse,,,Mouse,-1641.392145,-6430.466361
1_E_2059.jpg,1_E_2059.jpg,catalogue,14,Mouse,,,Mouse,-1955.702889,-5357.335016
1_E_2060.jpg,1_E_2060.jpg,catalogue,14,Mouse,,,Mouse,-2164.699506,-6263.970418
1_E_2061.jpg,1_E_2061.jpg,catalogue,14,Mouse,,,Mouse,-1768.731815,-5174.135094
1_E_2063.jpg,1_E_2063.jpg,catalogue,14,Mouse,,,Mouse,-2340.432682,-6769.729698
1_E_2065.jpg,1_E_2065.jpg,catalogue,14,Mouse,,,Mouse,-1963.626533,-5642.613832
1_E_2067.jpg,1_E_2067.jpg,catalogue,14,Mouse,,,Mouse,-1693.151329,-3741.881928
1_E_2068.jpg,1_E_2068.jpg,catalogue,14,Mouse,,,Mouse,-1896.398266,-6690.120209
1_E_2070.jpg,1_E_2070.jpg,catalogue,3,Mouse,,,Mouse,950.339710,-2077.504938
1_E_2071.jpg,1_E_2071.jpg,catalogue,14,Mouse,,,Mouse,-1099.728689,-6015.486746
1_E_2072.jpg,1_E_2072.jpg,catalogue,14,Mouse,,,Mouse,-1831.938278,-5303.090082
1_E_2073.jpg,1_E_2073.jpg,catalogue,14,Mouse,,,Mouse,-1993.069184,-6372.941367
1_E_2074.jpg,1_E_2074.jpg,catalogue,14,Mouse,,,Mouse,-1846.542869,-6380.645130
1_E_2075.jpg,1_E_2075.jpg,catalogue,14,Mouse,,,Mouse,-1891.100655,-5101.187605
1_E_2076.jpg,1_E_2076.jpg,catalogue,14,Mouse,,,Mouse,-1900.560536,-5771.310057
1_E_2077.jpg,1_E_2077.jpg,catalogue,14,Mouse,,,Mouse,-1913.974603,-6258.114145
1_E_2078.jpg,1_E_2078.jpg,catalogue,14,Mouse,,,Mouse,-2256.750443,-6510.017818
1_E_2079.jpg,1_E_2079.jpg,catalogue,14,Mouse,,,Mouse,-2028.014618,-3501.959427
1_E_2081.jpg,1_E_2081.jpg,catalogue,14,Mouse,,,Mouse,-2452.720638,-6554.890924
1_E_2082.jpg,1_E_2082.jpg,catalogue,14,Mouse,,,Mouse,-1881.063372,-5228.609359
1_E_2083.jpg,1_E_2083.jpg,catalogue,14,Mouse,,,Mouse,-2338.720839,-6700.074325
1_E_2084.jpg,1_E_2084.jpg,catalogue,14,Mouse,,,Mouse,-1939.574593,-5541.095925
1_E_2085.jpg,1_E_2085.jpg,catalogue,14,Mouse,,,Mouse,-1317.730357,-6183.764587
1_E_2086.jpg,1_E_2086.jpg,catalogue,14,Mouse,,,Mouse,-2192.102418,-3675.773152
1_E_2087.jpg,1_E_2087.jpg,catalogue,14,Mouse,,,Mouse,-1934.065804,-3702.184602
1_E_2088.jpg,1_E_2088.jpg,catalogue,14,Mouse,,,Mouse,-1784.332267,-5146.806173
1_E_2089.jpg,1_E_2089.jpg,catalogue,14,Mouse,,,Mouse,-2068.243673,-4174.211963
1_E_2090.jpg,1_E_2090.jpg,catalogue,14,Mouse,,,Mouse,-1854.563201,-6240.369208
1_E_2092.jpg,1_E_2092.jpg,catalogue,14,Mouse,,,Mouse,-1933.236053,-6181.791406
1_E_2093.jpg,1_E_2093.jpg,catalogue,14,Mouse,,,Mouse,-2381.066622,-6741.686165
1_E_2094.jpg,1_E_2094.jpg,catalogue,14,Mouse,,,Mouse,-1631.980028,-5977.042956
1_E_2095.jpg,1_E_2095.jpg,catalogue,14,Mouse,,,Mouse,-1760.899376,-5256.000622
1_E_2096.jpg,1_E_2096.jpg,catalogue,14,Mouse,,,Mouse,-1840.708138,-5631.689534
1_E_2097.jpg,1_E_2097.jpg,catalogue,14,Mouse,,,Mouse,-1511.341901,-6097.220529
1_E_2100.jpg,1_E_2100.jpg,catalogue,14,Mouse,,,Mouse,-1523.516916,-3763.950340
1_E_2103.jpg,1_E_2103.jpg,catalogue,14,Mouse,,,Mouse,-962.977834,-6339.199175
1_E_2104.jpg,1_E_2104.jpg,catalogue,14,Mouse,,,Mouse,-1418.193238,-4240.257426
1_E_2105.jpg,1_E_2105.jpg,catalogue,14,Mouse,,,Mouse,-1129.959313,-6279.104158
1_E_2107.jpg,1_E_2107.jpg,catalogue,14,Mouse,,,Mouse,-1930.533095,-3496.719940
1_E_2109.jpg,1_E_2109.jpg,catalogue,14,Mouse,,,Mouse,-1845.002191,-5377.373894
1_E_2110.jpg,1_E_2110.jpg,catalogue,14,Mouse,,,Mouse,-1342.189703,-6139.958890
1_E_2111.jpg,1_E_2111.jpg,catalogue,14,Mouse,,,Mouse,-1605.412970,-6312.611756
1_E_2112.jpg,1_E_2112.jpg,catalogue,14,Mouse,,,Mouse,-1681.815292,-5158.643014
1_E_2113.jpg,1_E_2113.jpg,catalogue,14,Mouse,,,Mouse,-1240.062220,-5886.256766
1_E_2114.jpg,1_E_2114.jpg,catalogue,14,Mouse,,,Mouse,1117.719102,-2906.012111
1_E_2115.jpg,1_E_2115.jpg,catalogue,14,Mouse,,,Mouse,-1235.014003,-5957.368754
1_E_2117.jpg,1_E_2117.jpg,catalogue,14,Mouse,,,Mouse,-2000.344715,-6651.994743
1_E_2118.jpg,1_E_2118.jpg,catalogue,14,Mouse,,,Mouse,-1591.261606,-6445.605807
1_E_2119.jpg,1_E_2119.jpg,catalogue,1,Mouse,,,Mouse,102.918709,-4293.696132
1_E_2120.jpg,1_E_2120.jpg,catalogue,14,Mouse,,,Mouse,-1772.092134,-5298.664167
1_E_2121.jpg,1_E_2121.jpg,catalogue,14,Mouse,,,Mouse,-1773.766074,-6028.087083
1_E_2122.jpg,1_E_2122.jpg,catalogue,14,Mouse,,,Mouse,-1114.466908,-5839.159100
1_E_2123.jpg,1_E_2123.jpg,catalogue,14,Mouse,,,Mouse,-2020.868812,-6466.462222
1_E_2125.jpg,1_E_2125.jpg,catalogue,14,Mouse,,,Mouse,-316.880331,-5014.761945
1_E_2127.jpg,1_E_2127.jpg,catalogue,14,Mouse,,,Mouse,-1901.319942,-5943.503745
1_E_2130.jpg,1_E_2130.jpg,catalogue,14,Mouse,,,Mouse,-2331.740018,-6644.225801
1_E_2131.jpg,1_E_2131.jpg,catalogue,14,Mouse,,,Mouse,-1285.500744,-4849.166115
1_E_2132.jpg,1_E_2132.jpg,catalogue,14,Mouse,,,Mouse,-1838.384123,-6352.757587
1_E_2133.jpg,1_E_2133.jpg,catalogue,14,Mouse,,,Mouse,-2190.531420,-6306.890117
1_E_2134.jpg,1_E_2134.jpg,catalogue,14,Mouse,,,Mouse,-1453.584456,-6457.322789
1_E_2135.jpg,1_E_2135.jpg,catalogue,14,Mouse,,,Mouse,-2285.365584,-6795.072948
1_E_2136.jpg,1_E_2136.jpg,catalogue,14,Mouse,,,Mouse,-283.526083,-4976.534412
1_E_2137.jpg,1_E_2137.jpg,catalogue,14,Mouse,,,Mouse,-1773.157840,-6464.586121
1_E_2138.jpg,1_E_2138.jpg,catalogue,14,Mouse,,,Mouse,-2046.838095,-6638.336855
1_E_2139.jpg,1_E_2139.jpg,catalogue,14,Mouse,,,Mouse,-2094.107100,-6785.667465
1_E_2140.jpg,1_E_2140.jpg,catalogue,14,Mouse,,,Mouse,-1162.908894,-5600.163640
1_E_2141.jpg,1_E_2141.jpg,catalogue,14,Mouse,,,Mouse,-1865.958826,-6708.028496
1_E_2142.jpg,1_E_2142.jpg,catalogue,14,Mouse,,,Mouse,-1549.360282,-6560.753813
1_E_2143.jpg,1_E_2143.jpg,catalogue,14,Mouse,,,Mouse,-1321.522039,-6029.234141
1_E_2144.jpg,1_E_2144.jpg,catalogue,14,Mouse,,,Mouse,-1813.527845,-5884.961769
1_E_2145.jpg,1_E_2145.jpg,catalogue,14,Mouse,,,Mouse,-2023.751567,-6209.939305
1_E_2146.jpg,1_E_2146.jpg,catalogue,14,Mouse,,,Mouse,31.507244,-5100.899123
1_E_2148.jpg,1_E_2148.jpg,catalogue,14,Mouse,,,Mouse,-1598.233286,-6391.422306
1_E_2149.jpg,1_E_2149.jpg,catalogue,14,Mouse,,,Mouse,-1685.837629,-6312.133963
1_E_2150.jpg,1_E_2150.jpg,catalogue,14,Mouse,,,Mouse,-1283.778931,-6343.215300
1_E_2151.jpg,1_E_2151.jpg,catalogue,14,Mouse,,,Mouse,-2228.297891,-6804.982733
1_E_2152.jpg,1_E_2152.jpg,catalogue,14,Mouse,,,Mouse,-1875.443602,-6628.856076
1_E_2153.jpg,1_E_2153.jpg,catalogue,14,Mouse,,,Mouse,-1630.019729,-6268.067320
1_E_2154.jpg,1_E_2154.jpg,catalogue,14,Mouse,,,Mouse,-1560.417876,-6171.007204
1_E_2155.jpg,1_E_2155.jpg,catalogue,14,Mouse,,,Mouse,-2117.064222,-6736.302574
1_E_2156.jpg,1_E_2156.jpg,catalogue,14,Mouse,,,Mouse,-1717.094797,-6216.917761
1_E_2157.jpg,1_E_2157.jpg,catalogue,14,Mouse,,,Mouse,-1228.205760,-6022.866927
1_E_2159.jpg,1_E_2159.jpg,catalogue,14,Mouse,,,Mouse,-2173.590692,-6528.953351
1_E_2160.jpg,1_E_2160.jpg,catalogue,14,Mouse,,,Mouse,-2233.249056,-6611.875539
1_E_2161.jpg,1_E_2161.jpg,catalogue,14,Mouse,,,Mouse,-2348.620458,-6805.162741
1_E_2162.jpg,1_E_2162.jpg,catalogue,14,Mouse,,,Mouse,-1329.579933,-6003.704536
1_E_2163.jpg,1_E_2163.jpg,catalogue,14,Mouse,,,Mouse,-1972.132090,-6313.678856
1_E_2164.jpg,1_E_2164.jpg,catalogue,14,Mouse,,,Mouse,-2048.437103,-6590.780084
1_E_2165.jpg,1_E_2165.jpg,catalogue,14,Mouse,,,Mouse,-1559.788803,-6324.536144
1_E_2166.jpg,1_E_2166.jpg,catalogue,14,Mouse,,,Mouse,-1700.850216,-6149.636563
1_E_2167.jpg,1_E_2167.jpg,catalogue,14,Mouse,,,Mouse,-1480.681284,-6325.327148
1_E_2168.jpg,1_E_2168.jpg,catalogue,14,Mouse,,,Mouse,-1665.433487,-6322.160688
1_E_2170.jpg,1_E_2170.jpg,catalogue,14,Mouse,,,Mouse,-2374.098116,-6621.726180
1_E_2171.jpg,1_E_2171.jpg,catalogue,14,Mouse,,,Mouse,-1994.150117,-6491.925476
1_E_2172.jpg,1_E_2172.jpg,catalogue,14,Mouse,,,Mouse,-2151.344185,-6590.548532
1_E_2173.jpg,1_E_2173.jpg,catalogue,14,Mouse,,,Mouse,-2306.430119,-6757.586133
1_E_2174.jpg,1_E_2174.jpg,catalogue,14,Mouse,,,Mouse,-2036.566825,-6538.818192
1_E_2175.jpg,1_E_2175.jpg,catalogue,14,Mouse,,,Mouse,-1293.769183,-5829.125801
1_E_2176.jpg,1_E_2176.jpg,catalogue,14,Mouse,,,Mouse,-2186.074494,-6651.058859
1_E_2177.jpg,1_E_2177.jpg,catalogue,14,Mouse,,,Mouse,-1424.191721,-6427.496938
1_E_2178.jpg,1_E_2178.jpg,catalogue,14,Mouse,,,Mouse,-1165.132492,-5899.518402
1_E_2179.jpg,1_E_2179.jpg,catalogue,14,Mouse,,,Mouse,-2054.669650,-6290.216478
1_E_2180.jpg,1_E_2180.jpg,catalogue,14,Mouse,,,Mouse,-2191.564242,-6776.106933
1_E_2181.jpg,1_E_2181.jpg,catalogue,14,Mouse,,,Mouse,-2073.598575,-6719.830122
1_E_2182.jpg,1_E_2182.jpg,catalogue,14,Mouse,,,Mouse,-2193.085393,-6611.980390
1_E_2183.jpg,1_E_2183.jpg,catalogue,14,Mouse,,,Mouse,-1184.627849,-6138.565289
1_E_2184.jpg,1_E_2184.jpg,catalogue,14,Mouse,,,Mouse,-2090.047404,-6276.329762
1_E_2185.jpg,1_E_2185.jpg,catalogue,14,Mouse,,,Mouse,-1191.932382,-6236.063008
1_E_2186.jpg,1_E_2186.jpg,catalogue,14,Mouse,,,Mouse,-1041.244466,-5957.224143
1_E_2187.jpg,1_E_2187.jpg,catalogue,14,Mouse,,,Mouse,-1979.217477,-6050.220983
1_E_2188.jpg,1_E_2188.jpg,catalogue,14,Mouse,,,Mouse,-2238.355251,-6912.118574
1_E_2189.jpg,1_E_2189.jpg,catalogue,14,Mouse,,,Mouse,-1014.419766,-5895.503489
1_E_2190.jpg,1_E_2190.jpg,catalogue,14,Mouse,,,Mouse,-1632.580775,-6183.991574
1_E_2192.jpg,1_E_2192.jpg,catalogue,14,Mouse,,,Mouse,-1792.954155,-6358.220887
1_E_2193.jpg,1_E_2193.jpg,catalogue,14,Mouse,,,Mouse,-2266.543136,-6815.610738
1_E_2200.jpg,1_E_2200.jpg,catalogue,14,Mouse,,,Mouse,-1788.315391,-6116.395378
1_E_2205.jpg,1_E_2205.jpg,catalogue,14,Mouse,,,Mouse,-1420.643359,-6031.388281
1_E_2212.jpg,1_E_2212.jpg,catalogue,14,Mouse,,,Mouse,-2369.982417,-6490.247953
1_E_2217.jpg,1_E_2217.jpg,catalogue,14,Mouse,,,Mouse,-835.128878,-5849.671183
1_E_2222.jpg,1_E_2222.jpg,catalogue,14,Mouse,,,Mouse,-1227.854692,-5484.124296
1_E_2225.jpg,1_E_2225.jpg,catalogue,14,Mouse,,,Mouse,-1933.159135,-6404.713446
1_E_2226.jpg,1_E_2226.jpg,catalogue,14,Mouse,,,Mouse,-1850.628997,-6534.240394
1_E_2227.jpg,1_E_2227.jpg,catalogue,14,Mouse,,,Mouse,-1387.266906,-6241.541788
1_E_2228.jpg,1_E_2228.jpg,catalogue,14,Mouse,,,Mouse,-1849.255193,-6495.020588
1_E_2229.jpg,1_E_2229.jpg,catalogue,14,Mouse,,,Mouse,-2239.498055,-6465.924294
1_E_2230.jpg,1_E_2230.jpg,catalogue,14,Mouse,,,Mouse,-2768.861878,-5871.540333
1_E_2231.jpg,1_E_2231.jpg,catalogue,14,Mouse,,,Mouse,-1485.684359,-6530.397562
1_E_2232.jpg,1_E_2232.jpg,catalogue,14,Mouse,,,Mouse,-1443.433052,-6299.576377
1_E_2233.jpg,1_E_2233.jpg,catalogue,14,Mouse,,,Mouse,-631.638801,-5487.697428
1_E_2238.jpg,1_E_2238.jpg,catalogue,14,Mouse,,,Mouse,-1541.875369,-6467.930649
1_E_2239.jpg,1_E_2239.jpg,catalogue,14,Mouse,,,Mouse,-2365.250386,-6652.654587
1_E_2240.jpg,1_E_2240.jpg,catalogue,14,Mouse,,,Mouse,-2244.431428,-6583.730031
1_E_2241.jpg,1_E_2241.jpg,catalogue,14,Mouse,,,Mouse,-1713.577293,-6401.326542
1_E_2242.jpg,1_E_2242.jpg,catalogue,14,Mouse,,,Mouse,-1495.021487,-6042.084054
1_E_2243.jpg,1_E_2243.jpg,catalogue,14,Mouse,,,Mouse,-1530.554594,-6226.278208
1_E_2244.jpg,1_E_2244.jpg,catalogue,14,Mouse,,,Mouse,-1845.654317,-6143.107696
1_E_2245.jpg,1_E_2245.jpg,catalogue,14,Mouse,,,Mouse,-1502.236419,-5954.229439
1_E_2246.jpg,1_E_2246.jpg,catalogue,14,Mouse,,,Mouse,-1363.798592,-6346.570857
1_E_2247.jpg,1_E_2247.jpg,catalogue,14,Mouse,,,Mouse,607.845758,-4287.136616
1_E_2248.jpg,1_E_2248.jpg,catalogue,14,Mouse,,,Mouse,-2153.015003,-6687.152703
1_E_2249.jpg,1_E_2249.jpg,catalogue,14,Mouse,,,Mouse,-2309.703133,-6438.747416
1_E_2250.jpg,1_E_2250.jpg,catalogue,14,Mouse,,,Mouse,-1343.351475,-6264.385731
1_E_2251.jpg,1_E_2251.jpg,catalogue,14,Mouse,,,Mouse,-2161.823792,-6820.296871
1_E_2252.jpg,1_E_2252.jpg,catalogue,14,Mouse,,,Mouse,-2192.481220,-6734.036583
1_E_2253.jpg,1_E_2253.jpg,catalogue,14,Mouse,,,Mouse,-2207.637235,-6489.831660
1_E_2254.jpg,1_E_2254.jpg,catalogue,14,Mouse,,,Mouse,-2247.500196,-6850.796987
1_E_2255.jpg,1_E_2255.jpg,catalogue,14,Mouse,,,Mouse,-2104.394978,-6427.225963
1_E_2256.jpg,1_E_2256.jpg,catalogue,14,Mouse,,,Mouse,-2276.670379,-6731.697284
1_E_2257.jpg,1_E_2257.jpg,catalogue,14,Mouse,,,Mouse,-1216.001801,-6113.461641
1_E_2259.jpg,1_E_2259.jpg,catalogue,14,Mouse,,,Mouse,-2198.226199,-6688.862048
1_E_2260.jpg,1_E_2260.jpg,catalogue,14,Mouse,,,Mouse,-2272.781382,-6530.516086
1_E_2261.jpg,1_E_2261.jpg,catalogue,14,Mouse,,,Mouse,-2031.615651,-6407.577957
1_E_2262.jpg,1_E_2262.jpg,catalogue,14,Mouse,,,Mouse,-2308.069948,-6699.381975
1_E_2263.jpg,1_E_2263.jpg,catalogue,14,Mouse,,,Mouse,-1305.662196,-6493.377760
1_E_2264.jpg,1_E_2264.jpg,catalogue,14,Mouse,,,Mouse,-1169.239544,-6308.089611
1_E_2265.jpg,1_E_2265.jpg,catalogue,14,Mouse,,,Mouse,-2247.237326,-6756.980228
1_E_2266.jpg,1_E_2266.jpg,catalogue,14,Mouse,,,Mouse,-1606.318339,-6155.412280
1_E_2267.jpg,1_E_2267.jpg,catalogue,14,Mouse,,,Mouse,-1949.655202,-6249.869840
1_E_2268.jpg,1_E_2268.jpg,catalogue,14,Mouse,,,Mouse,-2187.122393,-6566.450565
1_E_2270.jpg,1_E_2270.jpg,catalogue,14,Mouse,,,Mouse,-1169.616647,-5796.699945
1_E_2271.jpg,1_E_2271.jpg,catalogue,14,Mouse,,,Mouse,-1711.235894,-6070.105773
1_E_2272.jpg,1_E_2272.jpg,catalogue,14,Mouse,,,Mouse,-2174.188642,-6360.841355
1_E_2273.jpg,1_E_2273.jpg,catalogue,14,Mouse,,,Mouse,-1401.842185,-6196.172641
1_E_2274.jpg,1_E_2274.jpg,catalogue,14,Mouse,,,Mouse,1524.476681,-4192.676167
1_E_2275.jpg,1_E_2275.jpg,catalogue,14,Mouse,,,Mouse,-2144.418639,-6787.256426
1_E_2276.jpg,1_E_2276.jpg,catalogue,14,Mouse,,,Mouse,-1168.566176,-6054.219497
1_E_2277.jpg,1_E_2277.jpg,catalogue,14,Mouse,,,Mouse,-1929.782273,-6128.286814
1_E_2278.jpg,1_E_2278.jpg,catalogue,14,Mouse,,,Mouse,-1226.997371,-6451.378705
1_E_2279.jpg,1_E_2279.jpg,catalogue,14,Mouse,,,Mouse,-1708.500829,-6026.332933
1_E_2280.jpg,1_E_2280.jpg,catalogue,5,Player,,,Player,-4415.648055,-2489.449306
1_E_2281.jpg,1_E_2281.jpg,catalogue,5,Player,,,Player,-4083.318141,-2752.136897
1_E_2282.jpg,1_E_2282.jpg,catalogue,5,Player,,,Player,-3908.829609,-2931.045112
1_E_2283.jpg,1_E_2283.jpg,catalogue,14,Player,,,Player,-2301.300858,-4903.275837
1_E_2284.jpg,1_E_2284.jpg,catalogue,5,Player,,,Player,-3970.571063,-1737.799703
1_E_2286.jpg,1_E_2286.jpg,catalogue,5,Player,,,Player,-3659.601524,-682.163677
1_E_2287.jpg,1_E_2287.jpg,catalogue,5,Player,,,Player,-4176.773740,-1713.648495
1_E_2288.jpg,1_E_2288.jpg,catalogue,5,Player,,,Player,-4365.792943,-1903.313388
1_E_2289.jpg,1_E_2289.jpg,catalogue,5,Player,,,Player,-2500.281340,228.961021
1_E_2290.jpg,1_E_2290.jpg,catalogue,5,Player,,,Player,-4557.043880,-2547.604518
1_E_2291.jpg,1_E_2291.jpg,catalogue,5,Player,,,Player,-3028.549031,-965.232909
1_E_2292.jpg,1_E_2292.jpg,catalogue,5,Player,,,Player,-3880.567183,-2598.480153
1_E_2293.jpg,1_E_2293.jpg,catalogue,5,Player,,,Player,-3628.307714,-3521.437363
1_E_2294.jpg,1_E_2294.jpg,catalogue,5,Player,,,Player,-4245.083292,-1762.176696
1_E_2295.jpg,1_E_2295.jpg,catalogue,5,Player,,,Player,-3657.665115,-886.432227
1_E_2296.jpg,1_E_2296.jpg,catalogue,5,Player,,,Player,-3621.860659,-1062.803302
1_E_2297.jpg,1_E_2297.jpg,catalogue,5,Player,,,Player,-3569.121704,-604.170227
1_E_2298.jpg,1_E_2298.jpg,catalogue,5,Player,,,Player,-3584.822809,-1333.528560
1_E_2299.jpg,1_E_2299.jpg,catalogue,5,Player,,,Player,-3198.153185,226.605353
1_E_2300.jpg,1_E_2300.jpg,catalogue,5,Player,,,Player,-4443.809974,-2124.958008
1_E_2301.jpg,1_E_2301.jpg,catalogue,5,Player,,,Player,-3018.361323,-513.655184
1_E_2302.jpg,1_E_2302.jpg,catalogue,13,Player,,,Player,-3048.513531,1004.682354
1_E_2303.jpg,1_E_2303.jpg,catalogue,5,Player,,,Player,-4534.195893,-2404.276056
1_E_2304.jpg,1_E_2304.jpg,catalogue,5,Player,,,Player,-4429.497263,-2853.367653
1_E_2306.jpg,1_E_2306.jpg,catalogue,5,Player,,,Player,-3516.278277,-387.288363
1_E_2307.jpg,1_E_2307.jpg,catalogue,5,Player,,,Player,-3483.164584,-1035.818757
1_E_2308.jpg,1_E_2308.jpg,catalogue,5,Player,,,Player,-3397.936389,-184.290045
1_E_2309.jpg,1_E_2309.jpg,catalogue,5,Player,,,Player,-3668.149768,-603.838097
1_E_2310.jpg,1_E_2310.jpg,catalogue,5,Player,,,Player,-3552.865616,-849.283438
1_E_2311.jpg,1_E_2311.jpg,catalogue,5,Player,,,Player,-3770.810559,-1134.787958
1_E_2312.jpg,1_E_2312.jpg,catalogue,5,Player,,,Player,-3320.366456,-882.105561
1_E_2313.jpg,1_E_2313.jpg,catalogue,5,Player,,,Player,-4493.675997,-2741.932289
1_E_2314.jpg,1_E_2314.jpg,catalogue,5,Player,,,Player,-4573.844377,-2143.933701
1_E_2315.jpg,1_E_2315.jpg,catalogue,5,Player,,,Player,-3537.136055,-747.110971
1_E_2316.jpg,1_E_2316.jpg,catalogue,5,Player,,,Player,-3482.337482,-851.810927
1_E_2317.jpg,1_E_2317.jpg,catalogue,5,Player,,,Player,-3136.802285,-83.634540
1_E_2318.jpg,1_E_2318.jpg,catalogue,5,Player,,,Player,-3421.193238,8.482805
1_E_2319.jpg,1_E_2319.jpg,catalogue,5,Player,,,Player,-3520.858414,-714.339997
1_E_2320.jpg,1_E_2320.jpg,catalogue,5,Player,,,Player,-3601.385933,-688.453126
1_E_2321.jpg,1_E_2321.jpg,catalogue,5,Player,,,Player,-3459.873508,-997.474003
1_E_2322.jpg,1_E_2322.jpg,catalogue,5,Player,,,Player,-3488.701137,-588.712381
1_E_2323.jpg,1_E_2323.jpg,catalogue,5,Player,,,Player,-3621.325966,-440.628923
1_E_2324.jpg,1_E_2324.jpg,catalogue,5,Player,,,Player,-2044.523926,449.015814
1_E_2325.jpg,1_E_2325.jpg,catalogue,5,Player,,,Player,-3454.811446,-715.009297
1_E_2326.jpg,1_E_2326.jpg,catalogue,5,Player,,,Player,-4092.190755,-2607.106041
1_E_2327.jpg,1_E_2327.jpg,catalogue,5,Player,,,Player,-3218.501904,-2150.861026
1_E_2328.jpg,1_E_2328.jpg,catalogue,5,Player,,,Player,-3083.921713,-333.705383
1_E_2329.jpg,1_E_2329.jpg,catalogue,5,Player,,,Player,-3568.461135,-642.293024
1_E_2331.jpg,1_E_2331.jpg,catalogue,5,Player,,,Player,-3227.178864,-447.938591
1_E_2332.jpg,1_E_2332.jpg,catalogue,5,Player,,,Player,-3173.605325,-247.765178
1_E_2333.jpg,1_E_2333.jpg,catalogue,5,Player,,,Player,-3609.016603,-977.926864
1_E_2334.jpg,1_E_2334.jpg,catalogue,5,Player,,,Player,-3479.239745,-936.103614
1_E_2335.jpg,1_E_2335.jpg,catalogue,5,Player,,,Player,-3886.590116,-472.740924
1_E_2336.jpg,1_E_2336.jpg,catalogue,5,Player,,,Player,-3602.742397,-563.434912
1_E_2337.jpg,1_E_2337.jpg,catalogue,5,Player,,,Player,-3640.282106,-752.709386
1_E_2338.jpg,1_E_2338.jpg,catalogue,5,Player,,,Player,-3768.634972,-2167.942010
1_E_2339.jpg,1_E_2339.jpg,catalogue,5,Player,,,Player,-3671.131400,-786.514151
1_E_2340.jpg,1_E_2340.jpg,catalogue,14,Player,,,Player,-480.114255,-4714.524412
1_E_2341.jpg,1_E_2341.jpg,catalogue,5,Player,,,Player,-3335.027305,866.491497
1_E_2342.jpg,1_E_2342.jpg,catalogue,5,Player,,,Player,-3640.653763,-1345.518536
1_E_2343.jpg,1_E_2343.jpg,catalogue,5,Player,,,Player,-3557.401354,-520.618286
1_E_2344.jpg,1_E_2344.jpg,catalogue,5,Player,,,Player,-3157.338160,-1185.421938
1_E_2345.jpg,1_E_2345.jpg,catalogue,5,Player,,,Player,-3381.581961,-833.918866
1_E_2346.jpg,1_E_2346.jpg,catalogue,5,Player,,,Player,-1853.032918,349.945951
1_E_2347.jpg,1_E_2347.jpg,catalogue,5,Player,,,Player,-3583.017056,-894.664884
1_E_2348.jpg,1_E_2348.jpg,catalogue,5,Player,,,Player,-3070.259321,466.454063
1_E_2349.jpg,1_E_2349.jpg,catalogue,5,Player,,,Player,-3139.353982,-1033.156552
1_E_2350.jpg,1_E_2350.jpg,catalogue,5,Player,,,Player,-2161.051022,699.578027
1_E_2351.jpg,1_E_2351.jpg,catalogue,6,Player,,,Player,-1320.580016,4178.259190
1_E_2352.jpg,1_E_2352.jpg,catalogue,5,Player,,,Player,-2939.922370,-256.808493
1_E_2353.jpg,1_E_2353.jpg,catalogue,5,Player,,,Player,-3539.494539,-481.421563
1_E_2354.jpg,1_E_2354.jpg,catalogue,5,Player,,,Player,-3369.542818,-707.223053
1_E_2355.jpg,1_E_2355.jpg,catalogue,5,Player,,,Player,-2780.044084,-166.246731
1_E_2356.jpg,1_E_2356.jpg,catalogue,5,Player,,,Player,-2686.681746,100.273541
1_E_2357.jpg,1_E_2357.jpg,catalogue,5,Player,,,Player,-3420.297159,-937.940066
1_E_2359.jpg,1_E_2359.jpg,catalogue,5,Player,,,Player,-3456.114897,-559.183760
1_E_2360.jpg,1_E_2360.jpg,catalogue,5,Player,,,Player,-3355.071735,-479.812976
1_E_2361.jpg,1_E_2361.jpg,catalogue,5,Player,,,Player,-4128.071393,-2659.752076
1_E_2362.jpg,1_E_2362.jpg,catalogue,5,Player,,,Player,-2416.714194,267.225965
1_E_2363.jpg,1_E_2363.jpg,catalogue,5,Player,,,Player,-3305.874715,-404.854316
1_E_2364.jpg,1_E_2364.jpg,catalogue,5,Player,,,Player,-3557.878052,-1001.704466
1_E_2365.jpg,1_E_2365.jpg,catalogue,5,Player,,,Player,-3444.647783,-962.667480
1_E_2367.jpg,1_E_2367.jpg,catalogue,5,Player,,,Player,-3607.865918,-2200.473608
1_E_2368.jpg,1_E_2368.jpg,catalogue,5,Player,,,Player,-3380.026521,-631.666454
1_E_2369.jpg,1_E_2369.jpg,catalogue,5,Player,,,Player,-3627.536644,-617.341442
1_E_2370.jpg,1_E_2370.jpg,catalogue,5,Player,,,Player,-3439.615615,-626.063278
1_E_2371.jpg,1_E_2371.jpg,catalogue,5,Player,,,Player,-3078.774135,566.909581
1_E_2372.jpg,1_E_2372.jpg,catalogue,5,Player,,,Player,-3520.357569,-605.929993
1_E_2373.jpg,1_E_2373.jpg,catalogue,5,Player,,,Player,-4712.369595,-2453.125672
1_E_2374.jpg,1_E_2374.jpg,catalogue,5,Player,,,Player,-3540.654399,-585.586022
1_E_2375.jpg,1_E_2375.jpg,catalogue,5,Player,,,Player,-3184.082232,-1166.428869
1_E_2376.jpg,1_E_2376.jpg,catalogue,5,Player,,,Player,-2499.169553,1177.571479
1_E_2377.jpg,1_E_2377.jpg,catalogue,5,Player,,,Player,-3241.002981,-297.819147
1_E_2378.jpg,1_E_2378.jpg,catalogue,5,Player,,,Player,-4612.727482,-2442.506811
1_E_2379.jpg,1_E_2379.jpg,catalogue,5,Player,,,Player,-3622.639871,-320.893989
1_E_2380.jpg,1_E_2380.jpg,catalogue,5,Player,,,Player,-2556.853902,915.614493
1_E_2381.jpg,1_E_2381.jpg,catalogue,5,Player,,,Player,-2744.683980,560.319463
1_E_2382.jpg,1_E_2382.jpg,catalogue,12,Player,,,Player,-1022.792100,2588.740948
1_E_2383.jpg,1_E_2383.jpg,catalogue,5,Player,,,Player,-3491.239209,-783.243129
1_E_2384.jpg,1_E_2384.jpg,catalogue,5,Player,,,Player,-3594.787794,-826.629696
1_E_2385.jpg,1_E_2385.jpg,catalogue,5,Player,,,Player,-4330.601931,-3000.005915
1_E_2386.jpg,1_E_2386.jpg,catalogue,5,Player,,,Player,-3508.375483,-995.514099
1_E_2387.jpg,1_E_2387.jpg,catalogue,5,Player,,,Player,-3604.758095,-751.581044
1_E_2389.jpg,1_E_2389.jpg,catalogue,5,Player,,,Player,-4333.956514,-2582.959635
1_E_2390.jpg,1_E_2390.jpg,catalogue,5,Player,,,Player,-2934.384487,-586.254248
1_E_2391.jpg,1_E_2391.jpg,catalogue,5,Player,,,Player,-3559.607256,-935.652987
1_E_2392.jpg,1_E_2392.jpg,catalogue,5,Player,,,Player,-3454.866481,-873.093926
1_E_2395.jpg,1_E_2395.jpg,catalogue,5,Player,,,Player,-3461.806808,-813.172086
1_E_2396.jpg,1_E_2396.jpg,catalogue,5,Player,,,Player,-3100.494020,-243.004079
1_E_2397.jpg,1_E_2397.jpg,catalogue,5,Player,,,Player,-3160.383690,432.019156
1_E_2398.jpg,1_E_2398.jpg,catalogue,5,Player,,,Player,-4086.065447,-2571.723406
1_E_2399.jpg,1_E_2399.jpg,catalogue,5,Player,,,Player,-3536.842579,-1057.798218
1_E_2400.jpg,1_E_2400.jpg,catalogue,5,Player,,,Player,-3631.372497,-683.031811
1_E_2402.jpg,1_E_2402.jpg,catalogue,5,Player,,,Player,-3631.667256,-506.877211
1_E_2403.jpg,1_E_2403.jpg,catalogue,5,Player,,,Player,-3528.998222,-777.793679
1_E_2404.jpg,1_E_2404.jpg,catalogue,5,Player,,,Player,-3446.171355,-1057.755511
1_E_2405.jpg,1_E_2405.jpg,catalogue,5,Player,,,Player,-3139.180097,-986.146587
1_E_2406.jpg,1_E_2406.jpg,catalogue,5,Player,,,Player,-3470.016566,-742.514717
1_E_2407.jpg,1_E_2407.jpg,catalogue,5,Player,,,Player,-1831.977468,256.959261
1_E_2408.jpg,1_E_2408.jpg,catalogue,5,Player,,,Player,-4569.629039,-2595.183004
1_E_2409.jpg,1_E_2409.jpg,catalogue,5,Player,,,Player,-4054.905256,-1403.073185
1_E_2411.jpg,1_E_2411.jpg,catalogue,5,Player,,,Player,-2029.467708,259.445112
1_E_2412.jpg,1_E_2412.jpg,catalogue,5,Player,,,Player,-3986.277886,-2687.911482
1_E_2413.jpg,1_E_2413.jpg,catalogue,8,Player,,,Player,-946.761549,-1327.686187
1_E_2414.jpg,1_E_2414.jpg,catalogue,5,Player,,,Player,-4523.960118,-2228.300482
1_E_2415.jpg,1_E_2415.jpg,catalogue,5,Player,,,Player,-3833.165579,-2511.081516
1_E_2416.jpg,1_E_2416.jpg,catalogue,5,Player,,,Player,-4646.259863,-2328.935108
1_E_2417.jpg,1_E_2417.jpg,catalogue,5,Player,,,Player,-3624.301868,-872.890595
1_E_2418.jpg,1_E_2418.jpg,catalogue,5,Player,,,Player,-3941.645241,-2511.157633
1_E_2419.jpg,1_E_2419.jpg,catalogue,5,Player,,,Player,-4213.268926,-2591.655453
1_E_2420.jpg,1_E_2420.jpg,catalogue,5,Player,,,Player,-4514.279159,-2528.302785
1_E_2421.jpg,1_E_2421.jpg,catalogue,5,Player,,,Player,-1798.591015,254.221394
1_E_2422.jpg,1_E_2422.jpg,catalogue,5,Player,,,Player,-4483.712689,-2089.266662
1_E_2423.jpg,1_E_2423.jpg,catalogue,5,Player,,,Player,-1863.546062,496.498041
1_E_2425.jpg,1_E_2425.jpg,catalogue,12,Player,,,Player,223.160158,2636.968591
1_E_2426.jpg,1_E_2426.jpg,catalogue,5,Player,,,Player,-3677.618643,-1510.513745
1_E_2427.jpg,1_E_2427.jpg,catalogue,5,Player,,,Player,-4391.037106,-2730.463415
1_E_2428.jpg,1_E_2428.jpg,catalogue,5,Player,,,Player,-1979.596417,348.468707
1_E_2429.jpg,1_E_2429.jpg,catalogue,5,Player,,,Player,-4585.175843,-2511.394761
1_E_2430.jpg,1_E_2430.jpg,catalogue,5,Player,,,Player,-4263.765774,-2846.674254
1_E_2431.jpg,1_E_2431.jpg,catalogue,5,Player,,,Player,-4052.493723,-2707.192610
1_E_2432.jpg,1_E_2432.jpg,catalogue,5,Player,,,Player,-1679.212439,-88.817585
1_E_2433.jpg,1_E_2433.jpg,catalogue,5,Player,,,Player,-3957.153194,-2580.969562
1_E_2434.jpg,1_E_2434.jpg,catalogue,5,Player,,,Player,-4397.793116,-2604.644036
1_E_2436.jpg,1_E_2436.jpg,catalogue,5,Player,,,Player,-4681.447024,-2539.479408
1_E_2437.jpg,1_E_2437.jpg,catalogue,5,Player,,,Player,-4493.928425,-2267.796522
1_E_2438.jpg,1_E_2438.jpg,catalogue,5,Player,,,Player,-3096.956888,-948.730764
1_E_2439.jpg,1_E_2439.jpg,catalogue,5,Player,,,Player,-1916.217458,384.063859
1_E_2440.jpg,1_E_2440.jpg,catalogue,5,Player,,,Player,-3977.416689,-2512.143692
1_E_2441.jpg,1_E_2441.jpg,catalogue,5,Player,,,Player,-4625.351725,-2361.947846
1_E_2442.jpg,1_E_2442.jpg,catalogue,5,Player,,,Player,-3535.093089,-806.352013
1_E_2443.jpg,1_E_2443.jpg,catalogue,5,Player,,,Player,-1836.913498,323.899195
1_E_2444.jpg,1_E_2444.jpg,catalogue,9,Player,,,Player,1184.148694,-1910.635834
1_E_2445.jpg,1_E_2445.jpg,catalogue,5,Player,,,Player,-4588.722208,-2321.283220
1_E_2446.jpg,1_E_2446.jpg,catalogue,5,Player,,,Player,-3988.720050,-2655.501312
1_E_2447.jpg,1_E_2447.jpg,catalogue,5,Player,,,Player,-1932.666195,209.736418
1_E_2448.jpg,1_E_2448.jpg,catalogue,5,Player,,,Player,-4166.577889,-1566.352704
1_E_2449.jpg,1_E_2449.jpg,catalogue,5,Player,,,Player,-4680.784755,-2606.462223
1_E_2450.jpg,1_E_2450.jpg,catalogue,5,Player,,,Player,-2981.293747,-601.312484
1_E_2451.jpg,1_E_2451.jpg,catalogue,5,Player,,,Player,-4646.224622,-2363.344371
1_E_2452.jpg,1_E_2452.jpg,catalogue,5,Player,,,Player,-1792.464472,315.933922
1_E_2453.jpg,1_E_2453.jpg,catalogue,5,Player,,,Player,-4452.636329,-2600.921307
1_E_2454.jpg,1_E_2454.jpg,catalogue,5,Player,,,Player,-3849.820900,-2776.682497
1_E_2455.jpg,1_E_2455.jpg,catalogue,5,Player,,,Player,-1964.859729,311.155867
1_E_2457.jpg,1_E_2457.jpg,catalogue,8,Player,,,Player,68.422826,-597.445903
1_E_2458.jpg,1_E_2458.jpg,catalogue,5,Player,,,Player,-1940.744553,738.534008
1_E_2459.jpg,1_E_2459.jpg,catalogue,5,Player,,,Player,-4424.104212,-2720.536320
1_E_2460.jpg,1_E_2460.jpg,catalogue,5,Player,,,Player,-2950.277834,-858.422025
1_E_2461.jpg,1_E_2461.jpg,catalogue,5,Player,,,Player,-1507.855987,579.444947
1_E_2462.jpg,1_E_2462.jpg,catalogue,5,Player,,,Player,-4519.332881,-2466.622433
1_E_2463.jpg,1_E_2463.jpg,catalogue,5,Player,,,Player,-3810.738767,-2033.710479
1_E_2464.jpg,1_E_2464.jpg,catalogue,5,Player,,,Player,-2295.984780,780.758218
1_E_2465.jpg,1_E_2465.jpg,catalogue,5,Player,,,Player,-4589.444093,-2204.094527
1_E_2467.jpg,1_E_2467.jpg,catalogue,5,Player,,,Player,-4095.642754,-2724.276748
1_E_2468.jpg,1_E_2468.jpg,catalogue,5,Player,,,Player,-4613.229457,-2485.518523
1_E_2469.jpg,1_E_2469.jpg,catalogue,5,Player,,,Player,-3894.486788,-2277.718214
1_E_2470.jpg,1_E_2470.jpg,catalogue,5,Player,,,Player,-3632.277893,-2533.083030
1_E_2471.jpg,1_E_2471.jpg,catalogue,5,Player,,,Player,-3394.183255,-475.600243
1_E_2472.jpg,1_E_2472.jpg,catalogue,5,Player,,,Player,-2363.235328,445.217320
1_E_2473.jpg,1_E_2473.jpg,catalogue,5,Player,,,Player,-3842.726948,-1111.525642
1_E_2474.jpg,1_E_2474.jpg,catalogue,5,Player,,,Player,-2218.104282,293.640901
1_E_2475.jpg,1_E_2475.jpg,catalogue,5,Player,,,Player,-3202.239611,-410.869754
1_E_2476.jpg,1_E_2476.jpg,catalogue,5,Player,,,Player,-4491.143922,-2651.997340
1_E_2478.jpg,1_E_2478.jpg,catalogue,10,Player,,,Player,-985.917714,-190.245318
1_E_2479.jpg,1_E_2479.jpg,catalogue,5,Player,,,Player,-3119.423691,-2165.754265
1_E_2480.jpg,1_E_2480.jpg,catalogue,5,Player,,,Player,-3989.611506,-2759.635601
1_E_2481.jpg,1_E_2481.jpg,catalogue,5,Player,,,Player,-4534.047732,-1814.787599
1_E_2482.jpg,1_E_2482.jpg,catalogue,5,Player,,,Player,-3617.425688,-836.776796
1_E_2483.jpg,1_E_2483.jpg,catalogue,5,Player,,,Player,-4125.745104,-2764.398088
1_E_2484.jpg,1_E_2484.jpg,catalogue,5,Player,,,Player,-4653.336280,-2628.126683
1_E_2485.jpg,1_E_2485.jpg,catalogue,5,Player,,,Player,-4392.960187,-2777.371534
1_E_2486.jpg,1_E_2486.jpg,catalogue,5,Player,,,Player,-3222.687242,-902.765162
1_E_2487.jpg,1_E_2487.jpg,catalogue,5,Player,,,Player,-4466.708389,-2412.659564
1_E_2490.jpg,1_E_2490.jpg,catalogue,5,Player,,,Player,-4521.995428,-2168.012811
1_E_2491.jpg,1_E_2491.jpg,catalogue,5,Player,,,Player,-3484.997323,-700.624599
1_E_2492.jpg,1_E_2492.jpg,catalogue,5,Player,,,Player,-4616.741641,-2583.979893
1_E_2493.jpg,1_E_2493.jpg,catalogue,5,Player,,,Player,-2850.040377,172.754501
1_E_2494.jpg,1_E_2494.jpg,catalogue,5,Player,,,Player,-4097.405791,-1557.372987
1_E_2495.jpg,1_E_2495.jpg,catalogue,5,Player,,,Player,-2703.261487,-629.835980
1_E_2496.jpg,1_E_2496.jpg,catalogue,5,Player,,,Player,-2640.011478,-349.501576
1_E_2497.jpg,1_E_2497.jpg,catalogue,5,Player,,,Player,-1491.443238,-479.122515
1_E_2498.jpg,1_E_2498.jpg,catalogue,5,Player,,,Player,-3185.196620,-293.718767
1_E_2499.jpg,1_E_2499.jpg,catalogue,5,Player,,,Player,-3633.577988,-985.082264
1_E_2500.jpg,1_E_2500.jpg,catalogue,5,Player,,,Player,-3026.192105,-395.241778
1_E_2501.jpg,1_E_2501.jpg,catalogue,5,Player,,,Player,-4400.971033,-2811.255878
1_E_2502.jpg,1_E_2502.jpg,catalogue,5,Player,,,Player,-4231.342881,-1627.018700
1_E_2503.jpg,1_E_2503.jpg,catalogue,5,Player,,,Player,-2758.613909,-269.897385
1_E_2504.jpg,1_E_2504.jpg,catalogue,5,Player,,,Player,-4724.647877,-2519.194996
1_E_2506.jpg,1_E_2506.jpg,catalogue,5,Player,,,Player,-4563.185659,-2466.538532
1_E_2507.jpg,1_E_2507.jpg,catalogue,5,Player,,,Player,-4562.754014,-2235.515156
1_E_2508.jpg,1_E_2508.jpg,catalogue,5,Player,,,Player,-3125.917754,-327.828282
1_E_2510.jpg,1_E_2510.jpg,catalogue,5,Player,,,Player,-4121.238545,-2705.369752
1_E_2511.jpg,1_E_2511.jpg,catalogue,5,Player,,,Player,-3250.835106,-589.475521
1_E_2512.jpg,1_E_2512.jpg,catalogue,5,Player,,,Player,-4440.730872,-2329.219723
1_E_2513.jpg,1_E_2513.jpg,catalogue,5,Player,,,Player,-4629.768573,-2247.073719
1_E_2514.jpg,1_E_2514.jpg,catalogue,5,Player,,,Player,-4544.697493,-2274.126248
1_E_2516.jpg,1_E_2516.jpg,catalogue,5,Player,,,Player,-3668.756475,-2323.299334
1_E_2517.jpg,1_E_2517.jpg,catalogue,5,Player,,,Player,-4449.781230,-2786.241363
1_E_2518.jpg,1_E_2518.jpg,catalogue,5,Player,,,Player,-4580.055905,-2414.148271
1_E_2519.jpg,1_E_2519.jpg,catalogue,5,Player,,,Player,-3243.441914,-953.019130
1_E_2520.jpg,1_E_2520.jpg,catalogue,14,Player,,,Player,-1747.806207,-3575.289053
1_E_2521.jpg,1_E_2521.jpg,catalogue,5,Player,,,Player,-4507.190183,-2431.054669
1_E_2522.jpg,1_E_2522.jpg,catalogue,5,Player,,,Player,-4693.109277,-2470.450488
1_E_2523.jpg,1_E_2523.jpg,catalogue,5,Player,,,Player,-2197.971118,-1080.811744
1_E_2524.jpg,1_E_2524.jpg,catalogue,5,Player,,,Player,-4243.246208,-2509.522168
1_E_2525.jpg,1_E_2525.jpg,catalogue,5,Player,,,Player,-4174.209533,-1544.993152
1_E_2526.jpg,1_E_2526.jpg,catalogue,5,Player,,,Player,-4673.395713,-2402.259489
1_E_2527.jpg,1_E_2527.jpg,catalogue,5,Player,,,Player,-3563.440557,-762.662980
1_E_2528.jpg,1_E_2528.jpg,catalogue,5,Player,,,Player,-3035.725988,-355.938636
1_E_2529.jpg,1_E_2529.jpg,catalogue,5,Player,,,Player,-2993.945269,-483.389997
1_E_2530.jpg,1_E_2530.jpg,catalogue,5,Player,,,Player,-4648.377638,-2488.554845
1_E_2531.jpg,1_E_2531.jpg,catalogue,5,Player,,,Player,-4636.068106,-2524.150839
1_E_2532.jpg,1_E_2532.jpg,catalogue,5,Player,,,Player,-4100.449380,-1589.099385
1_E_2533.jpg,1_E_2533.jpg,catalogue,5,Player,,,Player,-3167.832917,-467.040736
1_E_2534.jpg,1_E_2534.jpg,catalogue,5,Player,,,Player,-4517.228048,-2143.083595
1_E_2535.jpg,1_E_2535.jpg,catalogue,5,Player,,,Player,-3894.590256,-1221.736506
1_E_2536.jpg,1_E_2536.jpg,catalogue,5,Player,,,Player,-4038.825620,-2637.351271
1_E_2538.jpg,1_E_2538.jpg,catalogue,10,Printer,,,Printer,-4011.210204,618.808801
1_E_2539.jpg,1_E_2539.jpg,catalogue,10,Printer,,,Printer,-4487.261512,1511.232033
1_E_2540.jpg,1_E_2540.jpg,catalogue,10,Printer,,,Printer,-4075.596770,1514.422537
1_E_2541.jpg,1_E_2541.jpg,catalogue,10,Printer,,,Printer,-3878.719039,1340.984068
1_E_2542.jpg,1_E_2542.jpg,catalogue,10,Printer,,,Printer,-4022.551214,1055.734058
1_E_2543.jpg,1_E_2543.jpg,catalogue,10,Printer,,,Printer,-3764.332048,1375.916794
1_E_2544.jpg,1_E_2544.jpg,catalogue,10,Printer,,,Printer,-3913.157929,1742.626591
1_E_2545.jpg,1_E_2545.jpg,catalogue,10,Printer,,,Printer,-4082.117879,1098.155256
1_E_2546.jpg,1_E_2546.jpg,catalogue,10,Printer,,,Printer,-3788.816656,1618.429031
1_E_2547.jpg,1_E_2547.jpg,catalogue,10,Printer,,,Printer,-3752.775369,1148.316528
1_E_2548.jpg,1_E_2548.jpg,catalogue,10,Printer,,,Printer,-3314.736646,1429.384179
1_E_2549.jpg,1_E_2549.jpg,catalogue,10,Printer,,,Printer,-2945.177098,1417.713633
1_E_2550.jpg,1_E_2550.jpg,catalogue,10,Printer,,,Printer,-3914.388597,1026.496418
1_E_2551.jpg,1_E_2551.jpg,catalogue,10,Printer,,,Printer,-3815.245396,1005.031989
1_E_2552.jpg,1_E_2552.jpg,catalogue,10,Printer,,,Printer,-3398.937070,1441.297867
1_E_2553.jpg,1_E_2553.jpg,catalogue,10,Printer,,,Printer,-3991.323854,1427.157394
1_E_2554.jpg,1_E_2554.jpg,catalogue,10,Printer,,,Printer,-4496.285982,1634.115825
1_E_2555.jpg,1_E_2555.jpg,catalogue,13,Printer,,,Printer,-2716.279913,4661.387295
1_E_2556.jpg,1_E_2556.jpg,catalogue,10,Printer,,,Printer,-4139.500046,838.452895
1_E_2557.jpg,1_E_2557.jpg,catalogue,10,Printer,,,Printer,-4112.962991,1016.824008
1_E_2558.jpg,1_E_2558.jpg,catalogue,10,Printer,,,Printer,-4427.342519,1229.290666
1_E_2559.jpg,1_E_2559.jpg,catalogue,10,Printer,,,Printer,-4671.076976,1645.003769
1_E_2560.jpg,1_E_2560.jpg,catalogue,10,Printer,,,Printer,-3239.035154,1362.435743
1_E_2561.jpg,1_E_2561.jpg,catalogue,10,Printer,,,Printer,-4027.718817,1200.023248
1_E_2562.jpg,1_E_2562.jpg,catalogue,10,Printer,,,Printer,-4284.911369,1584.922204
1_E_2563.jpg,1_E_2563.jpg,catalogue,10,Printer,,,Printer,-4260.549736,1809.630010
1_E_2564.jpg,1_E_2564.jpg,catalogue,10,Printer,,,Printer,-4347.632019,1468.739005
1_E_2565.jpg,1_E_2565.jpg,catalogue,10,Printer,,,Printer,-4556.050280,1610.776957
1_E_2566.jpg,1_E_2566.jpg,catalogue,10,Printer,,,Printer,-4487.331333,1478.428356
1_E_2567.jpg,1_E_2567.jpg,catalogue,10,Printer,,,Printer,-3666.297275,1595.036089
1_E_2568.jpg,1_E_2568.jpg,catalogue,10,Printer,,,Printer,-4112.516357,1103.177418
1_E_2569.jpg,1_E_2569.jpg,catalogue,10,Printer,,,Printer,-3674.394894,1458.830582
1_E_2570.jpg,1_E_2570.jpg,catalogue,1,Printer,,,Printer,-541.749364,149.749957
1_E_2571.jpg,1_E_2571.jpg,catalogue,10,Printer,,,Printer,-4013.054690,1720.820954
1_E_2572.jpg,1_E_2572.jpg,catalogue,10,Printer,,,Printer,-3249.708835,1445.932415
1_E_2573.jpg,1_E_2573.jpg,catalogue,10,Printer,,,Printer,-3703.242623,1561.089704
1_E_2574.jpg,1_E_2574.jpg,catalogue,10,Printer,,,Printer,-3737.374121,1224.036165
1_E_2575.jpg,1_E_2575.jpg,catalogue,10,Printer,,,Printer,-3774.423839,1689.309904
1_E_2576.jpg,1_E_2576.jpg,catalogue,10,Printer,,,Printer,-4509.456655,1828.754825
1_E_2577.jpg,1_E_2577.jpg,catalogue,10,Printer,,,Printer,-3700.196321,1254.222509
1_E_2578.jpg,1_E_2578.jpg,catalogue,10,Printer,,,Printer,-3319.720832,1401.967372
1_E_2579.jpg,1_E_2579.jpg,catalogue,10,Printer,,,Printer,-4535.551323,1700.932123
1_E_2580.jpg,1_E_2580.jpg,catalogue,10,Printer,,,Printer,-4388.506906,1260.770092
1_E_2581.jpg,1_E_2581.jpg,catalogue,10,Printer,,,Printer,-3908.981936,1387.860215
1_E_2582.jpg,1_E_2582.jpg,catalogue,10,Printer,,,Printer,-3458.465348,-6.677033
1_E_2583.jpg,1_E_2583.jpg,catalogue,10,Printer,,,Printer,-3362.680968,996.437636
1_E_2584.jpg,1_E_2584.jpg,catalogue,10,Printer,,,Printer,-3855.008417,1654.290922
1_E_2585.jpg,1_E_2585.jpg,catalogue,10,Printer,,,Printer,-4184.259048,1114.055917
1_E_2586.jpg,1_E_2586.jpg,catalogue,10,Printer,,,Printer,-3953.209183,681.022555
1_E_2587.jpg,1_E_2587.jpg,catalogue,10,Printer,,,Printer,-4294.582198,1645.992369
1_E_2588.jpg,1_E_2588.jpg,catalogue,10,Printer,,,Printer,-3484.852950,1545.744205
1_E_2589.jpg,1_E_2589.jpg,catalogue,10,Printer,,,Printer,-3298.367322,1453.324787
1_E_2590.jpg,1_E_2590.jpg,catalogue,10,Printer,,,Printer,-3926.896899,1547.751359
1_E_2591.jpg,1_E_2591.jpg,catalogue,10,Printer,,,Printer,-4537.188379,1742.215472
1_E_2592.jpg,1_E_2592.jpg,catalogue,10,Printer,,,Printer,-4606.575109,1788.824001
1_E_2593.jpg,1_E_2593.jpg,catalogue,10,Printer,,,Printer,-4295.072161,1447.762733
1_E_2594.jpg,1_E_2594.jpg,catalogue,10,Printer,,,Printer,-3135.240605,1453.216604
1_E_2595.jpg,1_E_2595.jpg,catalogue,10,Printer,,,Printer,-4484.864202,1735.834850
1_E_2596.jpg,1_E_2596.jpg,catalogue,10,Printer,,,Printer,-4096.484731,1614.454639
1_E_2597.jpg,1_E_2597.jpg,catalogue,10,Printer,,,Printer,-3574.937241,1535.050032
1_E_2598.jpg,1_E_2598.jpg,catalogue,10,Printer,,,Printer,-4075.261874,1014.311047
1_E_2599.jpg,1_E_2599.jpg,catalogue,10,Printer,,,Printer,-4385.543602,1390.262164
1_E_2600.jpg,1_E_2600.jpg,catalogue,10,Printer,,,Printer,-3976.091648,1148.310140
1_E_2601.jpg,1_E_2601.jpg,catalogue,10,Printer,,,Printer,-4550.118719,1778.384923
1_E_2602.jpg,1_E_2602.jpg,catalogue,10,Printer,,,Printer,-3610.957034,262.727265
1_E_2603.jpg,1_E_2603.jpg,catalogue,10,Printer,,,Printer,-4697.135470,1583.698049
1_E_2604.jpg,1_E_2604.jpg,catalogue,10,Printer,,,Printer,-4043.684977,1301.614973
1_E_2605.jpg,1_E_2605.jpg,catalogue,10,Printer,,,Printer,-1213.904097,1725.982208
1_E_2606.jpg,1_E_2606.jpg,catalogue,10,Printer,,,Printer,-3906.719937,1486.560126
1_E_2607.jpg,1_E_2607.jpg,catalogue,10,Printer,,,Printer,-3553.031748,1393.220038
1_E_2608.jpg,1_E_2608.jpg,catalogue,10,Printer,,,Printer,-4704.705446,1678.763799
1_E_2609.jpg,1_E_2609.jpg,catalogue,10,Printer,,,Printer,-3924.481107,1636.370670
1_E_2610.jpg,1_E_2610.jpg,catalogue,10,Printer,,,Printer,-3780.677941,1225.407709
1_E_2611.jpg,1_E_2611.jpg,catalogue,10,Printer,,,Printer,-3789.661162,1535.399663
1_E_2612.jpg,1_E_2612.jpg,catalogue,15,Printer,,,Printer,-3665.177107,337.000015
1_E_2613.jpg,1_E_2613.jpg,catalogue,10,Printer,,,Printer,-3918.416769,725.375340
1_E_2614.jpg,1_E_2614.jpg,catalogue,10,Printer,,,Printer,-4658.710031,1793.805536
1_E_2615.jpg,1_E_2615.jpg,catalogue,10,Printer,,,Printer,-4333.385017,1529.594009
1_E_2616.jpg,1_E_2616.jpg,catalogue,10,Printer,,,Printer,-3595.856683,1306.956060
1_E_2617.jpg,1_E_2617.jpg,catalogue,10,Printer,,,Printer,-4137.515521,1773.383842
1_E_2618.jpg,1_E_2618.jpg,catalogue,10,Printer,,,Printer,-2879.451720,1400.289109
1_E_2619.jpg,1_E_2619.jpg,catalogue,10,Printer,,,Printer,-3564.290030,1057.547743
1_E_2620.jpg,1_E_2620.jpg,catalogue,10,Printer,,,Printer,-3841.395006,607.353524
1_E_2621.jpg,1_E_2621.jpg,catalogue,10,Printer,,,Printer,-4283.140594,1171.179867
1_E_2622.jpg,1_E_2622.jpg,catalogue,10,Printer,,,Printer,-4460.190103,1554.110398
1_E_2623.jpg,1_E_2623.jpg,catalogue,10,Printer,,,Printer,-4128.304121,1693.087744
1_E_2624.jpg,1_E_2624.jpg,catalogue,10,Printer,,,Printer,-4455.382337,1438.486760
1_E_2625.jpg,1_E_2625.jpg,catalogue,10,Printer,,,Printer,-4472.386864,1815.024271
1_E_2626.jpg,1_E_2626.jpg,catalogue,10,Printer,,,Printer,-3648.569758,1534.861581
1_E_2627.jpg,1_E_2627.jpg,catalogue,10,Printer,,,Printer,-2739.437354,862.444712
1_E_2628.jpg,1_E_2628.jpg,catalogue,10,Printer,,,Printer,-4334.651839,1008.625340
1_E_2629.jpg,1_E_2629.jpg,catalogue,10,Printer,,,Printer,-4304.401764,1004.060905
1_E_2630.jpg,1_E_2630.jpg,catalogue,10,Printer,,,Printer,-3268.956724,1393.291371
1_E_2631.jpg,1_E_2631.jpg,catalogue,10,Printer,,,Printer,-3427.307998,889.971493
1_E_2632.jpg,1_E_2632.jpg,catalogue,10,Printer,,,Printer,-4220.776934,1310.653015
1_E_2633.jpg,1_E_2633.jpg,catalogue,10,Printer,,,Printer,-3184.738278,1420.706928
1_E_2634.jpg,1_E_2634.jpg,catalogue,10,Printer,,,Printer,-3894.481459,1089.773368
1_E_2635.jpg,1_E_2635.jpg,catalogue,10,Printer,,,Printer,-4607.456509,1653.419631
1_E_2636.jpg,1_E_2636.jpg,catalogue,10,Printer,,,Printer,-4187.500093,1775.006417
1_E_2637.jpg,1_E_2637.jpg,catalogue,10,Printer,,,Printer,-4084.431534,1153.541898
1_E_2638.jpg,1_E_2638.jpg,catalogue,10,Printer,,,Printer,-3904.154449,1680.676799
1_E_2639.jpg,1_E_2639.jpg,catalogue,10,Printer,,,Printer,-4015.697594,1387.347452
1_E_2640.jpg,1_E_2640.jpg,catalogue,10,Printer,,,Printer,-4115.911806,1387.118129
1_E_2641.jpg,1_E_2641.jpg,catalogue,10,Printer,,,Printer,-4498.046862,1671.935320
1_E_2642.jpg,1_E_2642.jpg,catalogue,10,Printer,,,Printer,-4385.835022,1486.287309
1_E_2643.jpg,1_E_2643.jpg,catalogue,10,Printer,,,Printer,-4231.502827,746.513719
1_E_2644.jpg,1_E_2644.jpg,catalogue,10,Printer,,,Printer,-3551.892799,949.487219
1_E_2645.jpg,1_E_2645.jpg,catalogue,10,Printer,,,Printer,-4066.706653,1349.001189
1_E_2646.jpg,1_E_2646.jpg,catalogue,10,Printer,,,Printer,-4504.410199,1796.611985
1_E_2647.jpg,1_E_2647.jpg,catalogue,10,Printer,,,Printer,-3394.380873,1599.552778
1_E_2648.jpg,1_E_2648.jpg,catalogue,10,Printer,,,Printer,-4271.787530,1027.237389
1_E_2649.jpg,1_E_2649.jpg,catalogue,10,Printer,,,Printer,-4605.869243,1579.033804
1_E_2650.jpg,1_E_2650.jpg,catalogue,10,Printer,,,Printer,-4013.588734,1324.610315
1_E_2651.jpg,1_E_2651.jpg,catalogue,10,Printer,,,Printer,-3807.177651,1572.169716
1_E_2652.jpg,1_E_2652.jpg,catalogue,10,Printer,,,Printer,-3955.255749,1233.540087
1_E_2653.jpg,1_E_2653.jpg,catalogue,10,Printer,,,Printer,-4282.642567,1113.809529
1_E_2654.jpg,1_E_2654.jpg,catalogue,10,Printer,,,Printer,-4127.301187,1326.205545
1_E_2655.jpg,1_E_2655.jpg,catalogue,10,Printer,,,Printer,-3750.668811,1343.737774
1_E_2656.jpg,1_E_2656.jpg,catalogue,10,Printer,,,Printer,-3886.844024,-5.643496
1_E_2657.jpg,1_E_2657.jpg,catalogue,10,Printer,,,Printer,-4531.938873,1523.073427
1_E_2658.jpg,1_E_2658.jpg,catalogue,10,Printer,,,Printer,-4647.151214,1689.972160
1_E_2659.jpg,1_E_2659.jpg,catalogue,10,Printer,,,Printer,-4565.075899,1465.345844
1_E_2660.jpg,1_E_2660.jpg,catalogue,10,Printer,,,Printer,-3859.543221,454.736061
1_E_2661.jpg,1_E_2661.jpg,catalogue,10,Printer,,,Printer,-4144.205467,1449.979027
1_E_2662.jpg,1_E_2662.jpg,catalogue,10,Printer,,,Printer,-3767.996052,1427.824431
1_E_2663.jpg,1_E_2663.jpg,catalogue,10,Printer,,,Printer,-4483.364357,1686.014349
1_E_2664.jpg,1_E_2664.jpg,catalogue,10,Printer,,,Printer,-4587.470030,614.017820
1_E_2665.jpg,1_E_2665.jpg,catalogue,10,Printer,,,Printer,-4058.320648,1131.784874
1_E_2666.jpg,1_E_2666.jpg,catalogue,10,Printer,,,Printer,-3861.849242,1151.864233
1_E_2667.jpg,1_E_2667.jpg,catalogue,15,Printer,,,Printer,-4366.930771,522.415222
1_E_2668.jpg,1_E_2668.jpg,catalogue,10,Printer,,,Printer,-4126.696163,1266.108532
1_E_2669.jpg,1_E_2669.jpg,catalogue,10,Printer,,,Printer,-4101.800825,1477.764213
1_E_2670.jpg,1_E_2670.jpg,catalogue,10,Printer,,,Printer,-4414.038045,1799.429341
1_E_2671.jpg,1_E_2671.jpg,catalogue,10,Printer,,,Printer,-3881.365131,1416.005383
1_E_2672.jpg,1_E_2672.jpg,catalogue,13,Printer,,,Printer,-4474.772550,3590.295519
1_E_2673.jpg,1_E_2673.jpg,catalogue,10,Printer,,,Printer,-2436.969013,1021.682767
1_E_2674.jpg,1_E_2674.jpg,catalogue,10,Printer,,,Printer,-4164.033290,1503.229842
1_E_2675.jpg,1_E_2675.jpg,catalogue,0,Printer,,,Printer,-1650.651838,1083.520334
1_E_2676.jpg,1_E_2676.jpg,catalogue,10,Printer,,,Printer,-4640.519765,1727.086711
1_E_2677.jpg,1_E_2677.jpg,catalogue,10,Printer,,,Printer,-4076.441649,1431.165160
1_E_2678.jpg,1_E_2678.jpg,catalogue,10,Printer,,,Printer,-3280.821063,1496.233226
1_E_2679.jpg,1_E_2679.jpg,catalogue,10,Printer,,,Printer,-4271.257417,647.917336
1_E_2680.jpg,1_E_2680.jpg,catalogue,15,Printer,,,Printer,-5575.694690,-557.832706
1_E_2681.jpg,1_E_2681.jpg,catalogue,10,Printer,,,Printer,-3997.581831,1302.848649
1_E_2682.jpg,1_E_2682.jpg,catalogue,10,Printer,,,Printer,-3937.250196,714.193527
1_E_2683.jpg,1_E_2683.jpg,catalogue,10,Printer,,,Printer,-4729.634016,1706.533235
1_E_2684.jpg,1_E_2684.jpg,catalogue,10,Printer,,,Printer,-3804.592499,1307.058630
1_E_2685.jpg,1_E_2685.jpg,catalogue,10,Printer,,,Printer,-4075.666362,1387.738145
1_E_2686.jpg,1_E_2686.jpg,catalogue,10,Printer,,,Printer,-4130.500548,1143.187919
1_E_2687.jpg,1_E_2687.jpg,catalogue,10,Printer,,,Printer,-3834.551796,1349.825448
1_E_2688.jpg,1_E_2688.jpg,catalogue,10,Printer,,,Printer,-4217.407633,1790.468522
1_E_2689.jpg,1_E_2689.jpg,catalogue,10,Printer,,,Printer,-3773.257063,1498.064802
1_E_2690.jpg,1_E_2690.jpg,catalogue,10,Printer,,,Printer,-4307.684856,1719.246950
1_E_2691.jpg,1_E_2691.jpg,catalogue,10,Printer,,,Printer,-4012.051741,1240.167599
1_E_2692.jpg,1_E_2692.jpg,catalogue,10,Printer,,,Printer,-4463.520346,1346.112967
1_E_2693.jpg,1_E_2693.jpg,catalogue,10,Printer,,,Printer,-3784.085467,1339.558982
1_E_2694.jpg,1_E_2694.jpg,catalogue,10,Printer,,,Printer,-3548.533758,1474.615644
1_E_2695.jpg,1_E_2695.jpg,catalogue,10,Printer,,,Printer,-4218.751202,1016.734365
1_E_2696.jpg,1_E_2696.jpg,catalogue,10,Printer,,,Printer,-4573.771256,1728.427737
1_E_2697.jpg,1_E_2697.jpg,catalogue,10,Printer,,,Printer,-3891.412789,1130.328628
1_E_2698.jpg,1_E_2698.jpg,catalogue,10,Printer,,,Printer,-3859.020194,1251.950989
1_E_2699.jpg,1_E_2699.jpg,catalogue,10,Printer,,,Printer,-4490.881429,1411.938258
1_E_2700.jpg,1_E_2700.jpg,catalogue,10,Printer,,,Printer,-3830.552043,1187.431248
1_E_2701.jpg,1_E_2701.jpg,catalogue,10,Printer,,,Printer,-3804.839651,1439.432270
1_E_2702.jpg,1_E_2702.jpg,catalogue,10,Printer,,,Printer,-4508.322482,1311.995306
1_E_2703.jpg,1_E_2703.jpg,catalogue,10,Printer,,,Printer,-4068.950931,822.306504
1_E_2704.jpg,1_E_2704.jpg,catalogue,10,Printer,,,Printer,-4223.484443,1107.814453
1_E_2705.jpg,1_E_2705.jpg,catalogue,10,Printer,,,Printer,-3925.439227,1429.835403
1_E_2706.jpg,1_E_2706.jpg,catalogue,10,Printer,,,Printer,-4020.624455,1637.107591
1_E_2707.jpg,1_E_2707.jpg,catalogue,10,Printer,,,Printer,-4577.874267,1588.390971
1_E_2708.jpg,1_E_2708.jpg,catalogue,10,Printer,,,Printer,-3462.065978,1379.415576
1_E_2709.jpg,1_E_2709.jpg,catalogue,10,Printer,,,Printer,-3955.504298,1281.409976
1_E_2710.jpg,1_E_2710.jpg,catalogue,10,Printer,,,Printer,-4252.601775,1518.801985
1_E_2711.jpg,1_E_2711.jpg,catalogue,10,Printer,,,Printer,-4344.048332,1365.688809
1_E_2712.jpg,1_E_2712.jpg,catalogue,10,Printer,,,Printer,-4141.328476,815.173692
1_E_2713.jpg,1_E_2713.jpg,catalogue,10,Printer,,,Printer,-3921.641748,994.718747
1_E_2714.jpg,1_E_2714.jpg,catalogue,10,Printer,,,Printer,-4242.270959,1577.371423
1_E_2715.jpg,1_E_2715.jpg,catalogue,10,Printer,,,Printer,-3412.990829,1524.883196
1_E_2716.jpg,1_E_2716.jpg,catalogue,10,Printer,,,Printer,-4672.929565,1609.601588
1_E_2717.jpg,1_E_2717.jpg,catalogue,10,Printer,,,Printer,-3075.980538,1444.659193
1_E_2718.jpg,1_E_2718.jpg,catalogue,10,Printer,,,Printer,-4217.023461,1371.622877
1_E_2719.jpg,1_E_2719.jpg,catalogue,10,Printer,,,Printer,-4634.950427,1559.646489
1_E_2720.jpg,1_E_2720.jpg,catalogue,10,Printer,,,Printer,-4607.917430,1719.497020
1_E_2721.jpg,1_E_2721.jpg,catalogue,10,Printer,,,Printer,-4379.208680,1449.093597
1_E_2722.jpg,1_E_2722.jpg,catalogue,10,Printer,,,Printer,-4260.730065,1407.512425
1_E_2723.jpg,1_E_2723.jpg,catalogue,10,Printer,,,Printer,-4192.857121,918.642077
1_E_2724.jpg,1_E_2724.jpg,catalogue,10,Printer,,,Printer,-4025.515093,1139.767569
1_E_2725.jpg,1_E_2725.jpg,catalogue,10,Printer,,,Printer,-4051.523298,1448.779592
1_E_2726.jpg,1_E_2726.jpg,catalogue,10,Printer,,,Printer,-3753.252317,1483.927449
1_E_2727.jpg,1_E_2727.jpg,catalogue,10,Printer,,,Printer,-4076.086083,1654.874213
1_E_2728.jpg,1_E_2728.jpg,catalogue,10,Printer,,,Printer,-3849.372043,1325.842741
1_E_2729.jpg,1_E_2729.jpg,catalogue,15,Printer,,,Printer,-4704.719902,221.849103
1_E_2730.jpg,1_E_2730.jpg,catalogue,10,Printer,,,Printer,-4498.582510,1590.401775
1_E_2731.jpg,1_E_2731.jpg,catalogue,10,Printer,,,Printer,-4219.911086,1680.637472
1_E_2732.jpg,1_E_2732.jpg,catalogue,10,Printer,,,Printer,-4176.299393,1063.160216
1_E_2733.jpg,1_E_2733.jpg,catalogue,10,Printer,,,Printer,-4199.596273,1091.183493
1_E_2734.jpg,1_E_2734.jpg,catalogue,10,Printer,,,Printer,-3950.177517,1455.892603
1_E_2735.jpg,1_E_2735.jpg,catalogue,10,Printer,,,Printer,-4384.414965,1695.792972
1_E_2736.jpg,1_E_2736.jpg,catalogue,10,Printer,,,Printer,-3942.032103,1331.171100
1_E_2737.jpg,1_E_2737.jpg,catalogue,10,Printer,,,Printer,-3675.280024,1354.525041
1_E_2738.jpg,1_E_2738.jpg,catalogue,10,Printer,,,Printer,-3864.492246,1297.444033
1_E_2739.jpg,1_E_2739.jpg,catalogue,10,Printer,,,Printer,-4144.764324,1021.086898
1_E_2740.jpg,1_E_2740.jpg,catalogue,10,Printer,,,Printer,-4566.374480,1674.052284
1_E_2741.jpg,1_E_2741.jpg,catalogue,10,Printer,,,Printer,-4584.073644,1519.340166
1_E_2742.jpg,1_E_2742.jpg,catalogue,10,Printer,,,Printer,-4096.626206,1302.038619
1_E_2743.jpg,1_E_2743.jpg,catalogue,10,Printer,,,Printer,-3919.441308,1231.685405
1_E_2744.jpg,1_E_2744.jpg,catalogue,10,Printer,,,Printer,-3311.874133,1484.005480
1_E_2745.jpg,1_E_2745.jpg,catalogue,10,Printer,,,Printer,-3865.266942,799.521594
1_E_2746.jpg,1_E_2746.jpg,catalogue,10,Printer,,,Printer,-4418.613984,1666.055304
1_E_2747.jpg,1_E_2747.jpg,catalogue,10,Printer,,,Printer,-4013.091530,1447.159512
1_E_2748.jpg,1_E_2748.jpg,catalogue,10,Printer,,,Printer,-3535.248380,1289.387338
1_E_2749.jpg,1_E_2749.jpg,catalogue,10,Printer,,,Printer,-2644.379061,748.019012
1_E_2750.jpg,1_E_2750.jpg,catalogue,10,Printer,,,Printer,-4536.905092,1482.016577
1_E_2751.jpg,1_E_2751.jpg,catalogue,10,Printer,,,Printer,-4514.484419,1566.555199
1_E_2752.jpg,1_E_2752.jpg,catalogue,10,Printer,,,Printer,-3837.627760,1114.590287
1_E_2753.jpg,1_E_2753.jpg,catalogue,10,Printer,,,Printer,-3441.419532,1205.238581
1_E_2754.jpg,1_E_2754.jpg,catalogue,10,Printer,,,Printer,-3644.752838,1413.734218
1_E_2755.jpg,1_E_2755.jpg,catalogue,10,Printer,,,Printer,-4175.194414,1370.254240
1_E_2756.jpg,1_E_2756.jpg,catalogue,10,Printer,,,Printer,-4003.273311,1510.257584
1_E_2757.jpg,1_E_2757.jpg,catalogue,10,Printer,,,Printer,-4710.836903,1742.638089
1_E_2758.jpg,1_E_2758.jpg,catalogue,10,Printer,,,Printer,-4640.841038,1763.207355
1_E_2759.jpg,1_E_2759.jpg,catalogue,10,Printer,,,Printer,-4164.185661,1344.916165
1_E_2760.jpg,1_E_2760.jpg,catalogue,10,Printer,,,Printer,-4267.433718,973.709979
1_E_2761.jpg,1_E_2761.jpg,catalogue,10,Printer,,,Printer,-4304.034790,1295.356404
1_E_2762.jpg,1_E_2762.jpg,catalogue,10,Printer,,,Printer,-4265.733791,1079.638363
1_E_2763.jpg,1_E_2763.jpg,catalogue,0,Printer,,,Printer,-1463.392827,415.614076
1_E_2764.jpg,1_E_2764.jpg,catalogue,0,Printer,,,Printer,-387.793281,357.130801
1_E_2765.jpg,1_E_2765.jpg,catalogue,10,Printer,,,Printer,-4243.026742,878.129766
1_E_2766.jpg,1_E_2766.jpg,catalogue,10,Printer,,,Printer,-3895.283312,1446.725142
1_E_2768.jpg,1_E_2768.jpg,catalogue,10,Printer,,,Printer,-3665.755329,1380.131078
1_E_2770.jpg,1_E_2770.jpg,catalogue,10,Printer,,,Printer,-3543.735087,1337.539507
1_E_2771.jpg,1_E_2771.jpg,catalogue,10,Printer,,,Printer,-4774.951701,1676.121909
1_E_2772.jpg,1_E_2772.jpg,catalogue,10,Printer,,,Printer,-3817.362394,1208.617126
1_E_2773.jpg,1_E_2773.jpg,catalogue,10,Printer,,,Printer,-3864.082315,1545.912404
1_E_2775.jpg,1_E_2775.jpg,catalogue,10,Printer,,,Printer,-4030.438835,1107.319274
1_E_2776.jpg,1_E_2776.jpg,catalogue,10,Printer,,,Printer,-4010.899027,1159.812181
1_E_2777.jpg,1_E_2777.jpg,catalogue,10,Printer,,,Printer,-4387.752838,828.381648
1_E_2779.jpg,1_E_2779.jpg,catalogue,10,Printer,,,Printer,-4643.708611,1613.702219
1_E_2780.jpg,1_E_2780.jpg,catalogue,10,Printer,,,Printer,-3961.673337,1501.474845
1_E_2781.jpg,1_E_2781.jpg,catalogue,10,Printer,,,Printer,-4307.458631,1688.456555
1_E_2782.jpg,1_E_2782.jpg,catalogue,10,Printer,,,Printer,-4698.363522,1543.470305
1_E_2783.jpg,1_E_2783.jpg,catalogue,10,Printer,,,Printer,-3307.547331,1255.546907
1_E_2784.jpg,1_E_2784.jpg,catalogue,10,Printer,,,Printer,-4667.317044,1509.759865
1_E_2785.jpg,1_E_2785.jpg,catalogue,10,Printer,,,Printer,-3704.267146,1150.401586
1_E_2786.jpg,1_E_2786.jpg,catalogue,10,Printer,,,Printer,-4608.392057,1484.731687
1_E_2787.jpg,1_E_2787.jpg,catalogue,15,Printer,,,Printer,-4873.758898,-82.255529
1_E_2788.jpg,1_E_2788.jpg,catalogue,10,Printer,,,Printer,-3389.769452,1359.788381
1_E_2789.jpg,1_E_2789.jpg,catalogue,10,Printer,,,Printer,-3356.222301,1469.314736
1_E_2790.jpg,1_E_2790.jpg,catalogue,10,Printer,,,Printer,-4369.978853,1596.947704
1_E_2791.jpg,1_E_2791.jpg,catalogue,10,Printer,,,Printer,-2777.815089,1227.572765
1_E_2792.jpg,1_E_2792.jpg,catalogue,10,Printer,,,Printer,-3605.376717,1087.573148
1_E_2793.jpg,1_E_2793.jpg,catalogue,10,Printer,,,Printer,-3657.622483,813.974018
1_E_2794.jpg,1_E_2794.jpg,catalogue,10,Printer,,,Printer,-2744.028778,1452.198539
1_E_2795.jpg,1_E_2795.jpg,catalogue,10,Printer,,,Printer,-3992.549518,1766.884635
1_E_2796.jpg,1_E_2796.jpg,catalogue,10,Printer,,,Printer,-4445.273770,1472.413730
1_E_2797.jpg,1_E_2797.jpg,catalogue,10,Printer,,,Printer,-4233.588548,810.335590
1_E_2798.jpg,1_E_2798.jpg,catalogue,10,Printer,,,Printer,-4052.414875,1055.716850
1_E_2799.jpg,1_E_2799.jpg,catalogue,10,Printer,,,Printer,-4453.123512,1690.353126
1_E_2800.jpg,1_E_2800.jpg,catalogue,10,Printer,,,Printer,-3866.480430,1576.123608
1_E_2801.jpg,1_E_2801.jpg,catalogue,10,Printer,,,Printer,-3851.541521,1495.056212
1_E_2802.jpg,1_E_2802.jpg,catalogue,10,Printer,,,Printer,-4553.682570,1419.833378
1_E_2803.jpg,1_E_2803.jpg,catalogue,10,Printer,,,Printer,-3627.236713,547.324042
1_E_2804.jpg,1_E_2804.jpg,catalogue,10,Printer,,,Printer,-3977.839020,1709.213749
1_E_2805.jpg,1_E_2805.jpg,catalogue,10,Printer,,,Printer,-3991.244775,1098.463317
1_E_2806.jpg,1_E_2806.jpg,catalogue,10,Printer,,,Printer,-4185.863445,1009.927073
1_E_2807.jpg,1_E_2807.jpg,catalogue,10,Printer,,,Printer,-2286.254877,1599.596033
1_E_2808.jpg,1_E_2808.jpg,catalogue,10,Printer,,,Printer,-3995.314578,1056.406135
1_E_2809.jpg,1_E_2809.jpg,catalogue,12,Printer,,,Printer,708.199406,70.037544
1_E_2810.jpg,1_E_2810.jpg,catalogue,10,Printer,,,Printer,-4207.583717,762.709702
1_E_2811.jpg,1_E_2811.jpg,catalogue,10,Printer,,,Printer,-3868.426858,1221.718292
1_E_2812.jpg,1_E_2812.jpg,catalogue,10,Printer,,,Printer,-3760.588408,79.963291
1_E_2813.jpg,1_E_2813.jpg,catalogue,10,Printer,,,Printer,-3841.358676,711.473349
1_E_2814.jpg,1_E_2814.jpg,catalogue,10,Printer,,,Printer,-3001.760030,1242.683600
1_E_2815.jpg,1_E_2815.jpg,catalogue,10,Printer,,,Printer,-3803.827808,1489.313543
1_E_2816.jpg,1_E_2816.jpg,catalogue,10,Printer,,,Printer,-3814.007597,1665.982178
1_E_2817.jpg,1_E_2817.jpg,scraped,0,,battery,0.533333,,-480.174900,-1052.805239
1_E_2818.jpg,1_E_2818.jpg,scraped,1,,pcb,0.933333,pcb,2132.771408,-1602.600976
1_E_2819.jpg,1_E_2819.jpg,catalogue,12,Television,,,Television,1368.785543,3621.717662
1_E_2820.jpg,1_E_2820.jpg,catalogue,6,Television,,,Television,-357.533231,4363.203693
1_E_2821.jpg,1_E_2821.jpg,catalogue,6,Television,,,Television,-1315.607616,4277.558340
1_E_2832.jpg,1_E_2832.jpg,catalogue,6,Television,,,Television,-7.371081,4397.034380
1_E_2835.jpg,1_E_2835.jpg,catalogue,12,Television,,,Television,3567.907471,3137.468545
1_E_2843.jpg,1_E_2843.jpg,catalogue,6,Television,,,Television,-298.120757,4470.134982
1_E_2848.jpg,1_E_2848.jpg,catalogue,7,Television,,,Television,2883.538237,2113.444510
1_E_2851.jpg,1_E_2851.jpg,catalogue,6,Television,,,Television,313.723889,4325.784131
1_E_2852.jpg,1_E_2852.jpg,catalogue,6,Television,,,Television,-1129.268866,4247.089672
1_E_2853.jpg,1_E_2853.jpg,catalogue,3,Television,,,Television,1530.893686,2527.257303
1_E_2854.jpg,1_E_2854.jpg,catalogue,12,Television,,,Television,1166.608533,3693.070644
1_E_2855.jpg,1_E_2855.jpg,catalogue,6,Television,,,Television,-256.763858,4517.573395
1_E_2856.jpg,1_E_2856.jpg,catalogue,12,Television,,,Television,2365.481290,4378.283319
1_E_2857.jpg,1_E_2857.jpg,catalogue,6,Television,,,Television,-929.277613,4346.570387
1_E_2858.jpg,1_E_2858.jpg,catalogue,12,Television,,,Television,2147.707778,3945.264359
1_E_2859.jpg,1_E_2859.jpg,catalogue,6,Television,,,Television,245.007537,4182.632822
1_E_2860.jpg,1_E_2860.jpg,catalogue,12,Television,,,Television,1847.771052,4421.642422
1_E_2861.jpg,1_E_2861.jpg,catalogue,6,Television,,,Television,-123.228195,4398.729263
1_E_2862.jpg,1_E_2862.jpg,catalogue,12,Television,,,Television,1616.441017,3621.172712
1_E_2863.jpg,1_E_2863.jpg,catalogue,6,Television,,,Television,-1413.035937,4577.973419
1_E_2864.jpg,1_E_2864.jpg,catalogue,12,Television,,,Television,1782.233899,4407.999434
1_E_2865.jpg,1_E_2865.jpg,catalogue,12,Television,,,Television,2368.419283,4473.781015
1_E_2866.jpg,1_E_2866.jpg,catalogue,6,Television,,,Television,-344.778638,4439.408960
1_E_2867.jpg,1_E_2867.jpg,catalogue,12,Television,,,Television,1090.144835,3658.944153
1_E_2868.jpg,1_E_2868.jpg,catalogue,6,Television,,,Television,-1252.843462,4605.044803
1_E_2869.jpg,1_E_2869.jpg,catalogue,6,Television,,,Television,-277.244145,4358.599259
1_E_2870.jpg,1_E_2870.jpg,catalogue,6,Television,,,Television,-215.295910,4314.960668
1_E_2871.jpg,1_E_2871.jpg,catalogue,12,Television,,,Television,1590.207222,4258.834409
1_E_2872.jpg,1_E_2872.jpg,catalogue,12,Television,,,Television,2025.191167,3814.865156
1_E_2873.jpg,1_E_2873.jpg,catalogue,12,Television,,,Television,1375.632167,3549.386233
1_E_2874.jpg,1_E_2874.jpg,catalogue,12,Television,,,Television,857.317093,3645.414858
1_E_2876.jpg,1_E_2876.jpg,catalogue,6,Television,,,Television,-1097.699754,4258.935340
1_E_2877.jpg,1_E_2877.jpg,catalogue,6,Television,,,Television,-725.854357,4220.716325
1_E_2878.jpg,1_E_2878.jpg,catalogue,6,Television,,,Television,-1392.100923,4616.731783
1_E_2879.jpg,1_E_2879.jpg,catalogue,6,Television,,,Television,-278.948619,3635.189248
1_E_2880.jpg,1_E_2880.jpg,catalogue,12,Television,,,Television,2759.946858,4173.441144
1_E_2881.jpg,1_E_2881.jpg,catalogue,12,Television,,,Television,2545.701032,4178.472506
1_E_2882.jpg,1_E_2882.jpg,catalogue,6,Television,,,Television,-1184.762032,4273.886231
1_E_2883.jpg,1_E_2883.jpg,catalogue,6,Television,,,Television,-1036.152084,4529.162540
1_E_2884.jpg,1_E_2884.jpg,catalogue,6,Television,,,Television,-343.294289,4267.577556
1_E_2885.jpg,1_E_2885.jpg,catalogue,12,Television,,,Television,2806.127470,4016.092701
1_E_2886.jpg,1_E_2886.jpg,catalogue,6,Television,,,Television,-613.445502,3841.362384
1_E_2887.jpg,1_E_2887.jpg,catalogue,6,Television,,,Television,-274.248737,4410.924330
1_E_2888.jpg,1_E_2888.jpg,catalogue,12,Television,,,Television,1963.606568,4075.792636
1_E_2889.jpg,1_E_2889.jpg,catalogue,6,Television,,,Television,-1247.906942,4668.437914
1_E_2890.jpg,1_E_2890.jpg,catalogue,6,Television,,,Television,-628.019383,3669.550206
1_E_2891.jpg,1_E_2891.jpg,catalogue,12,Television,,,Television,1016.424755,3696.528574
1_E_2892.jpg,1_E_2892.jpg,catalogue,12,Television,,,Television,2536.913120,3632.367204
1_E_2893.jpg,1_E_2893.jpg,catalogue,6,Television,,,Television,578.191027,4357.519599
1_E_2894.jpg,1_E_2894.jpg,catalogue,6,Television,,,Television,-944.009482,4251.603358
1_E_2895.jpg,1_E_2895.jpg,catalogue,6,Television,,,Television,-164.444180,4375.983407
1_E_2896.jpg,1_E_2896.jpg,catalogue,6,Television,,,Television,-1066.825438,4324.371540
1_E_2897.jpg,1_E_2897.jpg,catalogue,6,Television,,,Television,240.771158,4457.993804
1_E_2898.jpg,1_E_2898.jpg,catalogue,6,Television,,,Television,-1463.891702,4635.239605
1_E_2899.jpg,1_E_2899.jpg,catalogue,12,Television,,,Television,2404.496213,4235.862619
1_E_2900.jpg,1_E_2900.jpg,catalogue,12,Television,,,Television,1871.355257,4289.411403
1_E_2901.jpg,1_E_2901.jpg,catalogue,6,Television,,,Television,-173.636713,4418.522459
1_E_2902.jpg,1_E_2902.jpg,catalogue,12,Television,,,Television,806.671824,4345.337514
1_E_2903.jpg,1_E_2903.jpg,catalogue,12,Television,,,Television,2263.137847,4073.377469
1_E_2904.jpg,1_E_2904.jpg,catalogue,12,Television,,,Television,1707.102111,4096.357193
1_E_2905.jpg,1_E_2905.jpg,catalogue,6,Television,,,Television,219.943221,4399.715406
1_E_2906.jpg,1_E_2906.jpg,catalogue,12,Television,,,Television,1264.673504,3618.237870
1_E_2907.jpg,1_E_2907.jpg,catalogue,6,Television,,,Television,-210.274160,4364.851617
1_E_2908.jpg,1_E_2908.jpg,catalogue,12,Television,,,Television,1701.134902,4342.142643
1_E_2909.jpg,1_E_2909.jpg,catalogue,6,Television,,,Television,-92.570870,4510.251155
1_E_2910.jpg,1_E_2910.jpg,catalogue,12,Television,,,Television,1734.144878,4044.311212
1_E_2911.jpg,1_E_2911.jpg,catalogue,12,Television,,,Television,805.875238,3533.748112
1_E_2912.jpg,1_E_2912.jpg,catalogue,12,Television,,,Television,1203.126270,3981.711026
1_E_2913.jpg,1_E_2913.jpg,catalogue,6,Television,,,Television,-41.508524,4242.447256
1_E_2914.jpg,1_E_2914.jpg,catalogue,12,Television,,,Television,2548.448589,4339.793115
1_E_2915.jpg,1_E_2915.jpg,catalogue,12,Television,,,Television,1763.341382,4000.361091
1_E_2916.jpg,1_E_2916.jpg,catalogue,12,Television,,,Television,2076.258007,3827.780062
1_E_2917.jpg,1_E_2917.jpg,catalogue,6,Television,,,Television,-1198.289485,4586.597816
1_E_2918.jpg,1_E_2918.jpg,catalogue,12,Television,,,Television,1265.358823,3674.016261
1_E_2919.jpg,1_E_2919.jpg,catalogue,12,Television,,,Television,1883.174315,4098.299307
1_E_2920.jpg,1_E_2920.jpg,catalogue,6,Television,,,Television,-1134.870509,4212.555657
1_E_2921.jpg,1_E_2921.jpg,catalogue,12,Television,,,Television,2679.100000,4330.763607
1_E_2922.jpg,1_E_2922.jpg,catalogue,12,Television,,,Television,2593.141080,4450.145559
1_E_2923.jpg,1_E_2923.jpg,catalogue,6,Television,,,Television,-928.117680,4175.279476
1_E_2924.jpg,1_E_2924.jpg,catalogue,12,Television,,,Television,1394.406588,3352.144631
1_E_2925.jpg,1_E_2925.jpg,catalogue,6,Television,,,Television,-674.333270,4334.635862
1_E_2926.jpg,1_E_2926.jpg,catalogue,6,Television,,,Television,-247.909123,4441.883958
1_E_2927.jpg,1_E_2927.jpg,catalogue,6,Television,,,Television,-264.496014,4220.657515
1_E_2928.jpg,1_E_2928.jpg,catalogue,6,Television,,,Television,-880.434139,4214.086593
1_E_2929.jpg,1_E_2929.jpg,catalogue,6,Television,,,Television,93.914283,4251.711628
1_E_2931.jpg,1_E_2931.jpg,catalogue,12,Television,,,Television,1646.589512,4406.498310
1_E_2932.jpg,1_E_2932.jpg,catalogue,6,Television,,,Television,-19.413238,3898.976271
1_E_2933.jpg,1_E_2933.jpg,catalogue,6,Television,,,Television,-1328.533043,4524.763478
1_E_2934.jpg,1_E_2934.jpg,catalogue,6,Television,,,Television,-246.419133,4329.763000
1_E_2935.jpg,1_E_2935.jpg,catalogue,6,Television,,,Television,-167.312221,4151.334188
1_E_2936.jpg,1_E_2936.jpg,catalogue,6,Television,,,Television,-1193.275963,4431.028650
1_E_2937.jpg,1_E_2937.jpg,catalogue,12,Television,,,Television,1555.804034,3579.679579
1_E_2938.jpg,1_E_2938.jpg,catalogue,12,Television,,,Television,3351.135169,3272.019753
1_E_2939.jpg,1_E_2939.jpg,catalogue,12,Television,,,Television,2092.737834,4118.162388
1_E_2940.jpg,1_E_2940.jpg,catalogue,12,Television,,,Television,1605.262521,4001.023957
1_E_2941.jpg,1_E_2941.jpg,catalogue,12,Television,,,Television,2502.920042,4341.378328
1_E_2942.jpg,1_E_2942.jpg,catalogue,12,Television,,,Television,2652.493937,3940.899299
1_E_2943.jpg,1_E_2943.jpg,catalogue,6,Television,,,Television,-878.153596,4294.795292
1_E_2944.jpg,1_E_2944.jpg,catalogue,12,Television,,,Television,1850.664862,4246.557442
1_E_2945.jpg,1_E_2945.jpg,catalogue,12,Television,,,Television,1977.933125,4179.043588
1_E_2946.jpg,1_E_2946.jpg,catalogue,12,Television,,,Television,2647.984198,4381.262298
1_E_2947.jpg,1_E_2947.jpg,catalogue,6,Television,,,Television,-1231.469900,4291.229761
1_E_2948.jpg,1_E_2948.jpg,catalogue,6,Television,,,Television,-1210.417476,4356.473800
1_E_2949.jpg,1_E_2949.jpg,catalogue,12,Television,,,Television,1339.624899,3918.363539
1_E_2950.jpg,1_E_2950.jpg,catalogue,12,Television,,,Television,2928.689577,4115.132207
1_E_2951.jpg,1_E_2951.jpg,catalogue,12,Television,,,Television,2175.855002,4337.938618
1_E_2952.jpg,1_E_2952.jpg,catalogue,12,Television,,,Television,1946.553833,4301.845804
1_E_2953.jpg,1_E_2953.jpg,catalogue,12,Television,,,Television,1993.668310,4038.735115
1_E_2954.jpg,1_E_2954.jpg,catalogue,6,Television,,,Television,-557.479300,4311.097628
1_E_2955.jpg,1_E_2955.jpg,catalogue,12,Television,,,Television,1859.324002,4030.188770
1_E_2956.jpg,1_E_2956.jpg,catalogue,12,Television,,,Television,1877.429187,4340.664510
1_E_2957.jpg,1_E_2957.jpg,catalogue,12,Television,,,Television,1927.717895,4077.155255
1_E_2958.jpg,1_E_2958.jpg,catalogue,12,Television,,,Television,3007.591622,1788.462530
1_E_2959.jpg,1_E_2959.jpg,catalogue,12,Television,,,Television,1896.268134,4172.083825
1_E_2960.jpg,1_E_2960.jpg,catalogue,12,Television,,,Television,2484.744219,3540.692885
1_E_2961.jpg,1_E_2961.jpg,catalogue,12,Television,,,Television,891.541584,3757.669188
1_E_2962.jpg,1_E_2962.jpg,catalogue,6,Television,,,Television,-75.283677,4390.477058
1_E_2963.jpg,1_E_2963.jpg,catalogue,12,Television,,,Television,1858.565967,4385.319180
1_E_2964.jpg,1_E_2964.jpg,catalogue,12,Television,,,Television,2171.371951,4393.561899
1_E_2965.jpg,1_E_2965.jpg,catalogue,12,Television,,,Television,631.416545,3547.706085
1_E_2966.jpg,1_E_2966.jpg,catalogue,12,Television,,,Television,2962.317704,4036.404096
1_E_2967.jpg,1_E_2967.jpg,catalogue,6,Television,,,Television,-76.953571,4277.823386
1_E_2968.jpg,1_E_2968.jpg,catalogue,12,Television,,,Television,1912.350314,4403.994468
1_E_2969.jpg,1_E_2969.jpg,catalogue,12,Television,,,Television,1564.457937,3822.224155
1_E_2970.jpg,1_E_2970.jpg,catalogue,12,Television,,,Television,1828.128567,4012.089176
1_E_2971.jpg,1_E_2971.jpg,catalogue,12,Television,,,Television,1348.743912,3837.042652
1_E_2972.jpg,1_E_2972.jpg,catalogue,12,Television,,,Television,2464.286695,3567.088990
1_E_2973.jpg,1_E_2973.jpg,catalogue,12,Television,,,Television,2019.139222,4087.664784
1_E_2974.jpg,1_E_2974.jpg,catalogue,12,Television,,,Television,2709.208260,4230.578906
1_E_2975.jpg,1_E_2975.jpg,catalogue,12,Television,,,Television,1248.485853,3533.654353
1_E_2976.jpg,1_E_2976.jpg,catalogue,12,Television,,,Television,1835.774698,4304.105902
1_E_2977.jpg,1_E_2977.jpg,catalogue,12,Television,,,Television,2007.087875,4230.437209
1_E_2978.jpg,1_E_2978.jpg,catalogue,12,Television,,,Television,1745.954244,4278.319422
1_E_2979.jpg,1_E_2979.jpg,catalogue,12,Television,,,Television,1057.345759,3641.815830
1_E_2980.jpg,1_E_2980.jpg,catalogue,12,Television,,,Television,1703.745470,3790.242325
1_E_2983.jpg,1_E_2983.jpg,catalogue,12,Television,,,Television,2090.686986,4183.935628
1_E_2985.jpg,1_E_2985.jpg,catalogue,6,Television,,,Television,-747.479107,4111.554653
1_E_2986.jpg,1_E_2986.jpg,catalogue,6,Television,,,Television,-1452.115189,3800.562021
1_E_2987.jpg,1_E_2987.jpg,catalogue,6,Television,,,Television,-1225.623177,4562.661108
1_E_2988.jpg,1_E_2988.jpg,catalogue,12,Television,,,Television,2446.290541,4411.010179
1_E_2989.jpg,1_E_2989.jpg,catalogue,6,Television,,,Television,-975.758446,4217.008316
1_E_2990.jpg,1_E_2990.jpg,catalogue,12,Television,,,Television,2412.623270,4123.539454
1_E_2991.jpg,1_E_2991.jpg,catalogue,12,Television,,,Television,2106.125302,4501.666611
1_E_2992.jpg,1_E_2992.jpg,catalogue,6,Television,,,Television,-1245.921808,4543.527627
1_E_2993.jpg,1_E_2993.jpg,catalogue,12,Television,,,Television,2067.102796,4458.496104
1_E_2994.jpg,1_E_2994.jpg,catalogue,12,Television,,,Television,2105.726784,4428.811527
1_E_2995.jpg,1_E_2995.jpg,catalogue,6,Television,,,Television,-1028.405824,4303.998231
1_E_2996.jpg,1_E_2996.jpg,catalogue,12,Television,,,Television,2431.759786,4319.131465
1_E_2997.jpg,1_E_2997.jpg,catalogue,12,Television,,,Television,1563.138301,4178.919151
1_E_2998.jpg,1_E_2998.jpg,catalogue,6,Television,,,Television,-1148.151493,4399.318320
1_E_2999.jpg,1_E_2999.jpg,catalogue,6,Television,,,Television,-526.263868,3460.644267
1_E_3000.jpg,1_E_3000.jpg,catalogue,12,Television,,,Television,1535.214666,3780.060024
1_E_3001.jpg,1_E_3001.jpg,catalogue,12,Television,,,Television,2464.109063,3858.451392
1_E_3002.jpg,1_E_3002.jpg,catalogue,6,Television,,,Television,-1203.315708,4477.508947
1_E_3003.jpg,1_E_3003.jpg,catalogue,6,Television,,,Television,-1071.614749,4503.744878
1_E_3004.jpg,1_E_3004.jpg,catalogue,6,Television,,,Television,-961.762742,4307.969910
1_E_3005.jpg,1_E_3005.jpg,catalogue,12,Television,,,Television,1957.753076,4364.965543
1_E_3006.jpg,1_E_3006.jpg,catalogue,12,Television,,,Television,2418.108563,4348.527293
1_E_3007.jpg,1_E_3007.jpg,catalogue,6,Television,,,Television,-1128.082316,4451.744515
1_E_3008.jpg,1_E_3008.jpg,catalogue,6,Television,,,Television,-1093.374563,4563.387969
1_E_3009.jpg,1_E_3009.jpg,catalogue,12,Television,,,Television,707.282638,4016.972012
1_E_3010.jpg,1_E_3010.jpg,catalogue,12,Television,,,Television,2648.537566,4243.748820
1_E_3011.jpg,1_E_3011.jpg,catalogue,12,Television,,,Television,1444.065681,3903.088615
1_E_3013.jpg,1_E_3013.jpg,catalogue,6,Television,,,Television,-1391.644821,4227.312798
1_E_3014.jpg,1_E_3014.jpg,catalogue,12,Television,,,Television,2476.847809,4377.746760
1_E_3015.jpg,1_E_3015.jpg,catalogue,6,Television,,,Television,-1429.219425,4001.135703
1_E_3016.jpg,1_E_3016.jpg,catalogue,6,Television,,,Television,-1096.365052,4519.502836
1_E_3018.jpg,1_E_3018.jpg,catalogue,12,Television,,,Television,1903.481241,4363.346705
1_E_3019.jpg,1_E_3019.jpg,catalogue,12,Television,,,Television,1975.242386,4324.016052
1_E_3020.jpg,1_E_3020.jpg,catalogue,6,Television,,,Television,-154.016094,4312.929046
1_E_3021.jpg,1_E_3021.jpg,catalogue,12,Television,,,Television,2195.616346,4244.410204
1_E_3022.jpg,1_E_3022.jpg,catalogue,12,Television,,,Television,2208.737567,4364.952396
1_E_3023.jpg,1_E_3023.jpg,catalogue,6,Television,,,Television,-1142.938204,4534.917045
1_E_3025.jpg,1_E_3025.jpg,catalogue,6,Television,,,Television,-830.109253,4394.618137
1_E_3026.jpg,1_E_3026.jpg,catalogue,6,Television,,,Television,-1285.635134,4484.896165
1_E_3027.jpg,1_E_3027.jpg,catalogue,12,Television,,,Television,1800.255820,3885.087109
1_E_3028.jpg,1_E_3028.jpg,catalogue,6,Television,,,Television,-962.440137,4411.279620
1_E_3029.jpg,1_E_3029.jpg,catalogue,12,Television,,,Television,1821.241050,4346.949404
1_E_3030.jpg,1_E_3030.jpg,catalogue,12,Television,,,Television,2510.735277,4021.757698
1_E_3031.jpg,1_E_3031.jpg,catalogue,6,Television,,,Television,-401.615511,4351.340459
1_E_3032.jpg,1_E_3032.jpg,catalogue,12,Television,,,Television,1945.041514,4190.932448
1_E_3033.jpg,1_E_3033.jpg,catalogue,12,Television,,,Television,2031.358461,4404.078717
1_E_3034.jpg,1_E_3034.jpg,catalogue,6,Television,,,Television,-1067.744320,4370.562621
1_E_3036.jpg,1_E_3036.jpg,catalogue,12,Television,,,Television,2839.767958,4180.986217
1_E_3037.jpg,1_E_3037.jpg,catalogue,12,Television,,,Television,1834.026045,3835.481912
1_E_3038.jpg,1_E_3038.jpg,catalogue,6,Television,,,Television,-383.217950,3765.826562
1_E_3039.jpg,1_E_3039.jpg,catalogue,12,Television,,,Television,2080.192313,4387.813804
1_E_3040.jpg,1_E_3040.jpg,catalogue,6,Television,,,Television,-281.877355,3353.510029
1_E_3041.jpg,1_E_3041.jpg,catalogue,12,Television,,,Television,1227.369769,3677.207087
1_E_3042.jpg,1_E_3042.jpg,catalogue,6,Television,,,Television,236.028751,4269.826031
1_E_3043.jpg,1_E_3043.jpg,catalogue,6,Television,,,Television,-797.343744,4144.468320
1_E_3044.jpg,1_E_3044.jpg,catalogue,6,Television,,,Television,-383.578764,3824.095795
1_E_3045.jpg,1_E_3045.jpg,catalogue,12,Television,,,Television,1164.073798,3613.069978
1_E_3046.jpg,1_E_3046.jpg,catalogue,12,Television,,,Television,1505.059792,3628.596031
1_E_3047.jpg,1_E_3047.jpg,catalogue,12,Television,,,Television,2385.447935,4330.196068
1_E_3048.jpg,1_E_3048.jpg,catalogue,12,Television,,,Television,2051.153965,4048.871490
1_E_3049.jpg,1_E_3049.jpg,catalogue,6,Television,,,Television,112.861153,4161.126027
1_E_3050.jpg,1_E_3050.jpg,catalogue,12,Television,,,Television,2742.744774,4243.670000
1_E_3051.jpg,1_E_3051.jpg,catalogue,12,Television,,,Television,2300.122469,4225.633169
1_E_3052.jpg,1_E_3052.jpg,catalogue,6,Television,,,Television,36.389327,4283.889133
1_E_3053.jpg,1_E_3053.jpg,catalogue,12,Television,,,Television,2775.882373,4206.515424
1_E_3054.jpg,1_E_3054.jpg,catalogue,6,Television,,,Television,-1031.790564,4379.952136
1_E_3055.jpg,1_E_3055.jpg,catalogue,6,Television,,,Television,-1152.298265,4337.882111
1_E_3057.jpg,1_E_3057.jpg,catalogue,12,Television,,,Television,414.923014,3104.726169
1_E_3058.jpg,1_E_3058.jpg,catalogue,6,Television,,,Television,-203.950141,4423.140247
1_E_3059.jpg,1_E_3059.jpg,catalogue,6,Television,,,Television,13.677343,4480.981572
1_E_3061.jpg,1_E_3061.jpg,catalogue,6,Television,,,Television,183.291473,4236.580262
1_E_3062.jpg,1_E_3062.jpg,catalogue,12,Television,,,Television,1787.433149,4239.767271
1_E_3063.jpg,1_E_3063.jpg,catalogue,6,Television,,,Television,-445.862605,4395.314536
1_E_3064.jpg,1_E_3064.jpg,catalogue,6,Television,,,Television,-1148.521552,4612.222587
1_E_3065.jpg,1_E_3065.jpg,catalogue,12,Television,,,Television,1154.698963,3649.149522
1_E_3066.jpg,1_E_3066.jpg,catalogue,6,Television,,,Television,-870.725607,4078.286863
1_E_3067.jpg,1_E_3067.jpg,catalogue,6,Television,,,Television,-979.514506,4337.219581
1_E_3068.jpg,1_E_3068.jpg,catalogue,6,Television,,,Television,-258.333118,4289.213884
1_E_3069.jpg,1_E_3069.jpg,catalogue,12,Television,,,Television,882.451792,3961.006218
1_E_3070.jpg,1_E_3070.jpg,catalogue,6,Television,,,Television,-893.102590,4256.846509
1_E_3071.jpg,1_E_3071.jpg,catalogue,13,Television,,,Television,920.820356,1976.662892
1_E_3072.jpg,1_E_3072.jpg,catalogue,6,Television,,,Television,-165.101007,4252.680216
1_E_3073.jpg,1_E_3073.jpg,catalogue,6,Television,,,Television,-1285.977223,4301.511433
1_E_3074.jpg,1_E_3074.jpg,catalogue,6,Television,,,Television,-233.635484,4387.841359
1_E_3075.jpg,1_E_3075.jpg,catalogue,12,Television,,,Television,2666.680661,4087.268222
1_E_3076.jpg,1_E_3076.jpg,catalogue,12,Television,,,Television,1477.373393,2562.034315
1_E_3077.jpg,1_E_3077.jpg,catalogue,6,Television,,,Television,-959.730267,4131.886823
1_E_3078.jpg,1_E_3078.jpg,catalogue,6,Television,,,Television,-1033.648265,4621.483998
1_E_3079.jpg,1_E_3079.jpg,catalogue,12,Television,,,Television,923.603228,3673.933468
1_E_3080.jpg,1_E_3080.jpg,catalogue,12,Television,,,Television,2482.316086,4305.774151
1_E_3081.jpg,1_E_3081.jpg,catalogue,6,Television,,,Television,-392.829408,4028.465794
1_E_3082.jpg,1_E_3082.jpg,catalogue,0,Television,,,Television,865.460837,1850.521550
1_E_3083.jpg,1_E_3083.jpg,catalogue,6,Television,,,Television,-312.878627,4335.043352
1_E_3084.jpg,1_E_3084.jpg,catalogue,6,Television,,,Television,-179.908473,3281.424554
1_E_3085.jpg,1_E_3085.jpg,catalogue,6,Television,,,Television,-1067.878582,4217.310894
1_E_3086.jpg,1_E_3086.jpg,catalogue,6,Television,,,Television,59.138130,4239.894513
1_E_3087.jpg,1_E_3087.jpg,catalogue,6,Television,,,Television,-1319.785996,4112.630240
1_E_3088.jpg,1_E_3088.jpg,catalogue,6,Television,,,Television,-335.871632,4181.609586
1_E_3090.jpg,1_E_3090.jpg,catalogue,6,Television,,,Television,-1319.185938,4427.569633
1_E_3091.jpg,1_E_3091.jpg,catalogue,6,Television,,,Television,-1007.716198,4405.070985
1_E_3092.jpg,1_E_3092.jpg,catalogue,6,Television,,,Television,-1168.243295,4224.550611
1_E_3093.jpg,1_E_3093.jpg,catalogue,6,Television,,,Television,-152.384558,4518.865318
1_E_3094.jpg,1_E_3094.jpg,catalogue,12,Television,,,Television,1300.370339,3629.608424
1_E_3095.jpg,1_E_3095.jpg,catalogue,6,Television,,,Television,-626.414938,4452.053099
1_E_3096.jpg,1_E_3096.jpg,catalogue,6,Television,,,Television,-915.916566,4300.042276
1_E_3097.jpg,1_E_3097.jpg,catalogue,6,Television,,,Television,-417.327230,3657.493449
1_E_3098.jpg,1_E_3098.jpg,catalogue,6,Television,,,Television,-709.059528,4294.591244
1_E_3099.jpg,1_E_3099.jpg,catalogue,12,Television,,,Television,1412.925692,3800.540159
1_E_3100.jpg,1_E_3100.jpg,catalogue,12,Television,,,Television,2532.941377,4037.986406
1_E_3101.jpg,1_E_3101.jpg,catalogue,6,Television,,,Television,-1292.073325,4547.032163
1_E_3102.jpg,1_E_3102.jpg,catalogue,12,Television,,,Television,2503.444304,4254.459363
1_E_3103.jpg,1_E_3103.jpg,catalogue,12,Television,,,Television,3037.943329,3866.804976
1_E_3104.jpg,1_E_3104.jpg,catalogue,6,Television,,,Television,31.161064,4117.574978
1_E_3105.jpg,1_E_3105.jpg,catalogue,6,Television,,,Television,-74.407379,4215.159645
1_E_3106.jpg,1_E_3106.jpg,catalogue,6,Television,,,Television,-631.757257,4316.525156
1_E_3107.jpg,1_E_3107.jpg,catalogue,6,Television,,,Television,-165.509549,4061.976292
1_E_3108.jpg,1_E_3108.jpg,catalogue,12,Television,,,Television,1886.826652,4447.916455
1_E_3109.jpg,1_E_3109.jpg,catalogue,6,Television,,,Television,-858.124183,4503.524636
1_E_3119.jpg,1_E_3119.jpg,catalogue,11,Washing_Machine,,,Washing_Machine,-7745.893209,571.722437
1_E_3120.jpg,1_E_3120.jpg,catalogue,11,Washing_Machine,,,Washing_Machine,-7423.807393,784.387420
1_E_3121.jpg,1_E_3121.jpg,catalogue,11,Washing_Machine,,,Washing_Machine,-7683.284495,1023.180970
1_E_3122.jpg,1_E_3122.jpg,catalogue,15,Washing_Machine,,,Washing_Machine,-5608.293785,-267.041849
1_E_3123.jpg,1_E_3123.jpg,catalogue,11,Washing_Machine,,,Washing_Machine,-7833.317965,866.840842
1_E_3124.jpg,1_E_3124.jpg,catalogue,11,Washing_Machine,,,Washing_Machine,-7029.744408,376.004998
1_E_3125.jpg,1_E_3125.jpg,catalogue,11,Washing_Machine,,,Washing_Machine,-8116.502445,802.138676
1_E_3126.jpg,1_E_3126.jpg,catalogue,11,Washing_Machine,,,Washing_Machine,-8005.053737,720.872587
1_E_3127.jpg,1_E_3127.jpg,catalogue,15,Washing_Machine,,,Washing_Machine,-4920.929037,-263.233219
1_E_3129.jpg,1_E_3129.jpg,catalogue,11,Washing_Machine,,,Washing_Machine,-6937.392955,1185.982006
1_E_3130.jpg,1_E_3130.jpg,catalogue,15,Washing_Machine,,,Washing_Machine,-5288.077315,-615.955989
1_E_3131.jpg,1_E_3131.jpg,catalogue,15,Washing_Machine,,,Washing_Machine,-5402.685243,-518.948545
1_E_3132.jpg,1_E_3132.jpg,catalogue,11,Washing_Machine,,,Washing_Machine,-6771.848297,1042.275452
1_E_3133.jpg,1_E_3133.jpg,catalogue,15,Washing_Machine,,,Washing_Machine,-5211.008546,-424.609930
1_E_3134.jpg,1_E_3134.jpg,catalogue,11,Washing_Machine,,,Washing_Machine,-7769.014604,1017.579422
1_E_3135.jpg,1_E_3135.jpg,catalogue,15,Washing_Machine,,,Washing_Machine,-5254.201932,-433.725472
1_E_3136.jpg,1_E_3136.jpg,catalogue,11,Washing_Machine,,,Washing_Machine,-7287.546266,450.267900
1_E_3137.jpg,1_E_3137.jpg,catalogue,11,Washing_Machine,,,Washing_Machine,-8073.457706,809.569801
1_E_3138.jpg,1_E_3138.jpg,catalogue,11,Washing_Machine,,,Washing_Machine,-7719.553856,934.164092
1_E_3139.jpg,1_E_3139.jpg,catalogue,11,Washing_Machine,,,Washing_Machine,-6467.694934,932.300191
1_E_3140.jpg,1_E_3140.jpg,catalogue,15,Washing_Machine,,,Washing_Machine,-5947.238399,128.805455
1_E_3141.jpg,1_E_3141.jpg,catalogue,11,Washing_Machine,,,Washing_Machine,-7860.189227,613.362318
1_E_3142.jpg,1_E_3142.jpg,catalogue,11,Washing_Machine,,,Washing_Machine,-8008.330326,524.324816
1_E_3143.jpg,1_E_3143.jpg,catalogue,11,Washing_Machine,,,Washing_Machine,-7885.384787,992.488344
1_E_3144.jpg,1_E_3144.jpg,catalogue,11,Washing_Machine,,,Washing_Machine,-8187.644705,891.194319
1_E_3145.jpg,1_E_3145.jpg,catalogue,15,Washing_Machine,,,Washing_Machine,-5304.142254,-462.898239
1_E_3146.jpg,1_E_3146.jpg,catalogue,15,Washing_Machine,,,Washing_Machine,-5449.103567,-359.758324
1_E_3147.jpg,1_E_3147.jpg,catalogue,11,Washing_Machine,,,Washing_Machine,-7830.811732,718.017926
1_E_3148.jpg,1_E_3148.jpg,catalogue,15,Washing_Machine,,,Washing_Machine,-5411.475040,-454.190378
1_E_3149.jpg,1_E_3149.jpg,catalogue,11,Washing_Machine,,,Washing_Machine,-7658.937380,673.500574
1_E_3150.jpg,1_E_3150.jpg,catalogue,15,Washing_Machine,,,Washing_Machine,-5928.955083,185.214455
1_E_3151.jpg,1_E_3151.jpg,catalogue,11,Washing_Machine,,,Washing_Machine,-7963.381443,860.187890
1_E_3152.jpg,1_E_3152.jpg,catalogue,15,Washing_Machine,,,Washing_Machine,-5393.371188,-566.605290
1_E_3153.jpg,1_E_3153.jpg,catalogue,15,Washing_Machine,,,Washing_Machine,-5203.217701,-237.503458
1_E_3154.jpg,1_E_3154.jpg,catalogue,11,Washing_Machine,,,Washing_Machine,-7806.543832,666.868608
1_E_3155.jpg,1_E_3155.jpg,catalogue,15,Washing_Machine,,,Washing_Machine,-5569.144703,-9.416737
1_E_3156.jpg,1_E_3156.jpg,catalogue,11,Washing_Machine,,,Washing_Machine,-7269.593412,1315.643417
1_E_3157.jpg,1_E_3157.jpg,catalogue,11,Washing_Machine,,,Washing_Machine,-7809.987921,969.082827
1_E_3158.jpg,1_E_3158.jpg,catalogue,11,Washing_Machine,,,Washing_Machine,-7449.370258,1104.302050
1_E_3159.jpg,1_E_3159.jpg,catalogue,11,Washing_Machine,,,Washing_Machine,-8028.494084,895.567126
1_E_3160.jpg,1_E_3160.jpg,catalogue,15,Washing_Machine,,,Washing_Machine,-5420.799580,-419.450643
1_E_3161.jpg,1_E_3161.jpg,catalogue,11,Washing_Machine,,,Washing_Machine,-6736.322067,1000.373161
1_E_3162.jpg,1_E_3162.jpg,catalogue,11,Washing_Machine,,,Washing_Machine,-7419.250359,850.717180
1_E_3163.jpg,1_E_3163.jpg,catalogue,11,Washing_Machine,,,Washing_Machine,-8168.275714,613.751700
1_E_3164.jpg,1_E_3164.jpg,catalogue,11,Washing_Machine,,,Washing_Machine,-7615.664029,722.616730
1_E_3165.jpg,1_E_3165.jpg,catalogue,15,Washing_Machine,,,Washing_Machine,-5656.333181,-59.669340
1_E_3166.jpg,1_E_3166.jpg,catalogue,11,Washing_Machine,,,Washing_Machine,-7250.772832,1140.329816
1_E_3167.jpg,1_E_3167.jpg,catalogue,11,Washing_Machine,,,Washing_Machine,-7808.736097,1031.451518
1_E_3168.jpg,1_E_3168.jpg,catalogue,11,Washing_Machine,,,Washing_Machine,-7857.937572,928.523728
1_E_3169.jpg,1_E_3169.jpg,catalogue,15,Washing_Machine,,,Washing_Machine,-5478.692405,-298.945936
1_E_3170.jpg,1_E_3170.jpg,catalogue,15,Washing_Machine,,,Washing_Machine,-5628.192564,-125.523152
1_E_3171.jpg,1_E_3171.jpg,catalogue,11,Washing_Machine,,,Washing_Machine,-7703.316540,730.469107
1_E_3172.jpg,1_E_3172.jpg,catalogue,11,Washing_Machine,,,Washing_Machine,-7757.289898,953.084061
1_E_3173.jpg,1_E_3173.jpg,catalogue,11,Washing_Machine,,,Washing_Machine,-7532.603321,769.096793
1_E_3174.jpg,1_E_3174.jpg,catalogue,11,Washing_Machine,,,Washing_Machine,-8111.159533,873.839229
1_E_3175.jpg,1_E_3175.jpg,catalogue,11,Washing_Machine,,,Washing_Machine,-6819.059175,1075.562685
1_E_3176.jpg,1_E_3176.jpg,catalogue,11,Washing_Machine,,,Washing_Machine,-6765.238129,927.509311
1_E_3177.jpg,1_E_3177.jpg,catalogue,11,Washing_Machine,,,Washing_Machine,-8159.578090,944.491662
1_E_3178.jpg,1_E_3178.jpg,catalogue,15,Washing_Machine,,,Washing_Machine,-5501.660344,-545.350446
1_E_3179.jpg,1_E_3179.jpg,catalogue,11,Washing_Machine,,,Washing_Machine,-7687.638997,801.387259
1_E_3180.jpg,1_E_3180.jpg,catalogue,11,Washing_Machine,,,Washing_Machine,-6898.315689,866.992029
1_E_3181.jpg,1_E_3181.jpg,catalogue,15,Washing_Machine,,,Washing_Machine,-5384.597694,-631.319198
1_E_3182.jpg,1_E_3182.jpg,catalogue,15,Washing_Machine,,,Washing_Machine,-5528.569178,-513.566963
1_E_3183.jpg,1_E_3183.jpg,catalogue,11,Washing_Machine,,,Washing_Machine,-7746.220560,1116.051543
1_E_3184.jpg,1_E_3184.jpg,catalogue,11,Washing_Machine,,,Washing_Machine,-7566.565515,918.228029
1_E_3185.jpg,1_E_3185.jpg,catalogue,15,Washing_Machine,,,Washing_Machine,-5515.128793,-229.787216
1_E_3186.jpg,1_E_3186.jpg,catalogue,11,Washing_Machine,,,Washing_Machine,-7866.581544,849.542294
1_E_3187.jpg,1_E_3187.jpg,catalogue,11,Washing_Machine,,,Washing_Machine,-7563.120642,881.017101
1_E_3188.jpg,1_E_3188.jpg,catalogue,11,Washing_Machine,,,Washing_Machine,-8028.580952,581.303364
1_E_3189.jpg,1_E_3189.jpg,catalogue,11,Washing_Machine,,,Washing_Machine,-7741.882358,886.724324
1_E_3190.jpg,1_E_3190.jpg,catalogue,15,Washing_Machine,,,Washing_Machine,-5690.385234,-67.510377
1_E_3191.jpg,1_E_3191.jpg,catalogue,11,Washing_Machine,,,Washing_Machine,-7647.556602,1122.900765
1_E_3192.jpg,1_E_3192.jpg,catalogue,15,Washing_Machine,,,Washing_Machine,-5371.790926,-341.830677
1_E_3193.jpg,1_E_3193.jpg,catalogue,11,Washing_Machine,,,Washing_Machine,-7980.636805,961.693224
1_E_3194.jpg,1_E_3194.jpg,catalogue,15,Washing_Machine,,,Washing_Machine,-5311.752499,-588.811982
1_E_3196.jpg,1_E_3196.jpg,catalogue,11,Washing_Machine,,,Washing_Machine,-8060.205214,936.904217
1_E_3197.jpg,1_E_3197.jpg,catalogue,11,Washing_Machine,,,Washing_Machine,-7980.158879,673.073209
1_E_3198.jpg,1_E_3198.jpg,catalogue,15,Washing_Machine,,,Washing_Machine,-5160.884579,-440.805541
1_E_3199.jpg,1_E_3199.jpg,catalogue,11,Washing_Machine,,,Washing_Machine,-8037.145486,615.958256
1_E_3200.jpg,1_E_3200.jpg,catalogue,11,Washing_Machine,,,Washing_Machine,-8060.661433,710.417513
1_E_3201.jpg,1_E_3201.jpg,catalogue,11,Washing_Machine,,,Washing_Machine,-7973.955608,777.119214
1_E_3202.jpg,1_E_3202.jpg,catalogue,11,Washing_Machine,,,Washing_Machine,-7906.385377,674.411117
1_E_3203.jpg,1_E_3203.jpg,catalogue,11,Washing_Machine,,,Washing_Machine,-7302.687298,712.859000
1_E_3204.jpg,1_E_3204.jpg,catalogue,15,Washing_Machine,,,Washing_Machine,-5910.554243,149.020959
1_E_3205.jpg,1_E_3205.jpg,catalogue,11,Washing_Machine,,,Washing_Machine,-7992.144836,921.924458
1_E_3206.jpg,1_E_3206.jpg,catalogue,11,Washing_Machine,,,Washing_Machine,-4651.400212,312.164642
1_E_3207.jpg,1_E_3207.jpg,catalogue,15,Washing_Machine,,,Washing_Machine,-5669.711349,144.954201
1_E_3208.jpg,1_E_3208.jpg,catalogue,11,Washing_Machine,,,Washing_Machine,-7718.653928,985.427538
1_E_3209.jpg,1_E_3209.jpg,catalogue,11,Washing_Machine,,,Washing_Machine,-6568.874735,1091.710401
1_E_3210.jpg,1_E_3210.jpg,catalogue,11,Washing_Machine,,,Washing_Machine,-7053.085316,894.903999
1_E_3211.jpg,1_E_3211.jpg,catalogue,15,Washing_Machine,,,Washing_Machine,-5301.149659,-332.366880
1_E_3212.jpg,1_E_3212.jpg,catalogue,11,Washing_Machine,,,Washing_Machine,-8140.531525,887.557731
1_E_3213.jpg,1_E_3213.jpg,catalogue,11,Washing_Machine,,,Washing_Machine,-8200.116525,825.551652
1_E_3214.jpg,1_E_3214.jpg,catalogue,11,Washing_Machine,,,Washing_Machine,-7367.418401,1406.667801
1_E_3215.jpg,1_E_3215.jpg,catalogue,11,Washing_Machine,,,Washing_Machine,-7921.127129,1048.376569
1_E_3216.jpg,1_E_3216.jpg,catalogue,11,Washing_Machine,,,Washing_Machine,-6806.412899,843.703977
1_E_3217.jpg,1_E_3217.jpg,catalogue,15,Washing_Machine,,,Washing_Machine,-5487.776282,-426.660986
1_E_3218.jpg,1_E_3218.jpg,catalogue,11,Washing_Machine,,,Washing_Machine,-7773.137605,802.723613
1_E_3219.jpg,1_E_3219.jpg,catalogue,11,Washing_Machine,,,Washing_Machine,-7955.447845,600.908296
1_E_3221.jpg,1_E_3221.jpg,catalogue,15,Washing_Machine,,,Washing_Machine,-5601.149395,-146.660480
1_E_3222.jpg,1_E_3222.jpg,catalogue,15,Washing_Machine,,,Washing_Machine,-3310.932826,-1569.429605
1_E_3223.jpg,1_E_3223.jpg,catalogue,15,Washing_Machine,,,Washing_Machine,-5197.597737,-472.485826
1_E_3224.jpg,1_E_3224.jpg,catalogue,11,Washing_Machine,,,Washing_Machine,-7933.036981,621.624022
1_E_3225.jpg,1_E_3225.jpg,catalogue,11,Washing_Machine,,,Washing_Machine,-7318.844362,1197.203161
1_E_3226.jpg,1_E_3226.jpg,catalogue,11,Washing_Machine,,,Washing_Machine,-8189.422052,729.864318
1_E_3227.jpg,1_E_3227.jpg,catalogue,11,Washing_Machine,,,Washing_Machine,-7764.343220,862.754502
1_E_3228.jpg,1_E_3228.jpg,catalogue,11,Washing_Machine,,,Washing_Machine,-7271.154948,746.121557
1_E_3229.jpg,1_E_3229.jpg,catalogue,15,Washing_Machine,,,Washing_Machine,-6153.511031,30.847832
1_E_3230.jpg,1_E_3230.jpg,catalogue,15,Washing_Machine,,,Washing_Machine,-5156.414220,-510.130322
1_E_3231.jpg,1_E_3231.jpg,catalogue,15,Washing_Machine,,,Washing_Machine,-5290.124518,-669.559784
1_E_3232.jpg,1_E_3232.jpg,catalogue,11,Washing_Machine,,,Washing_Machine,-6560.459920,1292.439758
1_E_3233.jpg,1_E_3233.jpg,catalogue,11,Washing_Machine,,,Washing_Machine,-7950.940148,662.983641
1_E_3234.jpg,1_E_3234.jpg,catalogue,15,Washing_Machine,,,Washing_Machine,-5553.157279,-218.988473
1_E_3235.jpg,1_E_3235.jpg,catalogue,11,Washing_Machine,,,Washing_Machine,-7715.681977,1112.668506
1_E_3236.jpg,1_E_3236.jpg,catalogue,11,Washing_Machine,,,Washing_Machine,-5410.430887,253.313162
1_E_3237.jpg,1_E_3237.jpg,catalogue,11,Washing_Machine,,,Washing_Machine,-7859.433671,663.097211
1_E_3238.jpg,1_E_3238.jpg,catalogue,11,Washing_Machine,,,Washing_Machine,-7757.191223,739.849032
1_E_3239.jpg,1_E_3239.jpg,catalogue,11,Washing_Machine,,,Washing_Machine,-5834.321137,-52.784978
1_E_3240.jpg,1_E_3240.jpg,catalogue,15,Washing_Machine,,,Washing_Machine,-5356.504088,-551.597937
1_E_3241.jpg,1_E_3241.jpg,catalogue,11,Washing_Machine,,,Washing_Machine,-7744.544250,1052.736579
1_E_3242.jpg,1_E_3242.jpg,catalogue,11,Washing_Machine,,,Washing_Machine,-7501.686114,857.247863
1_E_3243.jpg,1_E_3243.jpg,catalogue,15,Washing_Machine,,,Washing_Machine,-5574.517480,-53.347019
1_E_3244.jpg,1_E_3244.jpg,catalogue,11,Washing_Machine,,,Washing_Machine,-7877.831916,579.860918
1_E_3245.jpg,1_E_3245.jpg,catalogue,15,Washing_Machine,,,Washing_Machine,-5279.901852,-498.735263
1_E_3246.jpg,1_E_3246.jpg,catalogue,11,Washing_Machine,,,Washing_Machine,-7612.648424,1045.876772
1_E_3247.jpg,1_E_3247.jpg,catalogue,11,Washing_Machine,,,Washing_Machine,-6675.405916,746.819751
1_E_3248.jpg,1_E_3248.jpg,catalogue,15,Washing_Machine,,,Washing_Machine,-5339.004574,3.769162
1_E_3249.jpg,1_E_3249.jpg,catalogue,11,Washing_Machine,,,Washing_Machine,-7720.043222,622.955332
1_E_3250.jpg,1_E_3250.jpg,catalogue,11,Washing_Machine,,,Washing_Machine,-7769.600009,613.173208
1_E_3251.jpg,1_E_3251.jpg,catalogue,11,Washing_Machine,,,Washing_Machine,-8075.846755,989.594460
1_E_3252.jpg,1_E_3252.jpg,catalogue,11,Washing_Machine,,,Washing_Machine,-7043.110192,1015.872615
1_E_3253.jpg,1_E_3253.jpg,catalogue,11,Washing_Machine,,,Washing_Machine,-7590.533899,852.571731
1_E_3254.jpg,1_E_3254.jpg,catalogue,11,Washing_Machine,,,Washing_Machine,-7682.578987,850.145434
1_E_3255.jpg,1_E_3255.jpg,catalogue,15,Washing_Machine,,,Washing_Machine,-5373.836799,-475.842696
1_E_3256.jpg,1_E_3256.jpg,catalogue,11,Washing_Machine,,,Washing_Machine,-8023.406749,963.067709
1_E_3257.jpg,1_E_3257.jpg,catalogue,15,Washing_Machine,,,Washing_Machine,-5345.245084,-711.507655
1_E_3258.jpg,1_E_3258.jpg,catalogue,11,Washing_Machine,,,Washing_Machine,-7455.094259,713.544689
1_E_3259.jpg,1_E_3259.jpg,catalogue,15,Washing_Machine,,,Washing_Machine,-5085.078790,-854.583394
1_E_3260.jpg,1_E_3260.jpg,catalogue,11,Washing_Machine,,,Washing_Machine,-7190.471611,1120.382218
1_E_3261.jpg,1_E_3261.jpg,catalogue,15,Washing_Machine,,,Washing_Machine,-5319.658017,-29.677799
1_E_3262.jpg,1_E_3262.jpg,catalogue,11,Washing_Machine,,,Washing_Machine,-6781.222552,1144.245054
1_E_3263.jpg,1_E_3263.jpg,catalogue,11,Washing_Machine,,,Washing_Machine,-7848.105094,765.118829
1_E_3264.jpg,1_E_3264.jpg,catalogue,11,Washing_Machine,,,Washing_Machine,-7737.545456,835.360646
1_E_3265.jpg,1_E_3265.jpg,catalogue,11,Washing_Machine,,,Washing_Machine,-7854.129600,1087.276979
1_E_3266.jpg,1_E_3266.jpg,catalogue,15,Washing_Machine,,,Washing_Machine,-5320.962210,-359.805835
1_E_3267.jpg,1_E_3267.jpg,catalogue,11,Washing_Machine,,,Washing_Machine,-6479.633505,420.564293
1_E_3268.jpg,1_E_3268.jpg,catalogue,11,Washing_Machine,,,Washing_Machine,-7571.633681,1014.160188
1_E_3269.jpg,1_E_3269.jpg,catalogue,11,Washing_Machine,,,Washing_Machine,-8025.624768,802.088387
1_E_3270.jpg,1_E_3270.jpg,catalogue,11,Washing_Machine,,,Washing_Machine,-7665.284135,960.800110
1_E_3271.jpg,1_E_3271.jpg,catalogue,11,Washing_Machine,,,Washing_Machine,-7409.318803,607.302389
1_E_3272.jpg,1_E_3272.jpg,catalogue,11,Washing_Machine,,,Washing_Machine,-8135.885266,627.616824
1_E_3273.jpg,1_E_3273.jpg,catalogue,11,Washing_Machine,,,Washing_Machine,-7869.854668,750.750276
1_E_3274.jpg,1_E_3274.jpg,catalogue,11,Washing_Machine,,,Washing_Machine,-7935.759653,730.010247
1_E_3275.jpg,1_E_3275.jpg,catalogue,11,Washing_Machine,,,Washing_Machine,-7601.949510,917.789588
1_E_3276.jpg,1_E_3276.jpg,catalogue,11,Washing_Machine,,,Washing_Machine,-6722.982874,1034.346396
1_E_3277.jpg,1_E_3277.jpg,catalogue,15,Washing_Machine,,,Washing_Machine,-5652.007859,-82.711767
1_E_3278.jpg,1_E_3278.jpg,catalogue,11,Washing_Machine,,,Washing_Machine,-8030.267787,837.568271
1_E_3279.jpg,1_E_3279.jpg,catalogue,11,Washing_Machine,,,Washing_Machine,-7203.577936,649.887681
1_E_3280.jpg,1_E_3280.jpg,catalogue,11,Washing_Machine,,,Washing_Machine,-7724.845639,729.809371
1_E_3281.jpg,1_E_3281.jpg,catalogue,15,Washing_Machine,,,Washing_Machine,-5927.309574,418.965039
1_E_3282.jpg,1_E_3282.jpg,catalogue,15,Washing_Machine,,,Washing_Machine,-5546.037187,-88.031589
1_E_3283.jpg,1_E_3283.jpg,catalogue,11,Washing_Machine,,,Washing_Machine,-8158.054950,673.944968
1_E_3284.jpg,1_E_3284.jpg,catalogue,13,Washing_Machine,,,Washing_Machine,-5532.347489,3347.834799
1_E_3285.jpg,1_E_3285.jpg,catalogue,11,Washing_Machine,,,Washing_Machine,-7545.070066,748.090479
1_E_3286.jpg,1_E_3286.jpg,catalogue,11,Washing_Machine,,,Washing_Machine,-7441.438331,607.285182
1_E_3287.jpg,1_E_3287.jpg,catalogue,11,Washing_Machine,,,Washing_Machine,-7974.941258,726.363810
1_E_3288.jpg,1_E_3288.jpg,catalogue,11,Washing_Machine,,,Washing_Machine,-7918.077797,899.645918
1_E_3289.jpg,1_E_3289.jpg,catalogue,15,Washing_Machine,,,Washing_Machine,-5749.482993,452.881071
1_E_3290.jpg,1_E_3290.jpg,catalogue,15,Washing_Machine,,,Washing_Machine,-5897.617588,245.135448
1_E_3291.jpg,1_E_3291.jpg,catalogue,11,Washing_Machine,,,Washing_Machine,-7121.802362,1063.713967
1_E_3292.jpg,1_E_3292.jpg,catalogue,15,Washing_Machine,,,Washing_Machine,-5575.811954,-498.575934
1_E_3293.jpg,1_E_3293.jpg,catalogue,11,Washing_Machine,,,Washing_Machine,-7800.249910,895.763562
1_E_3294.jpg,1_E_3294.jpg,catalogue,15,Washing_Machine,,,Washing_Machine,-4998.610625,-544.060870
1_E_3295.jpg,1_E_3295.jpg,catalogue,11,Washing_Machine,,,Washing_Machine,-6790.740032,989.714730
1_E_3296.jpg,1_E_3296.jpg,catalogue,15,Washing_Machine,,,Washing_Machine,-5426.544807,-618.839485
1_E_3297.jpg,1_E_3297.jpg,catalogue,15,Washing_Machine,,,Washing_Machine,-5138.546545,-757.822572
1_E_3298.jpg,1_E_3298.jpg,catalogue,11,Washing_Machine,,,Washing_Machine,-7690.293844,669.219760
1_E_3299.jpg,1_E_3299.jpg,catalogue,15,Washing_Machine,,,Washing_Machine,-5719.130849,-98.956121
1_E_3300.jpg,1_E_3300.jpg,catalogue,11,Washing_Machine,,,Washing_Machine,-7945.657501,882.254570
1_E_3301.jpg,1_E_3301.jpg,catalogue,11,Washing_Machine,,,Washing_Machine,-7826.786246,911.775635
1_E_3302.jpg,1_E_3302.jpg,catalogue,11,Washing_Machine,,,Washing_Machine,-6537.131766,392.980229
1_E_3303.jpg,1_E_3303.jpg,catalogue,11,Washing_Machine,,,Washing_Machine,-8075.890811,677.798621
1_E_3304.jpg,1_E_3304.jpg,catalogue,11,Washing_Machine,,,Washing_Machine,-7611.398520,817.976590
1_E_3305.jpg,1_E_3305.jpg,catalogue,11,Washing_Machine,,,Washing_Machine,-8040.192579,674.357324
1_E_3306.jpg,1_E_3306.jpg,catalogue,15,Washing_Machine,,,Washing_Machine,-5447.226795,-435.643767
1_E_3307.jpg,1_E_3307.jpg,catalogue,15,Washing_Machine,,,Washing_Machine,-5416.980591,-378.179366
1_E_3308.jpg,1_E_3308.jpg,catalogue,15,Washing_Machine,,,Washing_Machine,-5486.680729,-644.395830
1_E_3309.jpg,1_E_3309.jpg,catalogue,11,Washing_Machine,,,Washing_Machine,-7339.729549,976.973204
1_E_3310.jpg,1_E_3310.jpg,catalogue,11,Washing_Machine,,,Washing_Machine,-7805.880682,727.706729
1_E_3311.jpg,1_E_3311.jpg,catalogue,11,Washing_Machine,,,Washing_Machine,-7952.090815,981.461813
1_E_3312.jpg,1_E_3312.jpg,catalogue,11,Washing_Machine,,,Washing_Machine,-6983.880308,1116.309379
1_E_3313.jpg,1_E_3313.jpg,catalogue,11,Washing_Machine,,,Washing_Machine,-7628.974665,894.381714
1_E_3314.jpg,1_E_3314.jpg,catalogue,15,Washing_Machine,,,Washing_Machine,-5537.376955,-28.571240
1_E_3315.jpg,1_E_3315.jpg,catalogue,15,Washing_Machine,,,Washing_Machine,-6030.224393,297.297903
1_E_3316.jpg,1_E_3316.jpg,catalogue,15,Washing_Machine,,,Washing_Machine,-5382.868282,73.070614
1_E_3317.jpg,1_E_3317.jpg,catalogue,11,Washing_Machine,,,Washing_Machine,-8120.470702,771.428428
1_E_3318.jpg,1_E_3318.jpg,catalogue,11,Washing_Machine,,,Washing_Machine,-7003.987602,1413.352640
1_E_3319.jpg,1_E_3319.jpg,catalogue,15,Washing_Machine,,,Washing_Machine,-5284.595242,-240.915087
1_E_3320.jpg,1_E_3320.jpg,catalogue,15,Washing_Machine,,,Washing_Machine,-5014.313559,-297.726442
1_E_3321.jpg,1_E_3321.jpg,catalogue,11,Washing_Machine,,,Washing_Machine,-7935.124517,764.198580
1_E_3322.jpg,1_E_3322.jpg,catalogue,15,Washing_Machine,,,Washing_Machine,-5285.399789,-426.382621
1_E_3323.jpg,1_E_3323.jpg,catalogue,11,Washing_Machine,,,Washing_Machine,-7316.118309,1170.244066
1_E_3324.jpg,1_E_3324.jpg,catalogue,11,Washing_Machine,,,Washing_Machine,-7589.746824,739.671473
1_E_3325.jpg,1_E_3325.jpg,catalogue,11,Washing_Machine,,,Washing_Machine,-7307.854851,1130.876266
1_E_3326.jpg,1_E_3326.jpg,catalogue,11,Washing_Machine,,,Washing_Machine,-7888.749165,885.113010
1_E_3327.jpg,1_E_3327.jpg,catalogue,15,Washing_Machine,,,Washing_Machine,-5893.204606,92.651231
1_E_3328.jpg,1_E_3328.jpg,catalogue,15,Washing_Machine,,,Washing_Machine,-6099.206694,511.948348
1_E_3329.jpg,1_E_3329.jpg,catalogue,15,Washing_Machine,,,Washing_Machine,-5191.928057,-352.106595
1_E_3330.jpg,1_E_3330.jpg,catalogue,11,Washing_Machine,,,Washing_Machine,-5229.245456,272.864009
1_E_3331.jpg,1_E_3331.jpg,catalogue,11,Washing_Machine,,,Washing_Machine,-7719.079083,793.066675
1_E_3332.jpg,1_E_3332.jpg,catalogue,11,Washing_Machine,,,Washing_Machine,-7928.377865,801.914700
1_E_3333.jpg,1_E_3333.jpg,catalogue,15,Washing_Machine,,,Washing_Machine,-5622.437581,-177.544096
1_E_3334.jpg,1_E_3334.jpg,catalogue,15,Washing_Machine,,,Washing_Machine,-5420.505933,-265.437163
1_E_3335.jpg,1_E_3335.jpg,catalogue,15,Washing_Machine,,,Washing_Machine,-5777.273862,47.461185
1_E_3336.jpg,1_E_3336.jpg,catalogue,11,Washing_Machine,,,Washing_Machine,-8054.451499,623.938547
1_E_3337.jpg,1_E_3337.jpg,catalogue,11,Washing_Machine,,,Washing_Machine,-6831.784195,1153.607370
1_E_3338.jpg,1_E_3338.jpg,catalogue,15,Washing_Machine,,,Washing_Machine,-5399.095628,-20.578576
1_E_3339.jpg,1_E_3339.jpg,catalogue,11,Washing_Machine,,,Washing_Machine,-8005.889220,871.048850
1_E_3340.jpg,1_E_3340.jpg,catalogue,15,Washing_Machine,,,Washing_Machine,-5519.956529,-468.369645
1_E_3341.jpg,1_E_3341.jpg,catalogue,11,Washing_Machine,,,Washing_Machine,-6668.574946,1094.443507
1_E_3342.jpg,1_E_3342.jpg,catalogue,11,Washing_Machine,,,Washing_Machine,-7934.785461,547.745409
1_E_3343.jpg,1_E_3343.jpg,catalogue,11,Washing_Machine,,,Washing_Machine,-8222.597104,855.588949
1_E_3344.jpg,1_E_3344.jpg,catalogue,11,Washing_Machine,,,Washing_Machine,-7471.862263,681.176450
1_E_3345.jpg,1_E_3345.jpg,catalogue,13,Washing_Machine,,,Washing_Machine,-3438.005617,1376.004344
1_E_3346.jpg,1_E_3346.jpg,catalogue,11,Washing_Machine,,,Washing_Machine,-7955.959157,635.771641
1_E_3347.jpg,1_E_3347.jpg,catalogue,11,Washing_Machine,,,Washing_Machine,-7627.607859,516.023178
1_E_3348.jpg,1_E_3348.jpg,catalogue,10,Washing_Machine,,,Washing_Machine,-3148.822762,608.146052
1_E_3349.jpg,1_E_3349.jpg,catalogue,11,Washing_Machine,,,Washing_Machine,-6900.396912,993.039546
1_E_3350.jpg,1_E_3350.jpg,catalogue,15,Washing_Machine,,,Washing_Machine,-5443.540155,-155.884006
1_E_3351.jpg,1_E_3351.jpg,catalogue,15,Washing_Machine,,,Washing_Machine,-5526.654646,-584.930489
1_E_3352.jpg,1_E_3352.jpg,catalogue,11,Washing_Machine,,,Washing_Machine,-7945.533636,693.645630
1_E_3354.jpg,1_E_3354.jpg,catalogue,11,Washing_Machine,,,Washing_Machine,-6035.017366,967.077661
1_E_3355.jpg,1_E_3355.jpg,catalogue,15,Washing_Machine,,,Washing_Machine,-5588.176189,-585.699861
1_E_3356.jpg,1_E_3356.jpg,catalogue,11,Washing_Machine,,,Washing_Machine,-5833.952922,592.402330
1_E_3357.jpg,1_E_3357.jpg,catalogue,11,Washing_Machine,,,Washing_Machine,-6884.103689,1074.158026
1_E_3358.jpg,1_E_3358.jpg,catalogue,15,Washing_Machine,,,Washing_Machine,-5694.038619,-26.531364
1_E_3359.jpg,1_E_3359.jpg,catalogue,17,Washing_Machine,,,Washing_Machine,-2244.372745,-1065.708687
1_E_3360.jpg,1_E_3360.jpg,catalogue,11,Washing_Machine,,,Washing_Machine,-8132.128835,850.970579
1_E_3361.jpg,1_E_3361.jpg,catalogue,11,Washing_Machine,,,Washing_Machine,-7439.499527,945.533413
1_E_3362.jpg,1_E_3362.jpg,catalogue,11,Washing_Machine,,,Washing_Machine,-7816.249640,598.711205
1_E_3363.jpg,1_E_3363.jpg,catalogue,15,Washing_Machine,,,Washing_Machine,-5489.393319,-259.359592
1_E_3364.jpg,1_E_3364.jpg,catalogue,15,Washing_Machine,,,Washing_Machine,-5422.672023,25.714451
1_E_3365.jpg,1_E_3365.jpg,catalogue,15,Washing_Machine,,,Washing_Machine,-5618.120834,-39.724299
1_E_3366.jpg,1_E_3366.jpg,catalogue,15,Washing_Machine,,,Washing_Machine,-5155.710198,-711.033108
1_E_3367.jpg,1_E_3367.jpg,catalogue,11,Washing_Machine,,,Washing_Machine,-7070.738084,684.738026
1_E_3368.jpg,1_E_3368.jpg,catalogue,11,Washing_Machine,,,Washing_Machine,-7651.851697,768.102890
1_E_3369.jpg,1_E_3369.jpg,catalogue,15,Washing_Machine,,,Washing_Machine,-5839.478916,16.547475
1_E_3370.jpg,1_E_3370.jpg,catalogue,11,Washing_Machine,,,Washing_Machine,-5093.492655,543.318756
1_E_3371.jpg,1_E_3371.jpg,catalogue,11,Washing_Machine,,,Washing_Machine,-7990.817451,641.658242
1_E_3372.jpg,1_E_3372.jpg,catalogue,11,Washing_Machine,,,Washing_Machine,-8213.348182,932.074913
1_E_3373.jpg,1_E_3373.jpg,catalogue,11,Washing_Machine,,,Washing_Machine,-7624.891145,993.849902
1_E_3374.jpg,1_E_3374.jpg,catalogue,15,Washing_Machine,,,Washing_Machine,-5261.899992,-609.830767
1_E_3375.jpg,1_E_3375.jpg,catalogue,11,Washing_Machine,,,Washing_Machine,-7530.921246,1053.625076
1_E_3376.jpg,1_E_3376.jpg,catalogue,11,Washing_Machine,,,Washing_Machine,-7832.514506,961.545669
1_E_3377.jpg,1_E_3377.jpg,catalogue,11,Washing_Machine,,,Washing_Machine,-7845.297249,800.421146
1_E_3378.jpg,1_E_3378.jpg,catalogue,15,Washing_Machine,,,Washing_Machine,-5706.959190,124.839456
1_E_3379.jpg,1_E_3379.jpg,catalogue,11,Washing_Machine,,,Washing_Machine,-7942.672444,838.468737
1_E_3380.jpg,1_E_3380.jpg,catalogue,15,Washing_Machine,,,Washing_Machine,-5588.510474,-527.245028
1_E_3381.jpg,1_E_3381.jpg,catalogue,15,Washing_Machine,,,Washing_Machine,-4376.541190,-655.808013
1_E_3382.jpg,1_E_3382.jpg,catalogue,11,Washing_Machine,,,Washing_Machine,-8189.991844,678.570976
1_E_3383.jpg,1_E_3383.jpg,catalogue,11,Washing_Machine,,,Washing_Machine,-8097.436013,920.933058
1_E_3384.jpg,1_E_3384.jpg,catalogue,11,Washing_Machine,,,Washing_Machine,-7890.718730,840.573316
1_E_3385.jpg,1_E_3385.jpg,catalogue,11,Washing_Machine,,,Washing_Machine,-6914.932194,1507.362981
1_E_3386.jpg,1_E_3386.jpg,catalogue,11,Washing_Machine,,,Washing_Machine,-6813.462006,920.857642
1_E_3387.jpg,1_E_3387.jpg,catalogue,11,Washing_Machine,,,Washing_Machine,-7819.336715,1067.125992
1_E_3388.jpg,1_E_3388.jpg,catalogue,11,Washing_Machine,,,Washing_Machine,-7131.949963,1218.288217
1_E_3389.jpg,1_E_3389.jpg,catalogue,15,Washing_Machine,,,Washing_Machine,-5143.680321,-580.998519
1_E_3390.jpg,1_E_3390.jpg,catalogue,15,Washing_Machine,,,Washing_Machine,-5260.817188,-292.463009
1_E_3391.jpg,1_E_3391.jpg,catalogue,15,Washing_Machine,,,Washing_Machine,-4824.127379,-552.091217
1_E_3392.jpg,1_E_3392.jpg,catalogue,11,Washing_Machine,,,Washing_Machine,-7957.266350,822.880931
1_E_3393.jpg,1_E_3393.jpg,catalogue,15,Washing_Machine,,,Washing_Machine,-5477.431544,-512.415000
1_E_3394.jpg,1_E_3394.jpg,catalogue,15,Washing_Machine,,,Washing_Machine,-5492.901811,-105.314997
1_E_3395.jpg,1_E_3395.jpg,catalogue,15,Washing_Machine,,,Washing_Machine,-5670.015433,-2.271617
1_E_3396.jpg,1_E_3396.jpg,catalogue,15,Washing_Machine,,,Washing_Machine,-5215.659087,-105.640559
1_E_3397.jpg,1_E_3397.jpg,catalogue,15,Washing_Machine,,,Washing_Machine,-5392.411044,-131.462239
1_E_3398.jpg,1_E_3398.jpg,catalogue,15,Washing_Machine,,,Washing_Machine,-5052.227374,-468.845235
1_E_3399.jpg,1_E_3399.jpg,catalogue,11,Washing_Machine,,,Washing_Machine,-7944.384497,945.068719
1_E_3400.jpg,1_E_3400.jpg,catalogue,11,Washing_Machine,,,Washing_Machine,-8062.252241,541.843283
1_E_3401.jpg,1_E_3401.jpg,catalogue,11,Washing_Machine,,,Washing_Machine,-7292.534897,661.340647
1_E_3402.jpg,1_E_3402.jpg,catalogue,11,Washing_Machine,,,Washing_Machine,-7866.727811,685.594754
1_E_3403.jpg,1_E_3403.jpg,catalogue,15,Washing_Machine,,,Washing_Machine,-6248.458876,576.196834
1_E_3404.jpg,1_E_3404.jpg,catalogue,15,Washing_Machine,,,Washing_Machine,-5799.304586,-44.084653
1_E_3405.jpg,1_E_3405.jpg,catalogue,15,Washing_Machine,,,Washing_Machine,-5190.682811,-500.700432
1_E_3406.jpg,1_E_3406.jpg,catalogue,11,Washing_Machine,,,Washing_Machine,-7493.202865,926.733591
1_E_3407.jpg,1_E_3407.jpg,catalogue,11,Washing_Machine,,,Washing_Machine,-7050.919702,1216.329205
1_E_3409.jpg,1_E_3409.jpg,catalogue,11,Washing_Machine,,,Washing_Machine,-7821.654813,828.083031
1_E_3410.jpg,1_E_3410.jpg,catalogue,11,Washing_Machine,,,Washing_Machine,-7242.189149,1025.509555
1_E_3411.jpg,1_E_3411.jpg,catalogue,15,Washing_Machine,,,Washing_Machine,-5367.481394,-677.604121
1_E_3412.jpg,1_E_3412.jpg,catalogue,11,Washing_Machine,,,Washing_Machine,-6720.598658,504.241565
1_E_3413.jpg,1_E_3413.jpg,catalogue,11,Washing_Machine,,,Washing_Machine,-8070.220534,855.337230
1_E_3414.jpg,1_E_3414.jpg,catalogue,11,Washing_Machine,,,Washing_Machine,-7569.152335,1096.946790
1_E_3415.jpg,1_E_3415.jpg,catalogue,13,Washing_Machine,,,Washing_Machine,-4338.757184,2001.241347
1_E_3417.jpg,1_E_3417.jpg,catalogue,11,Washing_Machine,,,Washing_Machine,-8031.194102,757.571606
1_E_3418.jpg,1_E_3418.jpg,catalogue,15,Washing_Machine,,,Washing_Machine,-5389.121316,-263.012868
1_E_3419.jpeg,1_E_3419.jpg,scraped,17,,Mouse,0.733333,Mouse,-763.575771,-1284.049529
1_E_3420.jpeg,1_E_3420.jpg,scraped,17,,Printer,0.400000,,-523.398149,-1076.902641
1_E_3421.jpeg,1_E_3421.jpg,scraped,17,,Mouse,0.333333,,-404.879439,-1152.353357
1_E_3422.jpeg,1_E_3422.jpg,scraped,17,,Mouse,0.466667,,-647.612349,-1088.606461
1_E_3423.jpeg,1_E_3423.jpg,scraped,17,,Mouse,0.333333,,-610.961997,-1088.368622
1_E_3424.jpeg,1_E_3424.jpg,scraped,17,,Mouse,0.933333,Mouse,-662.096656,-1166.347157
1_E_3425.jpeg,1_E_3425.jpg,scraped,17,,Mouse,0.933333,Mouse,-587.770667,-1186.364469
1_E_3426.jpeg,1_E_3426.jpg,scraped,17,,Washing_Machine,0.333333,,-1091.612810,-1108.263202
1_E_3427.jpeg,1_E_3427.jpg,scraped,17,,Mouse,0.600000,Mouse,-499.149983,-1111.174289
1_E_3428.jpeg,1_E_3428.jpg,scraped,17,,Mobile,0.266667,,-451.685726,-956.256112
1_E_3429.jpeg,1_E_3429.jpg,scraped,17,,Microwave,0.333333,,-555.927438,-1120.850534
1_E_3430.jpeg,1_E_3430.jpg,scraped,17,,Mouse,0.466667,,-559.450502,-1091.326405
1_E_3431.jpeg,1_E_3431.jpg,scraped,17,,Mouse,0.933333,Mouse,-685.380562,-1191.708602
1_E_3432.jpeg,1_E_3432.jpg,scraped,17,,Mouse,0.466667,,-587.694796,-1097.320561
1_E_3433.jpeg,1_E_3433.jpg,scraped,17,,Mouse,0.466667,,-464.035649,-1111.019389
1_E_3434.jpeg,1_E_3434.jpg,scraped,17,,Mouse,0.400000,,-529.610942,-1132.400466
1_E_3435.jpeg,1_E_3435.jpg,scraped,17,,Mouse,0.600000,Mouse,-394.441534,-1107.774384
1_E_3436.jpeg,1_E_3436.jpg,scraped,17,,Keyboard,0.266667,,-468.142579,-1241.447492
1_E_3437.jpeg,1_E_3437.jpg,scraped,17,,Mouse,1.000000,Mouse,-584.749105,-1152.572377
1_E_3438.jpeg,1_E_3438.jpg,scraped,17,,Mouse,0.733333,Mouse,-494.550494,-1201.895422
1_E_3439.jpeg,1_E_3439.jpg,scraped,17,,Mouse,0.866667,Mouse,-629.432751,-1174.715770
1_E_3440.jpeg,1_E_3440.jpg,scraped,17,,pcb,0.333333,,-565.228932,-1031.561065
1_E_3441.jpeg,1_E_3441.jpg,scraped,17,,Washing_Machine,0.333333,,-1061.297619,-1086.617292
1_E_3442.jpeg,1_E_3442.jpg,scraped,17,,Mouse,0.333333,,-609.609839,-1044.152333
1_E_3443.jpeg,1_E_3443.jpg,scraped,17,,Mouse,0.400000,,-725.259190,-1074.515334
1_E_3444.jpeg,1_E_3444.jpg,scraped,17,,Mouse,0.666667,Mouse,-867.226438,-1056.448412
1_E_3445.jpeg,1_E_3445.jpg,scraped,17,,Washing_Machine,0.533333,,-1394.531268,-939.461019
1_E_3446.jpg,1_E_3446.jpg,scraped,7,,Television,1.000000,Television,3786.183546,2488.242542
1_E_3447.jpg,1_E_3447.jpg,scraped,1,,pcb,0.800000,pcb,356.838105,-1011.859572
1_E_3448.jpg,1_E_3448.jpg,scraped,4,,Mobile,0.733333,Mobile,4808.556723,88.435557
1_E_3449.jpg,1_E_3449.jpg,scraped,0,,Printer,1.000000,Printer,-634.796379,1052.264801
1_E_3450.jpg,1_E_3450.jpg,scraped,2,,Mobile,1.000000,Mobile,5069.671192,1365.541518
1_E_3451.jpg,1_E_3451.jpg,catalogue,8,battery,,,battery,-1232.482083,-2389.082166
1_E_3452.jpg,1_E_3452.jpg,catalogue,8,battery,,,battery,-602.174119,-2400.492239
1_E_3453.jpg,1_E_3453.jpg,catalogue,8,battery,,,battery,-1544.783018,-2861.443865
1_E_3454.jpg,1_E_3454.jpg,catalogue,8,battery,,,battery,-563.341443,-2273.149108
1_E_3455.jpg,1_E_3455.jpg,catalogue,8,battery,,,battery,-369.850559,-1972.728919
1_E_3457.jpg,1_E_3457.jpg,catalogue,8,battery,,,battery,-1164.376572,-2485.525486
1_E_3458.jpg,1_E_3458.jpg,catalogue,8,battery,,,battery,-1328.104129,-2875.084897
1_E_3459.jpg,1_E_3459.jpg,catalogue,8,battery,,,battery,-789.288673,-2349.672187
1_E_3460.jpg,1_E_3460.jpg,catalogue,18,battery,,,battery,-3197.475431,-1059.073006
1_E_3461.jpg,1_E_3461.jpg,catalogue,18,battery,,,battery,-2494.795216,-1246.012981
1_E_3462.jpg,1_E_3462.jpg,catalogue,18,battery,,,battery,-2423.730721,-1570.160226
1_E_3463.jpg,1_E_3463.jpg,catalogue,8,battery,,,battery,-1115.820012,-2419.386982
1_E_3464.jpg,1_E_3464.jpg,catalogue,8,battery,,,battery,-1362.822181,-2377.611091
1_E_3465.jpg,1_E_3465.jpg,catalogue,8,battery,,,battery,-1150.552774,-2720.750429
1_E_3466.jpg,1_E_3466.jpg,catalogue,8,battery,,,battery,-610.937023,-2245.730759
1_E_3467.jpg,1_E_3467.jpg,catalogue,8,battery,,,battery,-750.725538,-2469.723797
1_E_3468.jpg,1_E_3468.jpg,catalogue,18,battery,,,battery,-2643.523516,-1389.265667
1_E_3469.jpg,1_E_3469.jpg,catalogue,8,battery,,,battery,302.445572,-1512.001416
1_E_3470.jpg,1_E_3470.jpg,catalogue,8,battery,,,battery,-100.318914,-1876.254372
1_E_3471.jpg,1_E_3471.jpg,catalogue,18,battery,,,battery,-2662.249200,-1423.173812
1_E_3472.jpg,1_E_3472.jpg,catalogue,8,battery,,,battery,-1253.813262,-2935.623523
1_E_3473.jpg,1_E_3473.jpg,catalogue,8,battery,,,battery,-351.351997,-1927.826447
1_E_3474.jpg,1_E_3474.jpg,catalogue,8,battery,,,battery,-887.748458,-2315.976908
1_E_3475.jpg,1_E_3475.jpg,catalogue,8,battery,,,battery,-1148.466866,-2794.544353
1_E_3476.jpg,1_E_3476.jpg,catalogue,8,battery,,,battery,-636.809260,-2450.831128
1_E_3477.jpg,1_E_3477.jpg,catalogue,8,battery,,,battery,-935.893537,-2406.754034
1_E_3478.jpg,1_E_3478.jpg,catalogue,8,battery,,,battery,106.706821,-1758.519447
1_E_3479.jpg,1_E_3479.jpg,catalogue,8,battery,,,battery,-225.141952,-1962.096127
1_E_3480.jpg,1_E_3480.jpg,catalogue,8,battery,,,battery,-318.387954,-1945.661333
1_E_3481.jpg,1_E_3481.jpg,catalogue,8,battery,,,battery,295.188744,-1632.638164
1_E_3482.jpg,1_E_3482.jpg,catalogue,8,battery,,,battery,-304.537289,-1992.089801
1_E_3483.jpg,1_E_3483.jpg,catalogue,8,battery,,,battery,754.032442,-1281.726815
1_E_3484.jpg,1_E_3484.jpg,catalogue,8,battery,,,battery,-1807.027059,196.042365
1_E_3485.jpg,1_E_3485.jpg,catalogue,8,battery,,,battery,-83.372354,-1578.277727
1_E_3486.jpg,1_E_3486.jpg,catalogue,8,battery,,,battery,-879.397527,-2360.974272
1_E_3487.jpg,1_E_3487.jpg,catalogue,18,battery,,,battery,-2774.106900,-1417.724939
1_E_3488.jpg,1_E_3488.jpg,catalogue,8,battery,,,battery,-914.815771,-2257.090804
1_E_3489.jpg,1_E_3489.jpg,catalogue,8,battery,,,battery,-1499.588984,-2870.026142
1_E_3490.jpg,1_E_3490.jpg,catalogue,18,battery,,,battery,-3400.220903,-880.675648
1_E_3491.jpg,1_E_3491.jpg,catalogue,8,battery,,,battery,-913.600864,-2285.988615
1_E_3492.jpg,1_E_3492.jpg,catalogue,18,battery,,,battery,-2616.350271,-1445.080960
1_E_3493.jpg,1_E_3493.jpg,catalogue,8,battery,,,battery,-970.640894,-2393.602637
1_E_3494.jpg,1_E_3494.jpg,catalogue,8,battery,,,battery,-417.000080,-1954.973495
1_E_3495.jpg,1_E_3495.jpg,catalogue,18,battery,,,battery,-2727.172070,-1454.826657
1_E_3496.jpg,1_E_3496.jpg,catalogue,8,battery,,,battery,-202.887555,-1845.879008
1_E_3497.jpg,1_E_3497.jpg,catalogue,18,battery,,,battery,-2892.354770,-1164.519524
1_E_3498.jpg,1_E_3498.jpg,catalogue,15,battery,,,battery,-4354.779970,-746.872550
1_E_3499.jpg,1_E_3499.jpg,catalogue,8,battery,,,battery,715.155062,-1306.691009
1_E_3500.jpg,1_E_3500.jpg,catalogue,8,battery,,,battery,-18.346555,-1728.044649
1_E_3501.jpg,1_E_3501.jpg,catalogue,8,battery,,,battery,-628.599955,-2282.320536
1_E_3502.jpg,1_E_3502.jpg,catalogue,8,battery,,,battery,-790.279894,-2267.192424
1_E_3503.jpg,1_E_3503.jpg,catalogue,8,battery,,,battery,-809.751744,-2426.965121
1_E_3504.jpg,1_E_3504.jpg,catalogue,8,battery,,,battery,-449.335614,-1905.924210
1_E_3505.jpg,1_E_3505.jpg,catalogue,8,battery,,,battery,-1393.389162,-2938.029663
1_E_3506.jpg,1_E_3506.jpg,catalogue,8,battery,,,battery,-300.365309,-2223.086411
1_E_3507.jpg,1_E_3507.jpg,catalogue,8,battery,,,battery,-378.156807,-1926.555189
1_E_3508.jpg,1_E_3508.jpg,catalogue,8,battery,,,battery,-2151.180805,-1991.251737
1_E_3509.jpg,1_E_3509.jpg,catalogue,8,battery,,,battery,-497.597151,-1395.247005
1_E_3510.jpg,1_E_3510.jpg,catalogue,8,battery,,,battery,-11.676652,-1794.044706
1_E_3511.jpg,1_E_3511.jpg,catalogue,8,battery,,,battery,-481.156842,-2285.319496
1_E_3512.jpg,1_E_3512.jpg,catalogue,8,battery,,,battery,-1667.061402,-2594.312253
1_E_3513.jpg,1_E_3513.jpg,catalogue,8,battery,,,battery,-737.944229,-2409.525711
1_E_3514.jpg,1_E_3514.jpg,catalogue,8,battery,,,battery,-1169.372195,-2892.144610
1_E_3515.jpg,1_E_3515.jpg,catalogue,8,battery,,,battery,-653.008123,-2643.173017
1_E_3516.jpg,1_E_3516.jpg,catalogue,18,battery,,,battery,-2637.559752,-1272.572695
1_E_3517.jpg,1_E_3517.jpg,catalogue,8,battery,,,battery,847.980876,-1234.266256
1_E_3518.jpg,1_E_3518.jpg,catalogue,8,battery,,,battery,-1064.796649,-2689.974452
1_E_3519.jpg,1_E_3519.jpg,catalogue,8,battery,,,battery,-56.618701,-1732.440017
1_E_3520.jpg,1_E_3520.jpg,catalogue,8,battery,,,battery,-1445.964617,-2926.687665
1_E_3521.jpg,1_E_3521.jpg,catalogue,18,battery,,,battery,-2127.792308,-1006.178514
1_E_3522.jpg,1_E_3522.jpg,catalogue,8,battery,,,battery,-722.449974,-2437.850764
1_E_3523.jpg,1_E_3523.jpg,catalogue,8,battery,,,battery,-1568.787092,-2859.765190
1_E_3524.jpg,1_E_3524.jpg,catalogue,18,battery,,,battery,-2718.325435,-1316.741957
1_E_3525.jpg,1_E_3525.jpg,catalogue,8,battery,,,battery,-1304.612608,-2858.013660
1_E_3526.jpg,1_E_3526.jpg,catalogue,18,battery,,,battery,-2870.743241,-1095.728968
1_E_3527.jpg,1_E_3527.jpg,catalogue,18,battery,,,battery,-2676.253854,-1532.169262
1_E_3528.jpg,1_E_3528.jpg,catalogue,8,battery,,,battery,1666.015227,-772.938963
1_E_3529.jpg,1_E_3529.jpg,catalogue,8,battery,,,battery,-43.610136,-1535.009661
1_E_3530.jpg,1_E_3530.jpg,catalogue,18,battery,,,battery,-2697.976240,-1248.995131
1_E_3531.jpg,1_E_3531.jpg,catalogue,8,battery,,,battery,-1681.559459,-2644.355184
1_E_3532.jpg,1_E_3532.jpg,catalogue,8,battery,,,battery,-1288.609263,-2956.286683
1_E_3533.jpg,1_E_3533.jpg,catalogue,8,battery,,,battery,-510.872251,-2046.382864
1_E_3534.jpg,1_E_3534.jpg,catalogue,18,battery,,,battery,-2676.295490,-1379.818239
1_E_3535.jpg,1_E_3535.jpg,catalogue,8,battery,,,battery,-1468.670711,-2929.852888
1_E_3536.jpg,1_E_3536.jpg,catalogue,8,battery,,,battery,-1236.729193,-2896.669652
1_E_3537.jpg,1_E_3537.jpg,catalogue,8,battery,,,battery,-600.464633,-2113.640323
1_E_3538.jpg,1_E_3538.jpg,catalogue,8,battery,,,battery,-1581.149706,-2634.110802
1_E_3539.jpg,1_E_3539.jpg,catalogue,8,battery,,,battery,-539.640650,-1978.937871
1_E_3540.jpg,1_E_3540.jpg,catalogue,8,battery,,,battery,-1547.141741,-2896.804829
1_E_3541.jpg,1_E_3541.jpg,catalogue,8,battery,,,battery,1680.593404,-1558.123866
1_E_3542.jpg,1_E_3542.jpg,catalogue,8,battery,,,battery,-1003.733464,-2474.914218
1_E_3543.jpg,1_E_3543.jpg,catalogue,8,battery,,,battery,-242.587864,-1494.553821
1_E_3544.jpg,1_E_3544.jpg,catalogue,8,battery,,,battery,-1266.455950,-2893.395029
1_E_3545.jpg,1_E_3545.jpg,catalogue,8,battery,,,battery,-394.023145,-1855.576245
1_E_3546.jpg,1_E_3546.jpg,catalogue,8,battery,,,battery,-1081.325884,-2473.247142
1_E_3547.jpg,1_E_3547.jpg,catalogue,8,battery,,,battery,-395.193463,-1240.078728
1_E_3548.jpg,1_E_3548.jpg,catalogue,8,battery,,,battery,-49.208132,-1784.886655
1_E_3549.jpg,1_E_3549.jpg,catalogue,8,battery,,,battery,-830.701517,-2480.250033
1_E_3550.jpg,1_E_3550.jpg,catalogue,8,battery,,,battery,-1528.139358,-2483.673197
1_E_3551.jpg,1_E_3551.jpg,catalogue,8,battery,,,battery,-460.889109,-1979.207641
1_E_3552.jpg,1_E_3552.jpg,catalogue,8,battery,,,battery,-1291.580969,-2920.106833
1_E_3553.jpg,1_E_3553.jpg,catalogue,8,battery,,,battery,419.416637,-2380.126628
1_E_3554.jpg,1_E_3554.jpg,catalogue,8,battery,,,battery,-111.243899,-1797.596200
1_E_3555.jpg,1_E_3555.jpg,catalogue,18,battery,,,battery,-2685.297697,-1463.175163
1_E_3556.jpg,1_E_3556.jpg,catalogue,8,battery,,,battery,-1423.438491,-2896.549117
1_E_3557.jpg,1_E_3557.jpg,catalogue,8,battery,,,battery,-1589.427069,-2674.535922
1_E_3559.jpg,1_E_3559.jpg,catalogue,8,battery,,,battery,-459.066195,-2027.569232
1_E_3560.jpg,1_E_3560.jpg,catalogue,8,battery,,,battery,-771.059037,-2447.426679
1_E_3561.jpg,1_E_3561.jpg,catalogue,8,battery,,,battery,-1130.217559,-2486.359712
1_E_3562.jpg,1_E_3562.jpg,catalogue,18,battery,,,battery,-2653.673962,-1516.716920
1_E_3563.jpg,1_E_3563.jpg,catalogue,18,battery,,,battery,-3202.965474,-663.705658
1_E_3564.jpg,1_E_3564.jpg,catalogue,8,battery,,,battery,311.420568,-2447.292949
1_E_3565.jpg,1_E_3565.jpg,catalogue,8,battery,,,battery,-1257.405550,-2598.802844
1_E_3566.jpg,1_E_3566.jpg,catalogue,18,battery,,,battery,-2606.691846,-1269.742982
1_E_3567.jpg,1_E_3567.jpg,catalogue,18,battery,,,battery,-2659.991751,-1220.281148
1_E_3568.jpg,1_E_3568.jpg,catalogue,8,battery,,,battery,-1365.318568,-2899.638903
1_E_3569.jpg,1_E_3569.jpg,catalogue,8,battery,,,battery,-1166.785068,-2402.579806
1_E_3570.jpg,1_E_3570.jpg,catalogue,8,battery,,,battery,-978.647885,-2562.807148
1_E_3571.jpg,1_E_3571.jpg,catalogue,8,battery,,,battery,-76.982105,-1699.175638
1_E_3572.jpg,1_E_3572.jpg,catalogue,8,battery,,,battery,-1194.457026,-2803.970360
1_E_3573.jpg,1_E_3573.jpg,catalogue,8,battery,,,battery,-212.319295,-1817.090846
1_E_3574.jpg,1_E_3574.jpg,catalogue,18,battery,,,battery,-2902.652591,-1311.715084
1_E_3575.jpg,1_E_3575.jpg,catalogue,18,battery,,,battery,-2584.344933,-1522.537053
1_E_3576.jpg,1_E_3576.jpg,catalogue,8,battery,,,battery,-1391.668454,-1996.762385
1_E_3577.jpg,1_E_3577.jpg,catalogue,8,battery,,,battery,-181.430808,-1969.099922
1_E_3578.jpg,1_E_3578.jpg,catalogue,8,battery,,,battery,-81.095386,-1366.043888
1_E_3579.jpg,1_E_3579.jpg,catalogue,8,battery,,,battery,-682.130210,-2456.401512
1_E_3580.jpg,1_E_3580.jpg,catalogue,18,battery,,,battery,-2452.508184,-1069.763957
1_E_3581.jpg,1_E_3581.jpg,catalogue,8,battery,,,battery,240.012917,-1597.300628
1_E_3582.jpg,1_E_3582.jpg,catalogue,18,battery,,,battery,-2728.071664,-1398.956522
1_E_3583.jpg,1_E_3583.jpg,catalogue,8,battery,,,battery,-839.210220,-2339.874043
1_E_3584.jpg,1_E_3584.jpg,catalogue,8,battery,,,battery,-253.763411,-2000.924404
1_E_3585.jpg,1_E_3585.jpg,catalogue,8,battery,,,battery,-1499.967098,-2838.164382
1_E_3586.jpg,1_E_3586.jpg,catalogue,8,battery,,,battery,-258.395888,-1846.020944
1_E_3587.jpg,1_E_3587.jpg,catalogue,8,battery,,,battery,-1026.003469,-2420.741227
1_E_3588.jpg,1_E_3588.jpg,catalogue,18,battery,,,battery,-2663.087540,-1493.198896
1_E_3589.jpg,1_E_3589.jpg,catalogue,8,battery,,,battery,-770.545060,-2393.124168
1_E_3590.jpg,1_E_3590.jpg,catalogue,8,battery,,,battery,-56.305184,-1804.162767
1_E_3591.jpg,1_E_3591.jpg,catalogue,8,battery,,,battery,-94.346084,-1811.909414
1_E_3592.jpg,1_E_3592.jpg,catalogue,8,battery,,,battery,-260.257128,-1908.394288
1_E_3593.jpg,1_E_3593.jpg,catalogue,8,battery,,,battery,-841.270528,-2406.288110
1_E_3594.jpg,1_E_3594.jpg,catalogue,8,battery,,,battery,-419.853581,-2042.146144
1_E_3595.jpg,1_E_3595.jpg,catalogue,8,battery,,,battery,-753.193530,-2318.439933
1_E_3596.jpg,1_E_3596.jpg,catalogue,8,battery,,,battery,-754.175095,-2515.315052
1_E_3597.jpg,1_E_3597.jpg,catalogue,8,battery,,,battery,-1394.699027,-2878.981281
1_E_3598.jpg,1_E_3598.jpg,catalogue,8,battery,,,battery,-158.366719,-1814.577626
1_E_3599.jpg,1_E_3599.jpg,catalogue,8,battery,,,battery,-1192.260953,-2850.244119
1_E_3600.jpg,1_E_3600.jpg,catalogue,8,battery,,,battery,-798.301022,-2315.550178
1_E_3601.jpg,1_E_3601.jpg,catalogue,8,battery,,,battery,-635.731153,-2391.633305
1_E_3603.jpg,1_E_3603.jpg,catalogue,8,battery,,,battery,-44.471322,-1897.613611
1_E_3604.jpg,1_E_3604.jpg,catalogue,8,battery,,,battery,-1209.489605,-2876.200090
1_E_3605.jpg,1_E_3605.jpg,catalogue,18,battery,,,battery,-2754.008705,-1319.445409
1_E_3606.jpg,1_E_3606.jpg,catalogue,8,battery,,,battery,-1058.368183,-2257.809381
1_E_3607.jpg,1_E_3607.jpg,catalogue,8,battery,,,battery,-1429.464478,-2952.103879
1_E_3608.jpg,1_E_3608.jpg,catalogue,8,battery,,,battery,-1046.608000,-2776.869468
1_E_3609.jpg,1_E_3609.jpg,catalogue,8,battery,,,battery,-1195.787619,-2465.092204
1_E_3610.jpg,1_E_3610.jpg,catalogue,18,battery,,,battery,-2550.204854,-1380.498231
1_E_3611.jpg,1_E_3611.jpg,catalogue,8,battery,,,battery,-328.646313,-1980.769960
1_E_3612.jpg,1_E_3612.jpg,catalogue,18,battery,,,battery,-1977.861075,-1670.062960
1_E_3613.jpg,1_E_3613.jpg,catalogue,8,battery,,,battery,-652.113810,-2229.559264
1_E_3614.jpg,1_E_3614.jpg,catalogue,8,battery,,,battery,-439.936531,-1757.989961
1_E_3615.jpg,1_E_3615.jpg,catalogue,8,battery,,,battery,-300.021210,-2154.519891
1_E_3616.jpg,1_E_3616.jpg,catalogue,8,battery,,,battery,-1555.798464,-2656.622016
1_E_3617.jpg,1_E_3617.jpg,catalogue,8,battery,,,battery,42.074347,-1923.698655
1_E_3618.jpg,1_E_3618.jpg,catalogue,18,battery,,,battery,-2526.854490,-1514.038148
1_E_3620.jpg,1_E_3620.jpg,catalogue,8,battery,,,battery,-367.727107,-2026.111057
1_E_3621.jpg,1_E_3621.jpg,catalogue,8,battery,,,battery,-139.142712,-1889.580641
1_E_3622.jpg,1_E_3622.jpg,catalogue,8,battery,,,battery,-1218.234467,-2836.626083
1_E_3623.jpg,1_E_3623.jpg,catalogue,8,battery,,,battery,-1345.159866,-2822.247777
1_E_3624.jpg,1_E_3624.jpg,catalogue,8,battery,,,battery,-1234.032398,-2436.534131
1_E_3625.jpg,1_E_3625.jpg,catalogue,8,battery,,,battery,-911.495297,-2515.470844
1_E_3626.jpg,1_E_3626.jpg,catalogue,8,battery,,,battery,-465.428566,-2192.770734
1_E_3627.jpg,1_E_3627.jpg,catalogue,8,battery,,,battery,-116.890388,-1757.072822
1_E_3628.jpg,1_E_3628.jpg,catalogue,8,battery,,,battery,-1566.079195,-2741.204520
1_E_3629.jpg,1_E_3629.jpg,catalogue,18,battery,,,battery,-2802.777897,-1300.331156
1_E_3630.jpg,1_E_3630.jpg,catalogue,8,battery,,,battery,-644.066518,-2490.620985
1_E_3632.jpg,1_E_3632.jpg,catalogue,8,battery,,,battery,-324.582057,-1889.112072
1_E_3633.jpg,1_E_3633.jpg,catalogue,8,battery,,,battery,-1563.497934,-2347.943941
1_E_3634.jpg,1_E_3634.jpg,catalogue,8,battery,,,battery,805.492828,-1209.509323
1_E_3635.jpg,1_E_3635.jpg,catalogue,8,battery,,,battery,-1321.581025,-2948.326087
1_E_3636.jpg,1_E_3636.jpg,catalogue,8,battery,,,battery,-683.434825,-2408.893360
1_E_3637.jpg,1_E_3637.jpg,catalogue,8,battery,,,battery,321.141518,-1659.662038
1_E_3638.jpg,1_E_3638.jpg,catalogue,8,battery,,,battery,-569.481572,-2331.505323
1_E_3639.jpg,1_E_3639.jpg,catalogue,8,battery,,,battery,-585.588277,-2366.069149
1_E_3640.jpg,1_E_3640.jpg,catalogue,18,battery,,,battery,-3364.755945,-1058.797921
1_E_3641.jpg,1_E_3641.jpg,catalogue,8,battery,,,battery,-23.685078,-1678.683753
1_E_3642.jpg,1_E_3642.jpg,catalogue,18,battery,,,battery,-2608.450668,-1394.922065
1_E_3643.jpg,1_E_3643.jpg,catalogue,8,battery,,,battery,-181.572821,-1901.601031
1_E_3644.jpg,1_E_3644.jpg,catalogue,8,battery,,,battery,-865.369070,-2242.272759
1_E_3645.jpg,1_E_3645.jpg,catalogue,8,battery,,,battery,-78.479711,-1661.104852
1_E_3646.jpg,1_E_3646.jpg,catalogue,8,battery,,,battery,-1595.557237,-2830.762907
1_E_3647.jpg,1_E_3647.jpg,catalogue,8,battery,,,battery,-230.816286,-1899.236888
1_E_3648.jpg,1_E_3648.jpg,catalogue,8,battery,,,battery,-776.970904,-2509.965337
1_E_3649.jpg,1_E_3649.jpg,catalogue,8,battery,,,battery,-1533.682711,-2783.517248
1_E_3650.jpg,1_E_3650.jpg,catalogue,18,battery,,,battery,-2857.214502,-1185.916171
1_E_3651.jpg,1_E_3651.jpg,catalogue,8,battery,,,battery,-313.503856,-2021.581741
1_E_3652.jpg,1_E_3652.jpg,catalogue,8,battery,,,battery,-343.890977,-1818.602265
1_E_3653.jpg,1_E_3653.jpg,catalogue,8,battery,,,battery,-605.837615,-1753.644621
1_E_3654.jpg,1_E_3654.jpg,catalogue,18,battery,,,battery,-2589.615943,-1446.859059
1_E_3655.jpg,1_E_3655.jpg,catalogue,8,battery,,,battery,-1164.450068,-2453.160845
1_E_3656.jpg,1_E_3656.jpg,catalogue,8,battery,,,battery,-208.946974,-1893.693699
1_E_3657.jpg,1_E_3657.jpg,catalogue,8,battery,,,battery,-193.346185,-1748.855046
1_E_3658.jpg,1_E_3658.jpg,catalogue,8,battery,,,battery,-998.568018,-2438.839311
1_E_3659.jpg,1_E_3659.jpg,catalogue,8,battery,,,battery,-217.041962,-1493.642420
1_E_3660.jpg,1_E_3660.jpg,catalogue,8,battery,,,battery,-944.144285,-2332.893132
1_E_3661.jpg,1_E_3661.jpg,catalogue,8,battery,,,battery,61.205037,-1636.749143
1_E_3662.jpg,1_E_3662.jpg,catalogue,8,battery,,,battery,-825.084045,-2447.656088
1_E_3663.jpg,1_E_3663.jpg,catalogue,8,battery,,,battery,-663.866618,-2317.545505
1_E_3664.jpg,1_E_3664.jpg,catalogue,8,battery,,,battery,-638.684239,-1816.432238
1_E_3665.jpg,1_E_3665.jpg,catalogue,8,battery,,,battery,-1254.595931,-2697.131946
1_E_3666.jpg,1_E_3666.jpg,catalogue,8,battery,,,battery,-983.294211,-2347.311906
1_E_3667.jpg,1_E_3667.jpg,catalogue,8,battery,,,battery,-653.350105,-2047.164692
1_E_3668.jpg,1_E_3668.jpg,catalogue,8,battery,,,battery,-64.397827,-1855.597526
1_E_3669.jpg,1_E_3669.jpg,catalogue,8,battery,,,battery,-699.313527,-2511.192322
1_E_3670.jpg,1_E_3670.jpg,scraped,1,,pcb,0.600000,pcb,541.400492,-1750.675960
1_E_3671.jpg,1_E_3671.jpg,scraped,7,,Mobile,1.000000,Mobile,4595.327928,2371.625169
1_E_3672.jpg,1_E_3672.jpg,scraped,2,,Keyboard,0.733333,Keyboard,5993.743325,166.970234
1_E_3673.jpg,1_E_3673.jpg,scraped,1,,pcb,1.000000,pcb,2172.431433,-1684.204002
1_E_3674.jpg,1_E_3674.jpg,scraped,3,,Mobile,1.000000,Mobile,3518.341823,1472.549249
1_E_3675.jpg,1_E_3675.jpg,scraped,17,,Mouse,0.400000,,-858.301555,-1175.447481
1_E_3676.jpg,1_E_3676.jpg,scraped,7,,Television,0.866667,Television,3374.336051,2406.493936
1_E_3677.jpg,1_E_3677.jpg,scraped,1,,Printer,0.866667,Printer,-866.008915,-383.802419
1_E_3678.jpg,1_E_3678.jpg,scraped,6,,Television,1.000000,Television,-551.550743,3626.470729
1_E_3679.jpg,1_E_3679.jpg,scraped,3,,Mobile,1.000000,Mobile,4826.681819,1795.755423
1_E_3680.jpeg,1_E_3680.jpg,scraped,11,,Washing_Machine,1.000000,Washing_Machine,-5241.105083,839.114543
1_E_3681.jpg,1_E_3681.jpg,scraped,1,,pcb,1.000000,pcb,2217.136651,-2945.008439
1_E_3682.jpg,1_E_3682.jpg,scraped,1,,pcb,1.000000,pcb,2266.104121,-1474.965249
1_E_3683.jpg,1_E_3683.jpg,scraped,2,,Keyboard,1.000000,Keyboard,5970.172315,-422.793907
1_E_3684.jpg,1_E_3684.jpg,scraped,16,,Mobile,1.000000,Mobile,2654.626107,1050.015472
1_E_3686.jpg,1_E_3686.jpg,scraped,0,,pcb,1.000000,pcb,851.302165,16.469873
1_E_3687.jpg,1_E_3687.jpg,scraped,0,,pcb,0.533333,,319.565944,675.042941
1_E_3688.jpg,1_E_3688.jpg,scraped,1,,pcb,0.933333,pcb,1555.400979,-827.607378
1_E_3689.jpg,1_E_3689.jpg,scraped,1,,pcb,1.000000,pcb,2474.277357,-3877.862661
1_E_3690.jpg,1_E_3690.jpg,scraped,0,,pcb,0.600000,pcb,455.638973,365.865504
1_E_3691.jpg,1_E_3691.jpg,scraped,0,,Television,0.466667,,-482.946230,1045.999116
1_E_3692.jpg,1_E_3692.jpg,scraped,1,,pcb,1.000000,pcb,1811.028045,-1204.847783
1_E_3693.jpg,1_E_3693.jpg,scraped,0,,Television,0.800000,Television,361.845867,1009.942291
1_E_3694.jpg,1_E_3694.jpg,scraped,2,,Keyboard,0.666667,Keyboard,5718.293543,397.765414
1_E_3695.jpg,1_E_3695.jpg,scraped,0,,pcb,0.733333,pcb,377.322422,9.434611
1_E_3696.jpg,1_E_3696.jpg,scraped,0,,Printer,0.400000,,354.349900,74.726561
1_E_3697.jpg,1_E_3697.jpg,scraped,11,,Washing_Machine,0.933333,Washing_Machine,-4634.889592,175.998895
1_E_3698.jpg,1_E_3698.jpg,scraped,11,,Washing_Machine,1.000000,Washing_Machine,-4970.055481,309.447910
1_E_3699.jpg,1_E_3699.jpg,scraped,3,,Mobile,1.000000,Mobile,4958.619890,2027.878622
1_E_3700.jpg,1_E_3700.jpg,scraped,16,,Player,0.600000,Player,2471.203874,904.604867
1_E_3701.jpg,1_E_3701.jpg,scraped,1,,pcb,0.933333,pcb,1300.991406,-1130.202293
1_E_3702.jpg,1_E_3702.jpg,scraped,0,,pcb,0.600000,pcb,583.998912,-534.050961
1_E_3703.jpg,1_E_3703.jpg,scraped,0,,pcb,1.000000,pcb,929.939095,-302.108857
1_E_3704.jpg,1_E_3704.jpg,scraped,16,,Mobile,1.000000,Mobile,2691.123379,1064.203663
1_E_3705.jpeg,1_E_3705.jpg,scraped,3,,Mobile,1.000000,Mobile,4880.982174,2012.617455
1_E_3706.jpg,1_E_3706.jpg,scraped,1,,Printer,0.800000,Printer,1059.652103,-1510.761469
1_E_3707.jpg,1_E_3707.jpg,scraped,11,,Player,0.733333,Player,-3525.491342,-142.711799
1_E_3708.jpg,1_E_3708.jpg,scraped,0,,Printer,0.466667,,207.272318,19.227766
1_E_3709.jpg,1_E_3709.jpg,scraped,0,,pcb,0.800000,pcb,284.048129,148.153526
1_E_3710.jpg,1_E_3710.jpg,scraped,2,,Mobile,0.466667,,4980.729797,486.131545
1_E_3711.jpg,1_E_3711.jpg,scraped,7,,Television,1.000000,Television,3950.855861,2548.460555
1_E_3712.jpg,1_E_3712.jpg,scraped,1,,pcb,1.000000,pcb,1478.331424,-1388.373884
1_E_3713.jpg,1_E_3713.jpg,catalogue,1,pcb,,,pcb,2523.300026,-4009.609861
1_E_3714.jpg,1_E_3714.jpg,catalogue,1,pcb,,,pcb,2351.857571,-4127.226600
1_E_3715.jpg,1_E_3715.jpg,catalogue,1,pcb,,,pcb,2789.290275,-4594.371961
1_E_3716.jpg,1_E_3716.jpg,catalogue,1,pcb,,,pcb,1907.394959,-3676.233327
1_E_3717.jpg,1_E_3717.jpg,catalogue,1,pcb,,,pcb,2095.134353,-3865.618439
1_E_3718.jpg,1_E_3718.jpg,catalogue,1,pcb,,,pcb,2101.621473,-3627.164250
1_E_3719.jpg,1_E_3719.jpg,catalogue,1,pcb,,,pcb,2357.481416,-4234.054674
1_E_3720.jpg,1_E_3720.jpg,catalogue,1,pcb,,,pcb,2845.650911,-4584.035629
1_E_3722.jpg,1_E_3722.jpg,catalogue,1,pcb,,,pcb,2733.381047,-4576.768047
1_E_3723.jpg,1_E_3723.jpg,catalogue,1,pcb,,,pcb,2031.721406,-3131.566526
1_E_3724.jpg,1_E_3724.jpg,catalogue,1,pcb,,,pcb,2363.192745,-4429.006022
1_E_3725.jpg,1_E_3725.jpg,catalogue,1,pcb,,,pcb,2515.589785,-4399.145209
1_E_3726.jpg,1_E_3726.jpg,catalogue,1,pcb,,,pcb,2655.076584,-3794.615589
1_E_3727.jpg,1_E_3727.jpg,catalogue,1,pcb,,,pcb,2137.962649,-4044.497389
1_E_3728.jpg,1_E_3728.jpg,catalogue,1,pcb,,,pcb,1479.026814,-2383.835671
1_E_3729.jpg,1_E_3729.jpg,catalogue,1,pcb,,,pcb,2734.224921,-3914.964181
1_E_3730.jpg,1_E_3730.jpg,catalogue,1,pcb,,,pcb,2794.144669,-4330.071915
1_E_3731.jpg,1_E_3731.jpg,catalogue,1,pcb,,,pcb,2813.909484,-4507.586303
1_E_3732.jpg,1_E_3732.jpg,catalogue,1,pcb,,,pcb,1997.289824,-3524.648313
1_E_3733.jpg,1_E_3733.jpg,catalogue,1,pcb,,,pcb,1423.131065,-2556.104939
1_E_3734.jpg,1_E_3734.jpg,catalogue,1,pcb,,,pcb,1672.572582,-2711.125263
1_E_3735.jpg,1_E_3735.jpg,catalogue,1,pcb,,,pcb,2716.122699,-4493.276657
1_E_3736.jpg,1_E_3736.jpg,catalogue,1,pcb,,,pcb,2332.705093,-3396.828020
1_E_3737.jpg,1_E_3737.jpg,catalogue,1,pcb,,,pcb,2424.129474,-4541.728474
1_E_3738.jpg,1_E_3738.jpg,catalogue,1,pcb,,,pcb,2381.764518,-4585.124545
1_E_3739.jpg,1_E_3739.jpg,catalogue,1,pcb,,,pcb,2534.026253,-4585.010570
1_E_3740.jpg,1_E_3740.jpg,catalogue,1,pcb,,,pcb,1703.682685,-3717.806891
1_E_3741.jpg,1_E_3741.jpg,catalogue,1,pcb,,,pcb,2323.970128,-4564.468330
1_E_3742.jpg,1_E_3742.jpg,catalogue,1,pcb,,,pcb,2276.520526,-4411.670001
1_E_3743.jpg,1_E_3743.jpg,catalogue,1,pcb,,,pcb,2433.125741,-2674.363950
1_E_3744.jpg,1_E_3744.jpg,catalogue,1,pcb,,,pcb,2260.422340,-3788.097235
1_E_3745.jpg,1_E_3745.jpg,catalogue,1,pcb,,,pcb,2805.031086,-4620.397785
1_E_3746.jpg,1_E_3746.jpg,catalogue,1,pcb,,,pcb,2389.134899,-4524.255647
1_E_3747.jpg,1_E_3747.jpg,catalogue,1,pcb,,,pcb,2211.181588,-3959.377163
1_E_3748.jpg,1_E_3748.jpg,catalogue,1,pcb,,,pcb,2206.851747,-3998.207083
1_E_3749.jpg,1_E_3749.jpg,catalogue,1,pcb,,,pcb,2456.026471,-4188.305332
1_E_3752.jpg,1_E_3752.jpg,catalogue,1,pcb,,,pcb,2289.994367,-2669.218645
1_E_3753.jpg,1_E_3753.jpg,catalogue,1,pcb,,,pcb,1770.615256,-3007.662716
1_E_3754.jpg,1_E_3754.jpg,catalogue,1,pcb,,,pcb,512.333879,-3027.787573
1_E_3755.jpg,1_E_3755.jpg,catalogue,1,pcb,,,pcb,2338.562816,-4000.131007
1_E_3756.jpg,1_E_3756.jpg,catalogue,1,pcb,,,pcb,2770.054766,-4478.176753
1_E_3757.jpg,1_E_3757.jpg,catalogue,1,pcb,,,pcb,2439.697034,-4459.492571
1_E_3758.jpg,1_E_3758.jpg,catalogue,1,pcb,,,pcb,2496.551791,-3701.338708
1_E_3760.jpg,1_E_3760.jpg,catalogue,1,pcb,,,pcb,2521.644291,-3948.186883
1_E_3762.jpg,1_E_3762.jpg,catalogue,1,pcb,,,pcb,2486.545680,-3569.599337
1_E_3763.jpg,1_E_3763.jpg,catalogue,1,pcb,,,pcb,2402.149584,-4559.074081
1_E_3764.jpg,1_E_3764.jpg,catalogue,1,pcb,,,pcb,2776.910312,-4507.896100
1_E_3765.jpg,1_E_3765.jpg,catalogue,17,pcb,,,pcb,676.364188,-1627.198797
1_E_3766.jpg,1_E_3766.jpg,catalogue,1,pcb,,,pcb,2315.907361,-4510.222609
1_E_3768.jpg,1_E_3768.jpg,catalogue,1,pcb,,,pcb,1991.127841,-3219.037829
1_E_3769.jpg,1_E_3769.jpg,catalogue,1,pcb,,,pcb,2040.988733,-4138.317424
1_E_3770.jpg,1_E_3770.jpg,catalogue,1,pcb,,,pcb,2298.362101,-4191.781472
1_E_3771.jpg,1_E_3771.jpg,catalogue,1,pcb,,,pcb,2162.902280,-4459.232239
1_E_3772.jpg,1_E_3772.jpg,catalogue,1,pcb,,,pcb,2061.484979,-4311.269990
1_E_3773.jpg,1_E_3773.jpg,catalogue,1,pcb,,,pcb,2603.687779,-3855.970563
1_E_3774.jpg,1_E_3774.jpg,catalogue,1,pcb,,,pcb,2381.490554,-4037.020036
1_E_3775.jpg,1_E_3775.jpg,catalogue,1,pcb,,,pcb,2188.623805,-3224.521106
1_E_3776.jpg,1_E_3776.jpg,catalogue,1,pcb,,,pcb,2211.546398,-3809.523360
1_E_3777.jpg,1_E_3777.jpg,catalogue,1,pcb,,,pcb,1229.467942,-1837.467830
1_E_3778.jpg,1_E_3778.jpg,catalogue,1,pcb,,,pcb,2520.182182,-4162.748084
1_E_3779.jpg,1_E_3779.jpg,catalogue,1,pcb,,,pcb,2587.293394,-4071.180469
1_E_3780.jpg,1_E_3780.jpg,catalogue,1,pcb,,,pcb,2125.761384,-4317.472031
1_E_3781.jpg,1_E_3781.jpg,catalogue,1,pcb,,,pcb,2202.312009,-3524.721627
1_E_3782.jpg,1_E_3782.jpg,catalogue,1,pcb,,,pcb,2630.843752,-4286.820117
1_E_3783.jpg,1_E_3783.jpg,catalogue,1,pcb,,,pcb,2637.097659,-4064.299491
1_E_3784.jpg,1_E_3784.jpg,catalogue,1,pcb,,,pcb,2679.952618,-3956.477628
1_E_3785.jpg,1_E_3785.jpg,catalogue,1,pcb,,,pcb,2060.061685,-3898.746105
1_E_3786.jpg,1_E_3786.jpg,catalogue,1,pcb,,,pcb,2291.547737,-3770.737842
1_E_3787.jpg,1_E_3787.jpg,catalogue,1,pcb,,,pcb,1571.348077,-3238.955728
1_E_3788.jpg,1_E_3788.jpg,catalogue,1,pcb,,,pcb,1590.923789,-1820.259980
1_E_3789.jpg,1_E_3789.jpg,catalogue,1,pcb,,,pcb,2716.444565,-3991.070279
1_E_3790.jpg,1_E_3790.jpg,catalogue,1,pcb,,,pcb,2491.635588,-3930.401024
1_E_3791.jpg,1_E_3791.jpg,catalogue,1,pcb,,,pcb,2646.812958,-3839.190715
1_E_3792.jpg,1_E_3792.jpg,catalogue,1,pcb,,,pcb,1947.972943,-2663.575239
1_E_3793.jpg,1_E_3793.jpg,catalogue,1,pcb,,,pcb,2270.382577,-4464.370689
1_E_3794.jpg,1_E_3794.jpg,catalogue,1,pcb,,,pcb,2407.707371,-4097.704747
1_E_3795.jpg,1_E_3795.jpg,catalogue,1,pcb,,,pcb,2444.885662,-4068.666095
1_E_3796.jpg,1_E_3796.jpg,catalogue,1,pcb,,,pcb,2340.847333,-3933.175562
1_E_3797.jpg,1_E_3797.jpg,catalogue,1,pcb,,,pcb,2001.681591,-4115.331019
1_E_3798.jpg,1_E_3798.jpg,catalogue,1,pcb,,,pcb,1153.997094,-1976.179845
1_E_3799.jpg,1_E_3799.jpg,catalogue,1,pcb,,,pcb,2381.109326,-4483.150833
1_E_3801.jpg,1_E_3801.jpg,catalogue,1,pcb,,,pcb,2223.371927,-3921.000937
1_E_3802.jpg,1_E_3802.jpg,catalogue,1,pcb,,,pcb,2121.211007,-3796.307441
1_E_3803.jpg,1_E_3803.jpg,catalogue,1,pcb,,,pcb,2232.919368,-4400.098959
1_E_3804.jpg,1_E_3804.jpg,catalogue,1,pcb,,,pcb,1789.412186,-3623.563290
1_E_3805.jpg,1_E_3805.jpg,catalogue,1,pcb,,,pcb,2016.147946,-4044.244928
1_E_3806.jpg,1_E_3806.jpg,catalogue,1,pcb,,,pcb,2569.723379,-3859.039484
1_E_3807.jpg,1_E_3807.jpg,catalogue,1,pcb,,,pcb,2342.234768,-3803.144728
1_E_3808.jpg,1_E_3808.jpg,catalogue,1,pcb,,,pcb,2027.078793,-4299.237716
1_E_3809.jpg,1_E_3809.jpg,catalogue,1,pcb,,,pcb,2068.652767,-3216.192116
1_E_3810.jpg,1_E_3810.jpg,catalogue,1,pcb,,,pcb,1920.807056,-3833.135906
1_E_3811.jpg,1_E_3811.jpg,catalogue,1,pcb,,,pcb,1997.937528,-3684.725863
1_E_3812.jpg,1_E_3812.jpg,catalogue,1,pcb,,,pcb,2049.420755,-3708.583463
1_E_3813.jpg,1_E_3813.jpg,catalogue,1,pcb,,,pcb,2158.588262,-4281.039804
1_E_3814.jpg,1_E_3814.jpg,catalogue,1,pcb,,,pcb,2050.928648,-3800.335398
1_E_3816.jpg,1_E_3816.jpg,catalogue,1,pcb,,,pcb,2311.093024,-3889.590267
1_E_3817.jpg,1_E_3817.jpg,catalogue,1,pcb,,,pcb,2078.704481,-3653.604257
1_E_3818.jpg,1_E_3818.jpg,catalogue,1,pcb,,,pcb,2154.283684,-4306.488434
1_E_3819.jpg,1_E_3819.jpg,catalogue,1,pcb,,,pcb,2277.729686,-3970.851079
1_E_3820.jpg,1_E_3820.jpg,catalogue,1,pcb,,,pcb,2483.377546,-3382.180752
1_E_3821.jpg,1_E_3821.jpg,catalogue,1,pcb,,,pcb,1855.923554,-3758.551417
1_E_3822.jpg,1_E_3822.jpg,catalogue,1,pcb,,,pcb,2201.751983,-4131.290460
1_E_3823.jpg,1_E_3823.jpg,catalogue,1,pcb,,,pcb,2123.678710,-2688.871275
1_E_3824.jpg,1_E_3824.jpg,catalogue,1,pcb,,,pcb,2088.735403,-4160.237780
1_E_3825.jpg,1_E_3825.jpg,catalogue,1,pcb,,,pcb,2230.115988,-3608.387388
1_E_3826.jpg,1_E_3826.jpg,catalogue,1,pcb,,,pcb,1749.133659,-2740.664312
1_E_3827.jpg,1_E_3827.jpg,catalogue,1,pcb,,,pcb,1793.091164,-2565.695178
1_E_3828.jpg,1_E_3828.jpg,catalogue,1,pcb,,,pcb,2234.023689,-3700.288866
1_E_3829.jpg,1_E_3829.jpg,catalogue,1,pcb,,,pcb,2292.167690,-4632.902986
1_E_3830.jpg,1_E_3830.jpg,catalogue,1,pcb,,,pcb,1890.272884,-3706.749445
1_E_3831.jpg,1_E_3831.jpg,catalogue,1,pcb,,,pcb,2150.656781,-4102.663416
1_E_3832.jpg,1_E_3832.jpg,catalogue,1,pcb,,,pcb,2393.116879,-3937.903677
1_E_3833.jpg,1_E_3833.jpg,catalogue,1,pcb,,,pcb,2185.882720,-3639.907167
1_E_3834.jpg,1_E_3834.jpg,catalogue,1,pcb,,,pcb,2185.572742,-3873.713467
1_E_3835.jpg,1_E_3835.jpg,catalogue,1,pcb,,,pcb,1930.527700,-3970.749723
1_E_3836.jpg,1_E_3836.jpg,catalogue,1,pcb,,,pcb,1862.021424,-3648.739016
1_E_3837.jpg,1_E_3837.jpg,catalogue,1,pcb,,,pcb,1951.795009,-3730.867189
1_E_3838.jpg,1_E_3838.jpg,catalogue,1,pcb,,,pcb,2213.705374,-4188.844433
1_E_3839.jpg,1_E_3839.jpg,catalogue,1,pcb,,,pcb,1965.650640,-4073.247962
1_E_3840.jpg,1_E_3840.jpg,catalogue,1,pcb,,,pcb,1949.703295,-3858.497437
1_E_3841.jpg,1_E_3841.jpg,catalogue,1,pcb,,,pcb,1903.336465,-3745.466991
1_E_3842.jpg,1_E_3842.jpg,catalogue,1,pcb,,,pcb,1946.893422,-2724.238462
1_E_3843.jpg,1_E_3843.jpg,catalogue,1,pcb,,,pcb,2203.176465,-4096.007918
1_E_3844.jpg,1_E_3844.jpg,catalogue,1,pcb,,,pcb,2080.873500,-3945.497586
1_E_3845.jpg,1_E_3845.jpg,catalogue,1,pcb,,,pcb,2134.372296,-3553.713797
1_E_3846.jpg,1_E_3846.jpg,catalogue,1,pcb,,,pcb,1690.583721,-3186.593018
1_E_3847.jpg,1_E_3847.jpg,catalogue,1,pcb,,,pcb,2313.409668,-4478.968746
1_E_3848.jpg,1_E_3848.jpg,catalogue,1,pcb,,,pcb,2524.386632,-3796.125625
1_E_3849.jpg,1_E_3849.jpg,catalogue,1,pcb,,,pcb,2099.466276,-3738.542671
1_E_3850.jpg,1_E_3850.jpg,catalogue,0,pcb,,,pcb,349.030392,-572.204478
1_E_3851.jpg,1_E_3851.jpg,catalogue,1,pcb,,,pcb,1908.055195,-3545.983119
1_E_3852.jpg,1_E_3852.jpg,catalogue,1,pcb,,,pcb,2407.574381,-4059.843279
1_E_3853.jpg,1_E_3853.jpg,catalogue,1,pcb,,,pcb,2158.962056,-4178.338050
1_E_3854.jpg,1_E_3854.jpg,catalogue,1,pcb,,,pcb,1923.538409,-3716.591475
1_E_3855.jpg,1_E_3855.jpg,catalogue,1,pcb,,,pcb,2030.416944,-3999.951017
1_E_3856.jpg,1_E_3856.jpg,catalogue,1,pcb,,,pcb,1833.898875,-2667.899786
1_E_3857.jpg,1_E_3857.jpg,catalogue,1,pcb,,,pcb,2087.266354,-3504.085171
1_E_3858.jpg,1_E_3858.jpg,catalogue,1,pcb,,,pcb,2427.876294,-3991.161532
1_E_3859.jpg,1_E_3859.jpg,catalogue,1,pcb,,,pcb,2123.087140,-3965.638151
1_E_3860.jpg,1_E_3860.jpg,catalogue,1,pcb,,,pcb,2599.093961,-3610.473697
1_E_3861.jpg,1_E_3861.jpg,catalogue,1,pcb,,,pcb,1973.828843,-3628.463885
1_E_3862.jpg,1_E_3862.jpg,catalogue,1,pcb,,,pcb,2512.139564,-4054.336676
1_E_3863.jpg,1_E_3863.jpg,catalogue,1,pcb,,,pcb,2276.197832,-4500.934634
1_E_3864.jpg,1_E_3864.jpg,catalogue,1,pcb,,,pcb,2111.590569,-4017.530641
1_E_3865.jpg,1_E_3865.jpg,catalogue,1,pcb,,,pcb,1767.152295,-2115.737370
1_E_3866.jpg,1_E_3866.jpg,catalogue,1,pcb,,,pcb,1979.934615,-3778.167521
1_E_3867.jpg,1_E_3867.jpg,catalogue,1,pcb,,,pcb,2213.528960,-4442.110836
1_E_3868.jpg,1_E_3868.jpg,catalogue,1,pcb,,,pcb,1835.884500,-2930.821322
1_E_3869.jpg,1_E_3869.jpg,catalogue,1,pcb,,,pcb,2419.186964,-4258.450210
1_E_3870.jpg,1_E_3870.jpg,catalogue,1,pcb,,,pcb,2263.808851,-4015.866018
1_E_3872.jpg,1_E_3872.jpg,catalogue,1,pcb,,,pcb,2376.284024,-3861.309670
1_E_3873.jpg,1_E_3873.jpg,catalogue,1,pcb,,,pcb,2210.015372,-4482.403481
1_E_3874.jpg,1_E_3874.jpg,catalogue,1,pcb,,,pcb,2284.937696,-4091.389155
1_E_3875.jpg,1_E_3875.jpg,catalogue,1,pcb,,,pcb,1971.265315,-3938.406739
1_E_3876.jpg,1_E_3876.jpg,catalogue,1,pcb,,,pcb,2216.541303,-4556.052275
1_E_3877.jpg,1_E_3877.jpg,catalogue,1,pcb,,,pcb,2246.353811,-4053.638957
1_E_3878.jpg,1_E_3878.jpg,catalogue,1,pcb,,,pcb,2103.139711,-4314.193266
1_E_3879.jpg,1_E_3879.jpg,catalogue,1,pcb,,,pcb,2840.225352,-4613.172696
1_E_3880.jpg,1_E_3880.jpg,catalogue,1,pcb,,,pcb,2047.285572,-2935.476469
1_E_3881.jpg,1_E_3881.jpg,catalogue,1,pcb,,,pcb,2031.254747,-2662.145109
1_E_3882.jpg,1_E_3882.jpg,catalogue,1,pcb,,,pcb,2024.294642,-3756.360293
1_E_3883.jpg,1_E_3883.jpg,catalogue,1,pcb,,,pcb,2063.891441,-4338.773800
1_E_3884.jpg,1_E_3884.jpg,catalogue,1,pcb,,,pcb,2712.616354,-3855.607701
1_E_3885.jpg,1_E_3885.jpg,catalogue,1,pcb,,,pcb,2747.326465,-4445.302500
1_E_3886.jpg,1_E_3886.jpg,catalogue,1,pcb,,,pcb,2228.282614,-3742.383181
1_E_3887.jpg,1_E_3887.jpg,catalogue,1,pcb,,,pcb,2687.786782,-3898.585747
1_E_3888.jpg,1_E_3888.jpg,catalogue,1,pcb,,,pcb,2212.842933,-4309.964032
1_E_3889.jpg,1_E_3889.jpg,catalogue,1,pcb,,,pcb,1508.123488,-1905.031678
1_E_3890.jpg,1_E_3890.jpg,catalogue,1,pcb,,,pcb,1906.143947,-3084.757125
1_E_3891.jpg,1_E_3891.jpg,catalogue,1,pcb,,,pcb,2812.406452,-4552.545990
1_E_3892.jpg,1_E_3892.jpg,catalogue,1,pcb,,,pcb,2386.101935,-3517.147931
1_E_3893.jpg,1_E_3893.jpg,catalogue,1,pcb,,,pcb,2750.511836,-4069.866613
1_E_3894.jpg,1_E_3894.jpg,catalogue,1,pcb,,,pcb,2632.974855,-3985.259521
1_E_3895.jpg,1_E_3895.jpg,catalogue,1,pcb,,,pcb,2837.714633,-4549.070947
1_E_3896.jpg,1_E_3896.jpg,catalogue,1,pcb,,,pcb,1251.126702,-1129.966533
1_E_3897.jpg,1_E_3897.jpg,catalogue,1,pcb,,,pcb,2457.710464,-4038.173028
1_E_3898.jpg,1_E_3898.jpg,catalogue,1,pcb,,,pcb,2820.723869,-4472.322823
1_E_3900.jpg,1_E_3900.jpg,catalogue,1,pcb,,,pcb,2758.933906,-4551.728863
1_E_3901.jpg,1_E_3901.jpg,catalogue,1,pcb,,,pcb,2669.489320,-3874.348333
1_E_3902.jpg,1_E_3902.jpg,catalogue,1,pcb,,,pcb,2470.623759,-4222.933320
1_E_3903.jpg,1_E_3903.jpg,catalogue,1,pcb,,,pcb,2146.153456,-4360.353239
1_E_3904.jpg,1_E_3904.jpg,catalogue,1,pcb,,,pcb,2768.409813,-4165.729274
1_E_3906.jpg,1_E_3906.jpg,catalogue,1,pcb,,,pcb,2292.492398,-3829.419397
1_E_3907.jpg,1_E_3907.jpg,catalogue,1,pcb,,,pcb,2713.158460,-4524.027081
1_E_3908.jpg,1_E_3908.jpg,catalogue,1,pcb,,,pcb,2107.955315,-4081.151456
1_E_3909.jpg,1_E_3909.jpg,catalogue,1,pcb,,,pcb,2273.223386,-3280.306548
1_E_3910.jpg,1_E_3910.jpg,catalogue,1,pcb,,,pcb,2752.576546,-3895.201804
1_E_3911.jpg,1_E_3911.jpg,catalogue,1,pcb,,,pcb,2165.900132,-3723.718301
1_E_3912.jpg,1_E_3912.jpg,catalogue,1,pcb,,,pcb,2339.894804,-4045.596557
1_E_3913.jpg,1_E_3913.jpg,catalogue,1,pcb,,,pcb,2114.696905,-3897.857955
1_E_3914.jpg,1_E_3914.jpg,catalogue,1,pcb,,,pcb,2280.784343,-3051.400594
1_E_3915.jpg,1_E_3915.jpg,catalogue,1,pcb,,,pcb,2530.167616,-4268.194650
1_E_3916.jpg,1_E_3916.jpg,catalogue,1,pcb,,,pcb,2012.355939,-3974.327091
1_E_3917.jpg,1_E_3917.jpg,catalogue,1,pcb,,,pcb,2350.669252,-4648.500141
1_E_3918.jpg,1_E_3918.jpg,catalogue,1,pcb,,,pcb,2525.351875,-3651.864435
1_E_3919.jpg,1_E_3919.jpg,catalogue,1,pcb,,,pcb,2327.007649,-4408.790295
1_E_3920.jpg,1_E_3920.jpg,catalogue,1,pcb,,,pcb,2446.395698,-4577.052365
1_E_3921.jpg,1_E_3921.jpg,catalogue,1,pcb,,,pcb,1948.916516,-3813.238808
1_E_3922.jpg,1_E_3922.jpg,catalogue,1,pcb,,,pcb,2526.780778,-3489.698388
1_E_3923.jpg,1_E_3923.jpg,catalogue,1,pcb,,,pcb,2499.127590,-4215.836499
1_E_3924.jpg,1_E_3924.jpg,catalogue,1,pcb,,,pcb,2765.895320,-4622.442920
1_E_3925.jpg,1_E_3925.jpg,catalogue,1,pcb,,,pcb,2418.855535,-4613.789235
1_E_3926.jpg,1_E_3926.jpg,catalogue,1,pcb,,,pcb,2285.188978,-3700.161537
1_E_3927.jpg,1_E_3927.jpg,catalogue,1,pcb,,,pcb,2555.397112,-4365.260746
1_E_3928.jpg,1_E_3928.jpg,catalogue,1,pcb,,,pcb,2625.931293,-3909.275452
1_E_3929.jpg,1_E_3929.jpg,catalogue,1,pcb,,,pcb,2678.338174,-4238.776744
1_E_3930.jpg,1_E_3930.jpg,catalogue,1,pcb,,,pcb,2370.011091,-3998.906294
1_E_3932.jpg,1_E_3932.jpg,catalogue,1,pcb,,,pcb,2012.040508,-3883.787237
1_E_3933.jpg,1_E_3933.jpg,catalogue,1,pcb,,,pcb,2150.807279,-3455.648216
1_E_3934.jpg,1_E_3934.jpg,catalogue,1,pcb,,,pcb,2710.311656,-4016.865118
1_E_3935.jpg,1_E_3935.jpg,catalogue,1,pcb,,,pcb,2661.057122,-4175.969822
1_E_3937.jpg,1_E_3937.jpg,catalogue,1,pcb,,,pcb,2467.310195,-4108.288211
1_E_3938.jpg,1_E_3938.jpg,catalogue,1,pcb,,,pcb,2643.262663,-3668.945828
1_E_3939.jpg,1_E_3939.jpg,catalogue,1,pcb,,,pcb,2694.582260,-3776.737828
1_E_3940.jpg,1_E_3940.jpg,catalogue,1,pcb,,,pcb,2442.955964,-3943.757242
1_E_3941.jpg,1_E_3941.jpg,catalogue,1,pcb,,,pcb,1937.042528,-3595.440835
1_E_3942.jpg,1_E_3942.jpg,catalogue,1,pcb,,,pcb,2589.408793,-4196.226452
1_E_3943.jpg,1_E_3943.jpg,scraped,1,,pcb,1.000000,pcb,2383.222659,-3893.291023
1_E_3944.jpg,1_E_3944.jpg,scraped,0,,pcb,0.533333,,1181.674245,274.168934
1_E_3945.jpg,1_E_3945.jpg,scraped,0,,pcb,0.666667,pcb,84.510205,229.471697
1_E_3946.jpg,1_E_3946.jpg,scraped,0,,Player,0.266667,,-1514.912052,-968.355132
1_E_3947.jpg,1_E_3947.jpg,scraped,11,,Washing_Machine,0.666667,Washing_Machine,-3096.693237,-130.820370
1_E_3948.jpg,1_E_3948.jpg,scraped,7,,Television,1.000000,Television,3207.987870,3002.378070
1_E_3949.jpg,1_E_3949.jpg,scraped,1,,pcb,1.000000,pcb,1838.351863,-1826.402686
1_E_3950.jpg,1_E_3950.jpg,scraped,0,,Keyboard,0.400000,,1231.656592,-68.134018
1_E_3951.jpg,1_E_3951.jpg,scraped,0,,pcb,0.400000,,-301.947214,-474.574845
1_E_3952.jpg,1_E_3952.jpg,scraped,1,,pcb,1.000000,pcb,2206.632221,-3388.206308
1_E_3953.jpg,1_E_3953.jpg,scraped,1,,pcb,1.000000,pcb,2315.644423,-3639.008146
1_E_3954.jpg,1_E_3954.jpg,scraped,1,,pcb,1.000000,pcb,2305.518574,-3564.430208
1_E_3955.jpeg,1_E_3955.jpg,scraped,0,,pcb,1.000000,pcb,552.114972,-495.690856
1_E_3956.jpg,1_E_3956.jpg,scraped,2,,Mobile,0.866667,Mobile,6691.349459,258.058293
1_E_3957.jpg,1_E_3957.jpg,scraped,1,,pcb,1.000000,pcb,1617.334216,-2753.964341
1_E_3958.jpg,1_E_3958.jpg,scraped,1,,pcb,1.000000,pcb,2108.917883,-2613.893389
1_E_3959.jpg,1_E_3959.jpg,scraped,0,,battery,0.666667,battery,-480.842806,-131.636144
1_E_3960.jpeg,1_E_3960.jpg,scraped,0,,pcb,0.466667,,322.915003,591.165613
1_E_3961.jpg,1_E_3961.jpg,scraped,1,,pcb,1.000000,pcb,2135.192624,-2829.012116
